nParts,k,frameMs,editMs,gpuMs
20000,1,1.576,0.063,0.145
20000,1,1.737,0.075,0.142
20000,1,1.528,0.065,0.146
20000,1,1.460,0.069,0.142
20000,1,1.483,0.070,0.143
20000,1,1.458,0.074,0.143
20000,1,1.542,0.065,0.144
20000,1,1.371,0.062,0.138
20000,1,1.503,0.061,0.145
20000,1,1.451,0.062,0.138
20000,1,1.551,0.062,0.143
20000,1,1.454,0.062,0.145
20000,1,1.307,0.065,0.138
20000,1,1.433,0.070,0.143
20000,1,1.311,0.061,0.139
20000,1,1.381,0.061,0.139
20000,1,1.387,0.066,0.138
20000,1,1.400,0.073,0.138
20000,1,1.379,0.073,0.138
20000,1,1.431,0.074,0.139
20000,1,1.241,0.065,0.139
20000,1,1.233,0.061,0.139
20000,1,1.434,0.063,0.139
20000,1,1.324,0.062,0.138
20000,1,1.524,0.062,0.144
20000,1,1.733,0.062,0.149
20000,1,1.453,0.062,0.138
20000,1,1.220,0.062,0.139
20000,1,1.337,0.067,0.139
20000,1,1.282,0.067,0.139
20000,1,1.268,0.065,0.138
20000,1,1.430,0.072,0.139
20000,1,1.424,0.068,0.138
20000,1,3.247,0.066,0.146
20000,1,1.219,0.072,0.139
20000,1,1.555,0.065,0.143
20000,1,1.476,0.061,0.140
20000,1,1.341,0.061,0.139
20000,1,1.315,0.065,0.139
20000,1,1.346,0.061,0.139
20000,1,1.318,0.061,0.139
20000,1,1.231,0.064,0.139
20000,1,1.583,0.061,0.143
20000,1,1.519,0.062,0.142
20000,1,1.574,0.066,0.142
20000,1,1.518,0.066,0.144
20000,1,1.652,0.063,0.144
20000,1,1.481,0.064,0.142
20000,1,1.526,0.064,0.142
20000,1,1.583,0.064,0.142
20000,1,1.485,0.072,0.145
20000,1,1.509,0.066,0.142
20000,1,1.541,0.073,0.144
20000,1,4.901,0.065,0.144
20000,1,1.755,0.075,0.145
20000,1,3.689,0.065,0.144
20000,1,1.570,0.066,0.142
20000,1,1.585,0.068,0.144
20000,1,1.572,0.064,0.142
20000,1,1.521,0.064,0.145
20000,1,3.430,0.066,0.144
20000,1,1.259,0.062,0.138
20000,1,1.505,0.066,0.145
20000,1,1.418,0.063,0.139
20000,1,1.337,0.061,0.139
20000,1,1.312,0.062,0.138
20000,1,1.186,0.062,0.139
20000,1,0.996,0.066,0.138
20000,1,1.118,0.062,0.139
20000,1,1.170,0.065,0.139
20000,1,1.224,0.070,0.139
20000,1,1.231,0.068,0.139
20000,1,1.285,0.062,0.138
20000,1,1.153,0.062,0.139
20000,1,1.389,0.063,0.139
20000,1,1.233,0.063,0.139
20000,1,1.307,0.062,0.138
20000,1,1.386,0.064,0.139
20000,1,1.393,0.062,0.139
20000,1,1.349,0.064,0.139
20000,1,1.522,0.062,0.139
20000,1,1.556,0.063,0.142
20000,1,1.281,0.062,0.139
20000,1,1.218,0.063,0.139
20000,1,1.463,0.062,0.139
20000,1,1.410,0.061,0.139
20000,1,1.569,0.064,0.142
20000,1,1.521,0.063,0.142
20000,1,1.443,0.062,0.139
20000,1,1.271,0.063,0.139
20000,1,1.254,0.061,0.139
20000,1,1.071,0.061,0.138
20000,1,1.039,0.061,0.138
20000,1,28.181,0.062,0.143
20000,1,1.573,0.096,0.143
20000,1,1.232,0.062,0.139
20000,1,1.156,0.062,0.138
20000,1,1.512,0.066,0.139
20000,1,1.483,0.064,0.143
20000,1,1.334,0.062,0.139
20000,1,1.274,0.066,0.139
20000,1,1.186,0.064,0.139
20000,1,1.315,0.062,0.138
20000,1,1.277,0.062,0.139
20000,1,1.327,0.064,0.139
20000,1,1.276,0.062,0.139
20000,1,1.477,0.065,0.144
20000,1,1.181,0.063,0.138
20000,1,1.273,0.066,0.138
20000,1,1.185,0.071,0.139
20000,1,2.052,0.843,0.139
20000,1,1.233,0.066,0.139
20000,1,1.150,0.072,0.139
20000,1,1.320,0.070,0.139
20000,1,1.431,0.065,0.139
20000,1,1.188,0.063,0.138
20000,1,1.105,0.061,0.139
20000,1,1.182,0.065,0.139
20000,1,1.278,0.067,0.138
20000,1,1.374,0.064,0.139
20000,1,1.338,0.061,0.138
20000,1,1.264,0.060,0.139
20000,1,1.011,0.061,0.138
20000,1,1.011,0.063,0.138
20000,1,1.309,0.061,0.139
20000,1,1.215,0.064,0.138
20000,1,1.421,0.062,0.138
20000,1,1.499,0.061,0.144
20000,1,1.461,0.067,0.142
20000,1,1.525,0.065,0.145
20000,1,1.348,0.062,0.139
20000,1,1.381,0.062,0.139
20000,1,1.302,0.064,0.139
20000,1,1.218,0.062,0.139
20000,1,1.426,0.062,0.138
20000,1,1.586,0.073,0.142
20000,1,1.381,0.063,0.139
20000,1,1.364,0.061,0.139
20000,1,1.536,0.062,0.145
20000,1,1.489,0.067,0.144
20000,1,1.488,0.062,0.145
20000,1,1.710,0.061,0.144
20000,1,1.555,0.067,0.143
20000,1,1.651,0.069,0.144
20000,1,1.520,0.066,0.144
20000,1,1.487,0.065,0.145
20000,1,1.539,0.070,0.142
20000,1,1.374,0.067,0.139
20000,1,1.512,0.066,0.144
20000,1,1.581,0.077,0.145
20000,1,1.466,0.072,0.143
20000,1,1.341,0.070,0.139
20000,1,1.420,0.065,0.139
20000,1,4.804,0.082,0.143
20000,1,1.679,0.073,0.144
20000,1,1.601,0.069,0.142
20000,1,1.749,0.073,0.143
20000,1,3.791,0.078,0.142
20000,1,1.606,0.082,0.145
20000,1,1.449,0.070,0.143
20000,1,1.248,0.069,0.139
20000,1,1.107,0.062,0.139
20000,1,1.308,0.067,0.140
20000,1,1.255,0.068,0.138
20000,1,1.269,0.064,0.138
20000,1,1.055,0.060,0.139
20000,1,1.250,0.061,0.138
20000,1,1.239,0.066,0.139
20000,1,1.144,0.066,0.139
20000,1,1.076,0.070,0.139
20000,1,1.364,0.068,0.139
20000,1,1.237,0.066,0.139
20000,1,1.133,0.065,0.139
20000,1,1.257,0.063,0.139
20000,1,1.220,0.064,0.139
20000,1,1.232,0.062,0.139
20000,1,1.322,0.065,0.138
20000,1,1.240,0.065,0.139
20000,1,1.223,0.063,0.139
20000,1,1.261,0.064,0.138
20000,1,1.158,0.065,0.139
20000,1,1.168,0.061,0.138
20000,1,1.114,0.069,0.139
20000,1,1.339,0.069,0.138
20000,1,1.272,0.069,0.138
20000,1,1.232,0.066,0.138
20000,1,1.181,0.066,0.138
20000,1,1.234,0.067,0.138
20000,1,1.044,0.064,0.139
20000,1,1.124,0.063,0.138
20000,1,1.074,0.062,0.139
20000,1,1.001,0.061,0.139
20000,1,1.247,0.066,0.139
20000,1,1.091,0.070,0.139
20000,1,1.313,0.067,0.139
20000,1,0.993,0.065,0.139
20000,1,0.984,0.069,0.139
20000,1,1.000,0.066,0.138
20000,1,1.158,0.065,0.139
20000,1,1.232,0.062,0.138
20000,1,1.540,0.066,0.142
20000,1,1.376,0.062,0.138
20000,1,1.312,0.065,0.138
20000,1,1.276,0.064,0.139
20000,1,1.194,0.067,0.139
20000,1,1.041,0.062,0.139
20000,1,1.178,0.064,0.139
20000,1,1.240,0.061,0.139
20000,1,1.294,0.061,0.138
20000,1,1.414,0.062,0.139
20000,1,1.199,0.062,0.139
20000,1,1.203,0.062,0.138
20000,1,1.397,0.064,0.138
20000,1,1.385,0.062,0.138
20000,1,1.427,0.067,0.139
20000,1,1.500,0.067,0.142
20000,1,1.473,0.065,0.145
20000,1,1.188,0.064,0.139
20000,1,1.460,0.069,0.144
20000,1,1.422,0.073,0.141
20000,1,1.432,0.080,0.139
20000,1,1.529,0.077,0.143
20000,1,1.212,0.066,0.139
20000,1,1.304,0.060,0.138
20000,1,1.401,0.063,0.139
20000,1,1.252,0.065,0.139
20000,1,1.376,0.069,0.139
20000,1,1.493,0.065,0.145
20000,1,4.166,0.065,0.143
20000,1,1.557,0.069,0.142
20000,1,1.325,0.064,0.139
20000,1,1.426,0.071,0.139
20000,1,1.445,0.073,0.141
20000,1,1.397,0.066,0.139
20000,1,1.431,0.065,0.141
20000,1,1.407,0.067,0.139
20000,1,1.540,0.066,0.146
20000,1,1.404,0.062,0.138
20000,1,1.587,0.074,0.145
20000,1,1.689,0.073,0.145
20000,1,1.501,0.068,0.142
20000,1,1.551,0.064,0.145
20000,1,1.450,0.077,0.145
20000,1,1.392,0.070,0.138
20000,1,1.331,0.069,0.138
20000,1,1.198,0.064,0.139
20000,1,1.247,0.066,0.139
20000,1,1.322,0.067,0.139
20000,1,1.121,0.066,0.139
20000,1,1.361,0.065,0.139
20000,1,1.577,0.092,0.143
20000,1,1.402,0.081,0.139
20000,1,1.393,0.079,0.139
20000,1,1.193,0.074,0.138
20000,1,4.141,0.075,0.138
20000,1,1.498,0.082,0.143
20000,1,1.362,0.074,0.138
20000,1,3.459,0.073,0.145
20000,1,1.405,0.084,0.139
20000,1,1.263,0.078,0.138
20000,1,1.272,0.076,0.139
20000,1,1.130,0.074,0.139
20000,1,7.586,0.072,0.144
20000,1,1.419,0.085,0.139
20000,1,1.267,0.067,0.139
20000,1,1.213,0.065,0.139
20000,1,1.081,0.065,0.140
20000,1,1.092,0.073,0.138
20000,1,1.198,0.071,0.138
20000,1,1.339,0.065,0.139
20000,1,1.320,0.064,0.139
20000,1,1.330,0.065,0.138
20000,1,1.406,0.068,0.139
20000,1,1.384,0.068,0.139
20000,1,1.330,0.064,0.139
20000,1,1.298,0.069,0.139
20000,1,1.391,0.067,0.139
20000,1,1.230,0.064,0.139
20000,1,1.228,0.068,0.139
20000,1,1.255,0.068,0.138
20000,1,1.249,0.065,0.138
20000,1,1.204,0.069,0.138
20000,1,1.365,0.065,0.139
20000,1,1.375,0.074,0.139
20000,1,1.333,0.069,0.139
20000,1,1.268,0.063,0.139
20000,1,1.053,0.060,0.138
20000,1,1.092,0.059,0.139
20000,1,1.106,0.060,0.139
20000,1,1.151,0.057,0.139
20000,1,1.112,0.061,0.138
20000,1,1.075,0.064,0.138
20000,1,1.126,0.060,0.139
20000,1,1.261,0.059,0.139
20000,1,1.277,0.061,0.138
20000,1,1.271,0.061,0.139
20000,1,1.204,0.060,0.139
20000,1,1.191,0.058,0.139
20000,1,1.347,0.061,0.139
20000,1,1.291,0.061,0.139
20000,2,1.065,0.067,0.139
20000,2,1.128,0.066,0.139
20000,2,1.317,0.073,0.138
20000,2,1.224,0.065,0.139
20000,2,1.015,0.067,0.139
20000,2,1.241,0.064,0.139
20000,2,1.432,0.071,0.141
20000,2,1.459,0.070,0.146
20000,2,1.531,0.073,0.145
20000,2,1.530,0.071,0.142
20000,2,1.399,0.070,0.139
20000,2,1.411,0.072,0.142
20000,2,1.349,0.070,0.139
20000,2,1.402,0.067,0.139
20000,2,6.388,0.068,0.145
20000,2,1.423,0.083,0.139
20000,2,1.700,0.079,0.145
20000,2,1.518,0.073,0.145
20000,2,1.475,0.076,0.144
20000,2,4.647,0.071,0.145
20000,2,1.498,0.077,0.143
20000,2,3.544,2.134,0.142
20000,2,1.375,0.066,0.138
20000,2,1.511,0.067,0.145
20000,2,3.621,0.069,0.143
20000,2,1.362,0.072,0.139
20000,2,1.368,0.074,0.139
20000,2,1.319,0.069,0.139
20000,2,1.318,0.068,0.138
20000,2,1.326,0.066,0.138
20000,2,1.354,0.069,0.139
20000,2,1.276,0.065,0.138
20000,2,1.309,0.070,0.140
20000,2,1.327,0.066,0.139
20000,2,1.552,0.067,0.139
20000,2,1.397,0.066,0.139
20000,2,1.512,0.066,0.141
20000,2,1.347,0.064,0.139
20000,2,1.213,0.063,0.138
20000,2,1.268,0.064,0.139
20000,2,1.112,0.066,0.138
20000,2,1.292,0.062,0.139
20000,2,1.524,0.077,0.139
20000,2,1.056,0.065,0.138
20000,2,1.119,0.072,0.138
20000,2,1.304,0.064,0.139
20000,2,1.262,0.067,0.138
20000,2,0.980,0.068,0.139
20000,2,1.455,0.069,0.139
20000,2,1.365,0.068,0.138
20000,2,1.207,0.066,0.138
20000,2,1.136,0.065,0.138
20000,2,1.274,0.065,0.139
20000,2,1.333,0.066,0.139
20000,2,1.219,0.065,0.138
20000,2,1.175,0.065,0.139
20000,2,1.220,0.062,0.139
20000,2,1.036,0.065,0.138
20000,2,1.204,0.062,0.138
20000,2,1.219,0.066,0.139
20000,2,1.100,0.064,0.139
20000,2,1.034,0.065,0.139
20000,2,1.067,0.067,0.139
20000,2,1.322,0.069,0.139
20000,2,1.104,0.066,0.140
20000,2,1.214,0.063,0.139
20000,2,1.237,0.066,0.138
20000,2,1.090,0.064,0.138
20000,2,1.286,0.065,0.138
20000,2,1.281,0.066,0.139
20000,2,0.965,0.064,0.138
20000,2,1.220,0.062,0.139
20000,2,1.179,0.066,0.139
20000,2,1.150,0.064,0.139
20000,2,1.003,0.065,0.139
20000,2,1.015,0.064,0.138
20000,2,1.144,0.070,0.139
20000,2,1.415,0.066,0.139
20000,2,1.255,0.067,0.139
20000,2,1.280,0.064,0.139
20000,2,1.526,0.066,0.138
20000,2,1.278,0.065,0.139
20000,2,1.419,0.066,0.139
20000,2,1.300,0.065,0.139
20000,2,0.944,0.065,0.138
20000,2,0.956,0.063,0.139
20000,2,0.981,0.063,0.139
20000,2,1.191,0.063,0.139
20000,2,0.992,0.063,0.139
20000,2,1.045,0.072,0.139
20000,2,1.243,0.070,0.139
20000,2,1.268,0.067,0.139
20000,2,1.326,0.074,0.139
20000,2,1.327,0.067,0.138
20000,2,1.190,0.066,0.138
20000,2,1.032,0.066,0.139
20000,2,1.075,0.063,0.139
20000,2,1.197,0.064,0.139
20000,2,1.331,0.064,0.139
20000,2,1.426,0.066,0.139
20000,2,1.370,0.067,0.140
20000,2,1.336,0.066,0.139
20000,2,1.402,0.065,0.139
20000,2,1.329,0.067,0.139
20000,2,1.318,0.063,0.139
20000,2,1.596,0.066,0.144
20000,2,1.480,0.065,0.142
20000,2,1.236,0.066,0.139
20000,2,1.396,0.066,0.139
20000,2,1.649,0.068,0.144
20000,2,1.346,0.081,0.140
20000,2,1.252,0.071,0.138
20000,2,1.335,0.069,0.138
20000,2,1.159,0.074,0.139
20000,2,1.594,0.072,0.163
20000,2,1.429,0.078,0.138
20000,2,1.450,0.070,0.139
20000,2,1.557,0.070,0.163
20000,2,1.537,0.081,0.158
20000,2,1.435,0.074,0.139
20000,2,1.345,0.077,0.139
20000,2,1.285,0.073,0.138
20000,2,4.726,0.076,0.156
20000,2,1.561,0.079,0.165
20000,2,3.457,0.070,0.143
20000,2,3.191,0.082,0.159
20000,2,3.709,0.088,0.155
20000,2,1.807,0.081,0.161
20000,2,7.958,0.074,0.155
20000,2,1.582,0.086,0.160
20000,2,1.425,0.065,0.139
20000,2,1.290,0.064,0.139
20000,2,1.223,0.067,0.139
20000,2,1.258,0.064,0.139
20000,2,1.237,0.073,0.139
20000,2,1.143,0.068,0.138
20000,2,1.291,0.067,0.139
20000,2,0.972,0.065,0.139
20000,2,1.111,0.064,0.138
20000,2,1.196,0.065,0.139
20000,2,1.001,0.070,0.138
20000,2,1.098,0.067,0.139
20000,2,1.362,0.067,0.139
20000,2,1.341,0.065,0.139
20000,2,1.126,0.065,0.139
20000,2,1.049,0.061,0.138
20000,2,1.308,0.062,0.139
20000,2,1.238,0.063,0.138
20000,2,1.033,0.067,0.138
20000,2,1.359,0.068,0.139
20000,2,1.291,0.066,0.139
20000,2,1.171,0.061,0.139
20000,2,1.255,0.065,0.139
20000,2,1.097,0.064,0.139
20000,2,1.132,0.073,0.138
20000,2,1.204,0.068,0.138
20000,2,1.418,0.066,0.138
20000,2,1.284,0.064,0.139
20000,2,1.120,0.064,0.138
20000,2,1.276,0.063,0.139
20000,2,1.302,0.067,0.138
20000,2,1.172,0.063,0.139
20000,2,1.394,0.064,0.139
20000,2,1.301,0.065,0.138
20000,2,1.314,0.065,0.139
20000,2,1.345,0.065,0.139
20000,2,1.161,0.070,0.138
20000,2,1.185,0.067,0.138
20000,2,1.297,0.069,0.138
20000,2,1.292,0.063,0.139
20000,2,1.206,0.063,0.139
20000,2,1.262,0.065,0.139
20000,2,1.142,0.063,0.139
20000,2,1.280,0.063,0.139
20000,2,1.249,0.065,0.139
20000,2,1.198,0.067,0.139
20000,2,1.329,0.063,0.138
20000,2,1.199,0.064,0.138
20000,2,1.347,0.064,0.138
20000,2,1.126,0.064,0.139
20000,2,1.150,0.062,0.139
20000,2,1.201,0.066,0.138
20000,2,1.212,0.064,0.138
20000,2,1.019,0.062,0.138
20000,2,1.196,0.064,0.138
20000,2,1.253,0.065,0.138
20000,2,1.210,0.061,0.138
20000,2,1.172,0.064,0.139
20000,2,1.191,0.063,0.138
20000,2,1.285,0.066,0.138
20000,2,1.270,0.074,0.139
20000,2,1.196,0.073,0.139
20000,2,1.228,0.070,0.139
20000,2,1.086,0.066,0.138
20000,2,1.162,0.063,0.139
20000,2,1.209,0.064,0.139
20000,2,1.163,0.064,0.139
20000,2,1.173,0.062,0.139
20000,2,1.434,0.067,0.139
20000,2,1.387,0.065,0.138
20000,2,1.338,0.066,0.139
20000,2,1.285,0.065,0.139
20000,2,1.338,0.065,0.138
20000,2,1.178,0.068,0.140
20000,2,1.093,0.066,0.139
20000,2,1.067,0.073,0.138
20000,2,1.171,0.069,0.139
20000,2,1.358,0.067,0.138
20000,2,1.347,0.065,0.139
20000,2,1.259,0.066,0.139
20000,2,1.783,0.063,0.155
20000,2,1.570,0.070,0.158
20000,2,1.653,0.071,0.162
20000,2,1.635,0.070,0.155
20000,2,1.506,0.072,0.142
20000,2,1.331,0.068,0.139
20000,2,1.234,0.074,0.139
20000,2,1.316,0.070,0.138
20000,2,1.618,0.080,0.154
20000,2,1.537,0.084,0.167
20000,2,1.703,0.081,0.157
20000,2,1.554,0.075,0.162
20000,2,4.580,0.069,0.160
20000,2,1.639,0.074,0.165
20000,2,1.361,0.069,0.139
20000,2,3.654,0.075,0.154
20000,2,1.403,0.074,0.139
20000,2,1.429,0.074,0.146
20000,2,1.557,0.074,0.165
20000,2,3.625,0.074,0.158
20000,2,1.345,0.079,0.139
20000,2,1.056,0.067,0.139
20000,2,1.148,0.064,0.138
20000,2,1.109,0.065,0.139
20000,2,1.212,0.066,0.139
20000,2,1.070,0.069,0.139
20000,2,1.413,0.071,0.139
20000,2,1.184,0.070,0.139
20000,2,0.988,0.072,0.139
20000,2,1.045,0.066,0.139
20000,2,1.070,0.067,0.138
20000,2,1.264,0.069,0.138
20000,2,5.792,0.066,0.160
20000,2,1.328,0.081,0.139
20000,2,1.266,0.066,0.139
20000,2,1.159,0.065,0.138
20000,2,1.311,0.071,0.139
20000,2,1.068,0.066,0.139
20000,2,1.066,0.073,0.139
20000,2,1.229,0.072,0.139
20000,2,1.232,0.068,0.138
20000,2,1.253,0.068,0.139
20000,2,1.336,0.100,0.139
20000,2,1.282,0.067,0.139
20000,2,1.283,0.078,0.139
20000,2,1.105,0.067,0.139
20000,2,1.139,0.066,0.139
20000,2,1.387,0.068,0.138
20000,2,1.521,0.137,0.139
20000,2,1.307,0.075,0.139
20000,2,1.012,0.073,0.139
20000,2,1.290,0.065,0.139
20000,2,1.352,0.067,0.139
20000,2,1.335,0.071,0.138
20000,2,1.397,0.068,0.138
20000,2,1.356,0.068,0.139
20000,2,1.328,0.068,0.138
20000,2,1.275,0.067,0.139
20000,2,1.224,0.066,0.139
20000,2,1.237,0.064,0.139
20000,2,1.388,0.070,0.138
20000,2,1.259,0.068,0.138
20000,2,1.230,0.073,0.139
20000,2,1.308,0.075,0.139
20000,2,1.280,0.067,0.139
20000,2,1.139,0.067,0.139
20000,2,1.282,0.067,0.138
20000,2,1.223,0.065,0.139
20000,2,1.054,0.065,0.138
20000,2,1.026,0.067,0.138
20000,2,1.252,0.068,0.138
20000,2,1.409,0.071,0.139
20000,2,1.345,0.070,0.138
20000,2,1.306,0.069,0.138
20000,2,1.292,0.068,0.139
20000,2,1.246,0.065,0.139
20000,2,1.089,0.065,0.139
20000,2,1.057,0.070,0.139
20000,2,1.003,0.079,0.138
20000,2,1.247,0.071,0.139
20000,2,1.349,0.081,0.138
20000,2,1.423,0.070,0.139
20000,2,1.532,0.066,0.138
20000,2,1.530,0.066,0.139
20000,2,1.371,0.066,0.139
20000,2,1.450,0.075,0.138
20000,2,1.656,0.077,0.158
20000,2,1.251,0.078,0.138
20000,2,1.249,0.070,0.138
20000,2,1.239,0.067,0.139
20000,3,1.262,0.072,0.139
20000,3,1.315,0.072,0.138
20000,3,1.178,0.080,0.138
20000,3,1.203,0.076,0.139
20000,3,1.152,0.078,0.139
20000,3,1.331,0.075,0.138
20000,3,1.226,0.075,0.138
20000,3,1.161,0.073,0.138
20000,3,1.319,0.072,0.139
20000,3,7.324,0.073,0.154
20000,3,1.412,0.089,0.139
20000,3,1.204,0.073,0.138
20000,3,1.204,0.072,0.138
20000,3,1.238,0.074,0.138
20000,3,1.270,0.075,0.139
20000,3,1.573,0.075,0.149
20000,3,1.590,0.074,0.158
20000,3,1.316,0.071,0.138
20000,3,1.624,0.073,0.162
20000,3,1.604,0.071,0.166
20000,3,1.302,0.073,0.138
20000,3,1.245,0.070,0.138
20000,3,1.216,0.069,0.138
20000,3,1.056,0.069,0.138
20000,3,1.156,0.070,0.138
20000,3,1.292,0.072,0.138
20000,3,1.548,0.074,0.167
20000,3,1.456,0.078,0.138
20000,3,1.589,0.081,0.161
20000,3,1.581,0.074,0.168
20000,3,1.516,0.074,0.160
20000,3,1.514,0.073,0.167
20000,3,1.427,0.075,0.137
20000,3,1.546,0.074,0.167
20000,3,1.434,0.071,0.138
20000,3,1.520,0.072,0.163
20000,3,1.404,0.072,0.138
20000,3,1.514,0.072,0.138
20000,3,1.526,0.071,0.163
20000,3,1.541,0.072,0.156
20000,3,1.587,0.072,0.167
20000,3,1.347,0.071,0.139
20000,3,1.629,0.070,0.159
20000,3,1.785,0.073,0.170
20000,3,1.597,0.074,0.166
20000,3,1.389,0.073,0.138
20000,3,1.385,0.073,0.139
20000,3,1.311,0.070,0.138
20000,3,1.503,0.076,0.164
20000,3,1.197,0.086,0.139
20000,3,1.322,0.077,0.139
20000,3,1.575,0.074,0.168
20000,3,1.612,0.074,0.168
20000,3,1.483,0.073,0.152
20000,3,1.612,0.073,0.156
20000,3,1.355,0.074,0.139
20000,3,1.677,0.072,0.167
20000,3,1.671,0.073,0.165
20000,3,1.361,0.073,0.138
20000,3,1.331,0.076,0.139
20000,3,1.242,0.077,0.138
20000,3,1.671,0.073,0.161
20000,3,1.459,0.074,0.158
20000,3,1.422,0.071,0.145
20000,3,1.585,0.074,0.158
20000,3,1.361,0.074,0.139
20000,3,1.405,0.072,0.139
20000,3,1.404,0.072,0.148
20000,3,1.320,0.075,0.138
20000,3,1.452,0.073,0.138
20000,3,1.524,0.074,0.158
20000,3,1.592,0.079,0.159
20000,3,1.415,0.072,0.139
20000,3,1.500,0.074,0.164
20000,3,1.535,0.075,0.159
20000,3,1.499,0.074,0.143
20000,3,1.523,0.074,0.168
20000,3,1.771,0.072,0.160
20000,3,1.637,0.086,0.166
20000,3,1.287,0.085,0.139
20000,3,1.442,0.082,0.139
20000,3,1.380,0.079,0.139
20000,3,1.496,0.079,0.149
20000,3,1.598,0.078,0.163
20000,3,1.590,0.078,0.159
20000,3,1.596,0.085,0.158
20000,3,1.537,0.088,0.160
20000,3,1.297,0.084,0.139
20000,3,1.452,0.087,0.139
20000,3,1.306,0.082,0.139
20000,3,5.560,0.089,0.159
20000,3,3.758,0.092,0.156
20000,3,1.568,0.086,0.168
20000,3,1.449,0.084,0.138
20000,3,3.563,0.081,0.158
20000,3,1.359,0.092,0.139
20000,3,2.512,0.098,0.156
20000,3,1.371,0.083,0.139
20000,3,1.476,0.093,0.139
20000,3,1.390,0.082,0.139
20000,3,1.303,0.086,0.139
20000,3,1.279,0.076,0.138
20000,3,1.290,0.075,0.139
20000,3,1.566,0.075,0.166
20000,3,1.302,0.078,0.139
20000,3,1.278,0.075,0.139
20000,3,1.327,0.076,0.139
20000,3,1.429,0.091,0.139
20000,3,8.990,0.079,0.154
20000,3,1.272,0.087,0.138
20000,3,6.424,0.082,0.164
20000,3,1.481,0.091,0.144
20000,3,1.434,0.074,0.139
20000,3,1.225,0.076,0.139
20000,3,1.169,0.082,0.138
20000,3,1.268,0.079,0.138
20000,3,1.240,0.074,0.139
20000,3,1.234,0.070,0.138
20000,3,1.241,0.075,0.138
20000,3,1.065,0.077,0.139
20000,3,0.990,0.074,0.138
20000,3,1.310,0.069,0.139
20000,3,1.357,0.072,0.139
20000,3,1.264,0.070,0.138
20000,3,1.058,0.072,0.138
20000,3,1.228,0.072,0.138
20000,3,1.125,0.071,0.139
20000,3,1.148,0.083,0.139
20000,3,1.386,0.076,0.139
20000,3,1.385,0.075,0.139
20000,3,1.139,0.080,0.138
20000,3,1.215,0.076,0.138
20000,3,1.194,0.076,0.139
20000,3,1.183,0.075,0.139
20000,3,1.219,0.074,0.138
20000,3,1.200,0.074,0.139
20000,3,1.176,0.077,0.138
20000,3,0.970,0.069,0.138
20000,3,1.141,0.068,0.139
20000,3,1.000,0.075,0.139
20000,3,1.055,0.070,0.138
20000,3,1.323,0.068,0.139
20000,3,1.237,0.071,0.139
20000,3,1.167,0.061,0.138
20000,3,1.058,0.060,0.139
20000,3,1.047,0.059,0.139
20000,3,1.135,0.061,0.138
20000,3,1.217,0.055,0.139
20000,3,1.092,0.055,0.138
20000,3,1.252,0.055,0.139
20000,3,1.186,0.054,0.140
20000,3,1.244,0.056,0.139
20000,3,1.202,0.060,0.139
20000,3,1.368,0.061,0.139
20000,3,1.280,0.054,0.138
20000,3,1.232,0.049,0.138
20000,3,1.145,0.050,0.138
20000,3,0.976,0.049,0.139
20000,3,0.939,0.047,0.139
20000,3,1.052,0.050,0.139
20000,3,1.123,0.054,0.139
20000,3,1.167,0.051,0.139
20000,3,1.046,0.059,0.138
20000,3,1.165,0.055,0.139
20000,3,1.053,0.052,0.138
20000,3,1.021,0.046,0.138
20000,3,1.104,0.048,0.138
20000,3,1.084,0.050,0.139
20000,3,1.072,0.048,0.138
20000,3,1.057,0.046,0.139
20000,3,1.264,0.049,0.138
20000,3,1.344,0.060,0.139
20000,3,1.052,0.052,0.138
20000,3,0.974,0.052,0.139
20000,3,1.045,0.051,0.140
20000,3,1.090,0.043,0.139
20000,3,1.129,0.041,0.141
20000,3,1.096,0.039,0.139
20000,3,1.371,0.037,0.139
20000,3,1.200,0.044,0.139
20000,3,1.249,0.042,0.138
20000,3,1.468,0.042,0.158
20000,3,1.370,0.045,0.138
20000,3,1.364,0.045,0.139
20000,3,1.463,0.043,0.160
20000,3,1.196,0.044,0.139
20000,3,1.257,0.047,0.139
20000,3,1.519,0.059,0.159
20000,3,1.314,0.052,0.139
20000,3,1.504,0.051,0.167
20000,3,1.314,0.051,0.139
20000,3,1.253,0.047,0.139
20000,3,5.004,0.042,0.138
20000,3,1.520,0.052,0.167
20000,3,1.348,0.046,0.138
20000,3,3.507,0.050,0.162
20000,3,1.401,0.048,0.138
20000,3,1.542,0.045,0.159
20000,3,1.345,0.042,0.138
20000,3,3.508,0.039,0.160
20000,3,0.980,0.042,0.138
20000,3,0.981,0.037,0.138
20000,3,1.021,0.036,0.139
20000,3,0.925,0.036,0.139
20000,3,1.000,0.046,0.138
20000,3,0.928,0.048,0.139
20000,3,1.142,0.043,0.139
20000,3,1.027,0.037,0.139
20000,3,0.777,0.036,0.138
20000,3,1.105,0.036,0.139
20000,3,1.121,0.042,0.138
20000,3,1.205,0.035,0.139
20000,3,1.094,0.039,0.139
20000,3,1.146,0.037,0.139
20000,3,1.176,0.040,0.139
20000,3,1.137,0.041,0.139
20000,3,1.304,0.037,0.138
20000,3,1.221,0.039,0.138
20000,3,1.100,0.040,0.139
20000,3,1.109,0.039,0.138
20000,3,1.245,0.037,0.139
20000,3,1.182,0.037,0.138
20000,3,1.003,0.035,0.138
20000,3,1.257,0.036,0.138
20000,3,1.208,0.036,0.138
20000,3,1.039,0.036,0.138
20000,3,1.167,0.040,0.139
20000,3,8.653,0.035,0.154
20000,3,1.297,0.051,0.139
20000,3,1.156,0.044,0.139
20000,3,1.077,0.046,0.138
20000,3,1.000,0.037,0.138
20000,3,1.054,0.038,0.138
20000,3,1.105,0.037,0.139
20000,3,1.118,0.036,0.138
20000,3,0.938,0.034,0.138
20000,3,0.874,0.032,0.138
20000,3,1.009,0.035,0.139
20000,3,1.008,0.035,0.138
20000,3,0.938,0.033,0.138
20000,3,0.781,0.031,0.139
20000,3,0.889,0.031,0.138
20000,3,0.939,0.032,0.139
20000,3,0.996,0.031,0.139
20000,3,0.903,0.032,0.138
20000,3,0.855,0.033,0.139
20000,3,1.026,0.030,0.138
20000,3,1.098,0.032,0.139
20000,3,0.950,0.032,0.138
20000,3,1.152,0.033,0.140
20000,3,1.191,0.033,0.139
20000,3,0.997,0.032,0.139
20000,3,0.819,0.030,0.139
20000,3,0.983,0.028,0.139
20000,3,1.169,0.033,0.138
20000,3,0.959,0.033,0.138
20000,3,0.834,0.029,0.139
20000,3,0.973,0.029,0.139
20000,3,1.009,0.032,0.138
20000,3,1.106,0.031,0.139
20000,3,1.112,0.035,0.138
20000,3,1.195,0.045,0.139
20000,3,1.241,0.038,0.139
20000,3,1.165,0.034,0.138
20000,3,1.169,0.031,0.138
20000,3,1.139,0.033,0.138
20000,3,0.954,0.032,0.139
20000,3,0.825,0.029,0.138
20000,3,0.956,0.029,0.139
20000,3,0.871,0.031,0.139
20000,3,0.899,0.031,0.138
20000,3,0.904,0.029,0.138
20000,3,0.959,0.029,0.138
20000,3,1.008,0.031,0.138
20000,3,1.066,0.033,0.138
20000,3,0.958,0.029,0.139
20000,3,1.048,0.030,0.139
20000,3,1.067,0.031,0.138
20000,3,1.026,0.028,0.138
20000,3,0.899,0.035,0.138
20000,3,1.038,0.035,0.138
20000,3,1.564,0.041,0.162
20000,3,1.299,0.042,0.138
20000,3,1.057,0.035,0.138
20000,3,1.128,0.032,0.138
20000,3,1.121,0.035,0.138
20000,3,0.981,0.033,0.139
20000,3,1.053,0.033,0.139
20000,3,1.297,0.038,0.139
20000,3,1.096,0.034,0.139
20000,3,1.097,0.034,0.139
20000,3,1.086,0.037,0.139
20000,3,0.893,0.036,0.138
20000,3,1.548,0.035,0.139
20000,3,1.057,0.045,0.138
20000,3,0.863,0.040,0.139
20000,3,0.946,0.036,0.138
20000,3,6.071,0.033,0.157
20000,3,1.263,0.042,0.138
20000,3,3.293,2.108,0.143
20000,5,1.195,0.034,0.139
20000,5,1.360,0.037,0.138
20000,5,1.209,0.035,0.138
20000,5,9.903,0.036,0.165
20000,5,1.246,0.039,0.139
20000,5,1.076,0.035,0.138
20000,5,1.171,0.034,0.138
20000,5,1.206,0.033,0.138
20000,5,1.375,0.033,0.138
20000,5,1.359,0.036,0.138
20000,5,1.126,0.032,0.138
20000,5,1.404,0.034,0.150
20000,5,1.172,0.039,0.138
20000,5,0.987,0.037,0.139
20000,5,1.018,0.035,0.138
20000,5,1.245,0.035,0.138
20000,5,1.083,0.037,0.139
20000,5,1.027,0.034,0.138
20000,5,1.201,0.036,0.138
20000,5,1.110,0.034,0.138
20000,5,1.037,0.035,0.138
20000,5,1.137,0.034,0.138
20000,5,1.256,0.035,0.138
20000,5,1.125,0.033,0.138
20000,5,0.992,0.034,0.138
20000,5,1.194,0.036,0.138
20000,5,1.171,0.034,0.138
20000,5,0.972,0.033,0.138
20000,5,1.035,0.036,0.138
20000,5,1.062,0.040,0.139
20000,5,1.045,0.037,0.138
20000,5,0.952,0.035,0.138
20000,5,1.049,0.035,0.139
20000,5,1.116,0.035,0.138
20000,5,1.080,0.035,0.138
20000,5,0.960,0.033,0.138
20000,5,1.072,0.041,0.139
20000,5,1.170,0.040,0.138
20000,5,1.014,0.037,0.138
20000,5,1.117,0.044,0.138
20000,5,1.105,0.043,0.138
20000,5,1.005,0.041,0.138
20000,5,1.058,0.041,0.139
20000,5,1.306,0.053,0.138
20000,5,1.301,0.051,0.138
20000,5,1.142,0.047,0.138
20000,5,1.219,0.044,0.138
20000,5,1.253,0.042,0.138
20000,5,1.006,0.048,0.138
20000,5,0.906,0.047,0.139
20000,5,0.971,0.043,0.138
20000,5,1.031,0.048,0.139
20000,5,1.060,0.048,0.139
20000,5,1.065,0.049,0.139
20000,5,0.971,0.046,0.139
20000,5,1.214,0.061,0.138
20000,5,1.055,0.055,0.138
20000,5,1.044,0.052,0.139
20000,5,1.174,0.061,0.139
20000,5,0.985,0.056,0.140
20000,5,1.025,0.046,0.139
20000,5,6.159,0.047,0.154
20000,5,1.327,0.052,0.139
20000,5,1.266,0.039,0.139
20000,5,3.303,0.036,0.160
20000,5,1.311,0.040,0.139
20000,5,3.225,0.043,0.143
20000,5,1.033,0.047,0.140
20000,5,3.502,0.039,0.157
20000,5,1.105,0.039,0.139
20000,5,1.228,0.040,0.139
20000,5,0.973,0.038,0.139
20000,5,0.981,0.036,0.139
20000,5,1.010,0.046,0.139
20000,5,0.954,0.035,0.139
20000,5,0.839,0.034,0.139
20000,5,0.809,0.037,0.139
20000,5,0.799,0.036,0.138
20000,5,0.900,0.037,0.139
20000,5,0.905,0.038,0.138
20000,5,0.924,0.041,0.138
20000,5,0.859,0.038,0.139
20000,5,1.048,0.037,0.139
20000,5,1.070,0.038,0.138
20000,5,0.824,0.036,0.139
20000,5,0.804,0.036,0.139
20000,5,0.920,0.035,0.139
20000,5,0.942,0.036,0.139
20000,5,0.813,0.035,0.139
20000,5,0.828,0.036,0.139
20000,5,0.801,0.036,0.138
20000,5,0.864,0.035,0.139
20000,5,0.803,0.037,0.139
20000,5,0.836,0.035,0.138
20000,5,0.883,0.037,0.139
20000,5,0.989,0.039,0.139
20000,5,1.139,0.041,0.139
20000,5,1.206,0.044,0.139
20000,5,1.179,0.045,0.139
20000,5,11.343,0.038,0.163
20000,5,1.156,0.044,0.139
20000,5,1.216,0.038,0.138
20000,5,1.137,0.035,0.138
20000,5,1.197,0.035,0.139
20000,5,1.122,0.036,0.139
20000,5,1.078,0.037,0.139
20000,5,1.000,0.035,0.138
20000,5,1.503,0.034,0.168
20000,5,1.135,0.038,0.139
20000,5,1.054,0.040,0.139
20000,5,1.088,0.035,0.139
20000,5,1.379,0.036,0.138
20000,5,1.052,0.036,0.139
20000,5,1.224,0.035,0.139
20000,5,1.167,0.035,0.139
20000,5,1.110,0.034,0.139
20000,5,0.982,0.034,0.139
20000,5,0.987,0.035,0.139
20000,5,1.048,0.046,0.139
20000,5,1.276,0.036,0.139
20000,5,1.189,0.038,0.139
20000,5,1.209,0.035,0.138
20000,5,1.239,0.035,0.139
20000,5,1.205,0.035,0.138
20000,5,1.165,0.034,0.138
20000,5,1.163,0.038,0.139
20000,5,1.113,0.034,0.139
20000,5,1.042,0.033,0.138
20000,5,1.248,0.034,0.138
20000,5,1.132,0.034,0.138
20000,5,1.020,0.033,0.139
20000,5,1.002,0.034,0.139
20000,5,1.107,0.039,0.138
20000,5,1.478,0.039,0.158
20000,5,1.043,0.039,0.138
20000,5,1.263,0.038,0.139
20000,5,1.137,0.037,0.139
20000,5,1.028,0.033,0.139
20000,5,0.973,0.034,0.139
20000,5,1.084,0.034,0.139
20000,5,1.049,0.034,0.138
20000,5,1.035,0.033,0.138
20000,5,1.022,0.033,0.139
20000,5,1.029,0.033,0.139
20000,5,1.010,0.033,0.140
20000,5,1.010,0.031,0.139
20000,5,1.331,0.034,0.139
20000,5,1.149,0.036,0.138
20000,5,1.225,0.035,0.139
20000,5,1.312,0.036,0.139
20000,5,1.384,0.034,0.139
20000,5,1.173,0.036,0.139
20000,5,1.070,0.036,0.139
20000,5,1.197,0.035,0.139
20000,5,1.211,0.037,0.139
20000,5,1.120,0.035,0.139
20000,5,1.182,0.037,0.139
20000,5,1.218,0.037,0.139
20000,5,1.095,0.036,0.139
20000,5,0.979,0.038,0.138
20000,5,1.257,0.064,0.139
20000,5,1.183,0.052,0.139
20000,5,1.056,0.046,0.139
20000,5,5.397,0.050,0.156
20000,5,3.265,0.060,0.156
20000,5,1.300,0.050,0.139
20000,5,3.296,2.109,0.143
20000,5,1.326,0.041,0.139
20000,5,3.235,2.098,0.143
20000,5,1.211,0.041,0.139
20000,5,3.482,2.109,0.143
20000,5,1.244,0.040,0.139
20000,5,1.038,0.038,0.139
20000,5,0.921,0.049,0.139
20000,5,0.883,0.043,0.139
20000,5,0.843,0.037,0.139
20000,5,1.021,0.038,0.139
20000,5,1.165,0.040,0.139
20000,5,1.131,0.037,0.139
20000,5,1.026,0.039,0.139
20000,5,0.915,0.043,0.139
20000,5,1.093,0.043,0.138
20000,5,0.900,0.041,0.138
20000,5,0.779,0.037,0.139
20000,5,0.749,0.037,0.138
20000,5,0.873,0.034,0.139
20000,5,0.963,0.037,0.139
20000,5,0.856,0.033,0.138
20000,5,0.970,0.033,0.139
20000,5,0.993,0.034,0.139
20000,5,1.045,0.033,0.139
20000,5,1.132,0.033,0.139
20000,5,1.021,0.032,0.139
20000,5,1.170,0.035,0.139
20000,5,1.198,0.039,0.139
20000,5,1.079,0.036,0.139
20000,5,13.411,12.114,0.143
20000,5,1.120,0.038,0.139
20000,5,1.028,0.031,0.139
20000,5,0.925,0.037,0.139
20000,5,1.133,0.033,0.139
20000,5,1.038,0.035,0.139
20000,5,0.913,0.034,0.138
20000,5,1.059,0.033,0.138
20000,5,1.424,0.034,0.138
20000,5,1.127,0.035,0.139
20000,5,1.051,0.032,0.139
20000,5,1.216,0.035,0.139
20000,5,1.251,0.033,0.139
20000,5,1.036,0.035,0.138
20000,5,1.103,0.034,0.138
20000,5,1.377,0.035,0.139
20000,5,1.058,0.033,0.139
20000,5,1.056,0.031,0.139
20000,5,1.285,0.031,0.138
20000,5,1.105,0.036,0.139
20000,5,1.129,0.032,0.139
20000,5,1.317,0.035,0.138
20000,5,1.227,0.035,0.139
20000,5,1.019,0.033,0.139
20000,5,1.034,0.031,0.139
20000,5,1.229,0.035,0.139
20000,5,1.279,0.032,0.139
20000,5,1.255,0.038,0.139
20000,5,1.303,0.034,0.138
20000,5,1.299,0.035,0.139
20000,5,1.181,0.035,0.139
20000,5,1.263,0.035,0.139
20000,5,1.176,0.035,0.138
20000,5,1.002,0.034,0.139
20000,5,1.039,0.033,0.139
20000,5,1.438,0.037,0.145
20000,5,1.250,0.034,0.139
20000,5,1.057,0.035,0.139
20000,5,1.127,0.034,0.139
20000,5,1.203,0.035,0.139
20000,5,1.149,0.032,0.138
20000,5,1.227,0.036,0.139
20000,5,1.379,0.034,0.139
20000,5,1.173,0.033,0.139
20000,5,1.511,0.033,0.154
20000,5,1.312,0.033,0.139
20000,5,1.095,0.038,0.139
20000,5,1.246,0.036,0.138
20000,5,1.268,0.037,0.139
20000,5,1.137,0.035,0.139
20000,5,1.305,0.033,0.139
20000,5,1.324,0.037,0.139
20000,5,1.366,0.040,0.139
20000,5,1.334,0.037,0.139
20000,5,1.218,0.036,0.139
20000,5,1.110,0.036,0.139
20000,5,0.983,0.035,0.139
20000,5,0.811,0.034,0.138
20000,5,1.194,0.037,0.139
20000,5,1.061,0.036,0.138
20000,5,1.115,0.034,0.139
20000,5,1.024,0.040,0.139
20000,5,1.152,0.040,0.139
20000,5,0.958,0.035,0.139
20000,5,0.983,0.036,0.139
20000,5,1.285,0.045,0.139
20000,5,1.104,0.044,0.139
20000,5,0.892,0.036,0.139
20000,5,5.700,0.042,0.159
20000,5,1.222,0.046,0.139
20000,5,0.971,0.038,0.139
20000,5,3.374,0.038,0.157
20000,5,1.247,0.049,0.138
20000,5,3.320,0.038,0.153
20000,5,0.945,0.039,0.139
20000,5,4.212,0.038,0.162
20000,5,1.168,0.041,0.139
20000,5,1.197,0.039,0.138
20000,5,1.047,0.037,0.139
20000,5,1.047,0.038,0.139
20000,5,0.993,0.037,0.139
20000,5,1.018,0.035,0.139
20000,5,1.060,0.038,0.139
20000,5,0.860,0.042,0.139
20000,5,1.054,0.037,0.139
20000,5,0.992,0.035,0.139
20000,5,0.713,0.033,0.139
20000,5,0.671,0.033,0.139
20000,5,0.940,0.035,0.139
20000,5,0.985,0.033,0.139
20000,5,0.950,0.034,0.138
20000,5,1.033,0.034,0.139
20000,5,1.379,0.043,0.139
20000,5,1.224,0.035,0.139
20000,5,1.062,0.035,0.139
20000,5,1.052,0.034,0.139
20000,5,0.918,0.038,0.139
20000,5,20.745,19.449,0.143
20000,5,1.207,0.038,0.139
20000,5,0.981,0.033,0.140
20000,5,1.177,0.032,0.139
20000,5,1.161,0.035,0.139
20000,5,1.067,0.032,0.139
20000,5,1.091,0.037,0.139
20000,8,1.001,0.042,0.138
20000,8,1.093,0.042,0.139
20000,8,1.246,0.044,0.139
20000,8,1.155,0.044,0.138
20000,8,1.109,0.040,0.139
20000,8,1.114,0.041,0.139
20000,8,1.463,0.042,0.168
20000,8,1.282,0.048,0.139
20000,8,1.208,0.047,0.139
20000,8,1.312,0.051,0.139
20000,8,1.267,0.050,0.139
20000,8,1.270,0.046,0.139
20000,8,1.372,0.045,0.139
20000,8,1.435,0.045,0.143
20000,8,1.245,0.045,0.139
20000,8,1.232,0.044,0.139
20000,8,1.344,0.047,0.139
20000,8,1.148,0.049,0.138
20000,8,1.014,0.046,0.139
20000,8,3.400,0.048,0.166
20000,8,1.086,0.059,0.139
20000,8,5.915,0.051,0.160
20000,8,1.284,0.054,0.139
20000,8,3.389,0.049,0.155
20000,8,1.325,0.048,0.139
20000,8,9.941,8.521,0.159
20000,8,1.089,0.052,0.139
20000,8,1.160,0.045,0.138
20000,8,1.080,0.045,0.139
20000,8,7.337,0.044,0.161
20000,8,1.193,0.047,0.139
20000,8,1.159,0.044,0.139
20000,8,1.191,0.048,0.140
20000,8,1.118,0.042,0.139
20000,8,1.213,0.041,0.139
20000,8,1.062,0.046,0.139
20000,8,1.035,0.044,0.139
20000,8,0.996,0.044,0.138
20000,8,0.982,0.051,0.139
20000,8,0.835,0.043,0.139
20000,8,1.031,0.046,0.139
20000,8,1.001,0.044,0.139
20000,8,0.990,0.041,0.138
20000,8,0.977,0.046,0.139
20000,8,1.024,0.045,0.139
20000,8,1.451,0.046,0.138
20000,8,1.157,0.056,0.138
20000,8,0.979,0.051,0.139
20000,8,1.165,0.046,0.139
20000,8,0.988,0.044,0.139
20000,8,0.764,0.043,0.139
20000,8,1.169,0.042,0.139
20000,8,1.542,0.043,0.149
20000,8,1.436,0.044,0.144
20000,8,1.629,0.044,0.160
20000,8,1.538,0.043,0.150
20000,8,1.333,0.043,0.139
20000,8,1.253,0.044,0.139
20000,8,1.297,0.042,0.138
20000,8,1.219,0.044,0.139
20000,8,1.318,0.044,0.139
20000,8,1.270,0.044,0.139
20000,8,1.295,0.043,0.139
20000,8,1.356,0.044,0.139
20000,8,1.190,0.047,0.139
20000,8,1.026,0.043,0.139
20000,8,1.290,0.041,0.139
20000,8,1.169,0.043,0.139
20000,8,1.054,0.041,0.139
20000,8,1.066,0.044,0.139
20000,8,1.244,0.040,0.139
20000,8,1.306,0.041,0.139
20000,8,1.338,0.053,0.140
20000,8,1.248,0.051,0.139
20000,8,1.048,0.046,0.138
20000,8,1.068,0.043,0.139
20000,8,1.135,0.041,0.139
20000,8,1.202,0.043,0.138
20000,8,1.235,0.041,0.139
20000,8,1.337,0.043,0.139
20000,8,1.355,0.043,0.139
20000,8,1.215,0.043,0.139
20000,8,1.200,0.043,0.139
20000,8,1.273,0.042,0.139
20000,8,1.265,0.042,0.139
20000,8,1.131,0.042,0.139
20000,8,1.209,0.043,0.138
20000,8,1.136,0.047,0.139
20000,8,1.300,0.047,0.140
20000,8,1.242,0.046,0.139
20000,8,1.157,0.044,0.139
20000,8,1.144,0.045,0.139
20000,8,1.571,0.043,0.167
20000,8,1.396,0.043,0.139
20000,8,1.356,0.041,0.139
20000,8,10.378,0.044,0.162
20000,8,1.221,0.052,0.139
20000,8,1.246,0.043,0.139
20000,8,1.230,0.042,0.139
20000,8,1.053,0.042,0.139
20000,8,1.105,0.040,0.139
20000,8,1.311,0.042,0.139
20000,8,1.222,0.042,0.139
20000,8,1.293,0.040,0.139
20000,8,1.127,0.047,0.139
20000,8,1.163,0.045,0.139
20000,8,1.276,0.053,0.139
20000,8,1.388,0.048,0.139
20000,8,1.358,0.104,0.139
20000,8,1.219,0.042,0.139
20000,8,1.289,0.042,0.139
20000,8,1.140,0.044,0.140
20000,8,1.220,0.045,0.139
20000,8,1.044,0.042,0.139
20000,8,1.246,0.043,0.139
20000,8,1.129,0.044,0.139
20000,8,1.316,0.051,0.139
20000,8,1.183,0.052,0.139
20000,8,3.507,0.047,0.161
20000,8,1.243,0.063,0.140
20000,8,1.297,0.050,0.139
20000,8,5.521,0.045,0.162
20000,8,3.489,0.056,0.165
20000,8,3.435,0.049,0.164
20000,8,1.271,0.049,0.140
20000,8,3.202,2.124,0.143
20000,8,9.468,0.051,0.163
20000,8,1.263,0.055,0.139
20000,8,1.230,0.050,0.139
20000,8,2.708,0.050,0.157
20000,8,1.033,0.050,0.139
20000,8,1.143,0.055,0.139
20000,8,2.603,0.051,0.158
20000,8,1.260,0.050,0.139
20000,8,1.267,0.045,0.139
20000,8,1.065,0.048,0.139
20000,8,0.952,0.045,0.140
20000,8,1.020,0.048,0.139
20000,8,1.095,0.046,0.139
20000,8,1.073,0.045,0.139
20000,8,1.095,0.050,0.140
20000,8,1.202,0.048,0.139
20000,8,1.059,0.046,0.139
20000,8,1.051,0.043,0.140
20000,8,1.022,0.043,0.139
20000,8,1.178,0.045,0.139
20000,8,0.867,0.043,0.139
20000,8,0.957,0.047,0.139
20000,8,1.070,0.044,0.139
20000,8,1.033,0.045,0.139
20000,8,0.909,0.044,0.139
20000,8,1.012,0.042,0.139
20000,8,1.272,0.043,0.139
20000,8,1.104,0.042,0.139
20000,8,1.120,0.042,0.139
20000,8,1.079,0.044,0.139
20000,8,1.101,0.044,0.139
20000,8,1.196,0.044,0.139
20000,8,1.151,0.049,0.139
20000,8,1.135,0.046,0.138
20000,8,1.049,0.043,0.139
20000,8,1.001,0.045,0.139
20000,8,1.038,0.042,0.139
20000,8,1.098,0.043,0.139
20000,8,11.082,0.042,0.168
20000,8,1.087,0.062,0.139
20000,8,1.132,0.043,0.140
20000,8,1.113,0.043,0.140
20000,8,1.141,0.040,0.139
20000,8,1.138,0.042,0.139
20000,8,1.015,0.041,0.139
20000,8,1.083,0.041,0.139
20000,8,1.225,0.043,0.140
20000,8,0.995,0.041,0.139
20000,8,1.094,0.041,0.139
20000,8,1.037,0.042,0.139
20000,8,0.981,0.041,0.139
20000,8,1.075,0.042,0.139
20000,8,1.161,0.043,0.139
20000,8,1.143,0.043,0.139
20000,8,1.088,0.041,0.139
20000,8,1.062,0.041,0.139
20000,8,1.029,0.042,0.139
20000,8,1.085,0.042,0.139
20000,8,1.057,0.042,0.139
20000,8,0.964,0.043,0.139
20000,8,1.096,0.043,0.139
20000,8,1.458,0.045,0.139
20000,8,1.483,0.044,0.159
20000,8,1.300,0.044,0.139
20000,8,1.552,0.044,0.164
20000,8,1.498,0.043,0.170
20000,8,1.267,0.044,0.139
20000,8,1.458,0.049,0.139
20000,8,1.311,0.046,0.140
20000,8,1.149,0.044,0.139
20000,8,1.310,0.043,0.139
20000,8,1.145,0.043,0.139
20000,8,1.116,0.041,0.139
20000,8,1.177,0.041,0.139
20000,8,1.181,0.039,0.139
20000,8,1.147,0.045,0.139
20000,8,1.411,0.046,0.145
20000,8,1.149,0.042,0.139
20000,8,1.339,0.041,0.152
20000,8,1.254,0.045,0.139
20000,8,1.262,0.046,0.139
20000,8,1.321,0.044,0.139
20000,8,1.365,0.044,0.139
20000,8,1.512,0.046,0.158
20000,8,1.296,0.045,0.139
20000,8,1.280,0.044,0.140
20000,8,1.284,0.044,0.139
20000,8,1.123,0.043,0.139
20000,8,1.073,0.046,0.139
20000,8,1.139,0.054,0.140
20000,8,1.226,0.055,0.139
20000,8,3.515,0.058,0.158
20000,8,1.170,0.070,0.140
20000,8,1.223,0.054,0.139
20000,8,6.277,4.822,0.162
20000,8,1.270,0.047,0.139
20000,8,3.359,2.115,0.143
20000,8,3.141,2.114,0.144
20000,8,3.392,0.052,0.144
20000,8,3.353,0.051,0.161
20000,8,2.053,0.049,0.167
20000,8,0.976,0.049,0.139
20000,8,1.330,0.049,0.139
20000,8,1.285,0.047,0.139
20000,8,1.227,0.051,0.139
20000,8,1.137,0.047,0.139
20000,8,1.022,0.044,0.139
20000,8,0.821,0.049,0.139
20000,8,11.237,0.049,0.166
20000,8,1.074,0.052,0.139
20000,8,0.955,0.043,0.139
20000,8,1.107,0.046,0.139
20000,8,0.991,0.044,0.139
20000,8,1.014,0.048,0.139
20000,8,0.925,0.046,0.139
20000,8,0.891,0.048,0.139
20000,8,1.125,0.046,0.139
20000,8,1.071,0.046,0.139
20000,8,1.050,0.043,0.139
20000,8,0.964,0.042,0.139
20000,8,1.028,0.042,0.139
20000,8,1.022,0.045,0.139
20000,8,1.170,0.042,0.139
20000,8,1.288,0.041,0.139
20000,8,1.014,0.041,0.139
20000,8,1.060,0.041,0.139
20000,8,1.329,0.043,0.140
20000,8,1.127,0.042,0.139
20000,8,1.241,0.041,0.139
20000,8,1.280,0.046,0.139
20000,8,1.092,0.043,0.139
20000,8,0.938,0.041,0.139
20000,8,1.071,0.039,0.139
20000,8,1.350,0.043,0.139
20000,8,1.169,0.044,0.139
20000,8,1.148,0.044,0.139
20000,8,1.018,0.044,0.139
20000,8,1.023,0.041,0.139
20000,8,1.126,0.039,0.139
20000,8,1.111,0.041,0.140
20000,8,1.028,0.041,0.139
20000,8,1.052,0.040,0.140
20000,8,1.033,0.040,0.139
20000,8,0.985,0.043,0.139
20000,8,1.018,0.047,0.139
20000,8,1.283,0.044,0.140
20000,8,1.234,0.047,0.139
20000,8,1.400,0.048,0.139
20000,8,1.385,0.049,0.139
20000,8,1.361,0.046,0.140
20000,8,1.289,0.044,0.139
20000,8,1.224,0.043,0.139
20000,8,1.266,0.043,0.140
20000,8,1.249,0.043,0.139
20000,8,1.248,0.043,0.139
20000,8,1.248,0.041,0.139
20000,8,1.386,0.043,0.139
20000,8,1.288,0.044,0.139
20000,8,1.322,0.041,0.139
20000,8,1.479,0.043,0.158
20000,8,1.079,0.051,0.139
20000,8,1.032,0.046,0.139
20000,8,1.369,0.043,0.139
20000,8,1.376,0.046,0.139
20000,8,1.170,0.043,0.139
20000,8,1.397,0.056,0.139
20000,8,1.536,0.054,0.164
20000,8,1.190,0.056,0.139
20000,8,1.368,0.064,0.139
20000,8,1.330,0.055,0.140
20000,8,1.241,0.057,0.139
20000,8,1.397,0.055,0.145
20000,8,1.186,0.057,0.139
20000,8,1.237,0.059,0.140
20000,12,1.421,0.069,0.139
20000,12,1.200,0.053,0.139
20000,12,1.166,0.055,0.139
20000,12,1.122,0.053,0.139
20000,12,1.375,0.057,0.139
20000,12,1.404,0.056,0.139
20000,12,1.255,0.054,0.140
20000,12,1.645,0.055,0.163
20000,12,1.592,0.056,0.165
20000,12,1.615,0.054,0.166
20000,12,1.545,0.055,0.165
20000,12,1.334,0.054,0.140
20000,12,1.623,0.056,0.168
20000,12,22.802,0.052,0.164
20000,12,1.496,0.068,0.162
20000,12,1.343,0.057,0.140
20000,12,1.416,0.063,0.146
20000,12,1.291,0.058,0.139
20000,12,1.262,0.058,0.139
20000,12,1.227,0.064,0.140
20000,12,1.266,0.064,0.139
20000,12,1.260,0.059,0.139
20000,12,1.079,0.060,0.139
20000,12,1.075,0.058,0.139
20000,12,1.124,0.057,0.139
20000,12,1.171,0.054,0.139
20000,12,1.286,0.056,0.139
20000,12,1.147,0.054,0.139
20000,12,1.101,0.052,0.139
20000,12,1.162,0.053,0.139
20000,12,1.129,0.052,0.139
20000,12,1.126,0.054,0.140
20000,12,1.066,0.054,0.139
20000,12,1.141,0.056,0.139
20000,12,1.086,0.057,0.140
20000,12,1.223,0.054,0.139
20000,12,1.352,0.063,0.139
20000,12,1.410,0.055,0.140
20000,12,1.276,0.055,0.139
20000,12,1.419,0.056,0.151
20000,12,1.310,0.055,0.140
20000,12,1.203,0.054,0.139
20000,12,1.274,0.054,0.139
20000,12,1.310,0.052,0.140
20000,12,1.266,0.056,0.139
20000,12,1.151,0.056,0.139
20000,12,1.342,0.059,0.140
20000,12,1.134,0.058,0.140
20000,12,1.155,0.058,0.139
20000,12,1.101,0.059,0.139
20000,12,1.254,0.057,0.139
20000,12,1.129,0.056,0.140
20000,12,1.385,0.056,0.139
20000,12,1.379,0.056,0.152
20000,12,1.263,0.053,0.140
20000,12,1.319,0.057,0.139
20000,12,1.569,0.057,0.158
20000,12,1.319,0.061,0.139
20000,12,1.353,0.060,0.139
20000,12,1.313,0.056,0.140
20000,12,1.240,0.063,0.139
20000,12,1.507,0.060,0.165
20000,12,1.220,0.056,0.139
20000,12,1.200,0.057,0.139
20000,12,10.328,0.056,0.167
20000,12,3.639,0.068,0.156
20000,12,1.629,0.074,0.161
20000,12,1.341,0.063,0.139
20000,12,1.341,0.060,0.139
20000,12,1.328,0.059,0.139
20000,12,1.226,0.059,0.139
20000,12,6.461,0.058,0.156
20000,12,3.685,0.076,0.168
20000,12,5.511,2.144,0.163
20000,12,3.424,0.069,0.161
20000,12,4.285,0.066,0.166
20000,12,1.343,0.066,0.139
20000,12,0.979,0.060,0.140
20000,12,1.195,0.055,0.139
20000,12,1.208,0.057,0.139
20000,12,1.255,0.058,0.139
20000,12,0.984,0.053,0.139
20000,12,1.022,0.058,0.139
20000,12,1.468,0.058,0.140
20000,12,1.542,0.057,0.154
20000,12,1.121,0.056,0.139
20000,12,1.030,0.052,0.139
20000,12,1.245,0.056,0.139
20000,12,0.978,0.058,0.139
20000,12,1.169,0.056,0.139
20000,12,0.935,0.059,0.139
20000,12,1.050,0.058,0.139
20000,12,1.028,0.055,0.139
20000,12,1.185,0.064,0.139
20000,12,1.279,0.057,0.139
20000,12,1.244,0.057,0.139
20000,12,1.254,0.053,0.139
20000,12,0.989,0.062,0.139
20000,12,0.926,0.056,0.139
20000,12,1.105,0.058,0.139
20000,12,1.131,0.062,0.139
20000,12,1.244,0.057,0.139
20000,12,1.365,0.057,0.139
20000,12,1.146,0.055,0.139
20000,12,1.033,0.057,0.139
20000,12,1.034,0.059,0.139
20000,12,1.007,0.056,0.139
20000,12,0.944,0.058,0.139
20000,12,0.987,0.054,0.139
20000,12,1.036,0.053,0.139
20000,12,1.188,0.056,0.139
20000,12,1.050,0.058,0.138
20000,12,0.822,0.058,0.139
20000,12,0.879,0.054,0.139
20000,12,10.759,0.054,0.160
20000,12,1.509,0.061,0.139
20000,12,1.061,0.057,0.139
20000,12,1.003,0.058,0.139
20000,12,0.997,0.054,0.139
20000,12,1.010,0.054,0.139
20000,12,1.023,0.058,0.139
20000,12,1.271,0.054,0.139
20000,12,1.274,0.054,0.139
20000,12,1.117,0.054,0.139
20000,12,1.192,0.061,0.139
20000,12,1.312,0.062,0.139
20000,12,1.198,0.057,0.139
20000,12,1.079,0.060,0.139
20000,12,1.195,0.060,0.139
20000,12,1.067,0.061,0.138
20000,12,1.197,0.059,0.139
20000,12,1.242,0.058,0.139
20000,12,1.138,0.055,0.139
20000,12,0.992,0.056,0.139
20000,12,1.126,0.053,0.139
20000,12,1.297,0.055,0.139
20000,12,1.066,0.057,0.139
20000,12,1.102,0.054,0.139
20000,12,1.254,0.056,0.139
20000,12,1.033,0.057,0.139
20000,12,1.141,0.053,0.139
20000,12,1.177,0.057,0.139
20000,12,1.192,0.056,0.139
20000,12,0.990,0.056,0.139
20000,12,1.166,0.056,0.139
20000,12,1.312,0.056,0.139
20000,12,1.150,0.056,0.139
20000,12,1.123,0.056,0.139
20000,12,0.961,0.056,0.139
20000,12,0.958,0.052,0.139
20000,12,1.115,0.051,0.139
20000,12,1.232,0.057,0.139
20000,12,1.220,0.060,0.139
20000,12,1.324,0.057,0.139
20000,12,1.441,0.059,0.158
20000,12,1.352,0.065,0.139
20000,12,1.268,0.062,0.139
20000,12,1.453,0.067,0.166
20000,12,1.269,0.059,0.139
20000,12,1.253,0.057,0.139
20000,12,3.841,2.138,0.163
20000,12,1.518,0.063,0.166
20000,12,1.526,0.061,0.160
20000,12,1.407,0.060,0.153
20000,12,1.306,0.061,0.139
20000,12,20.675,14.261,0.163
20000,12,3.631,2.162,0.176
20000,12,1.554,0.058,0.163
20000,12,1.290,0.058,0.139
20000,12,1.450,0.057,0.149
20000,12,3.578,0.056,0.158
20000,12,1.548,0.058,0.169
20000,12,1.510,0.062,0.167
20000,12,1.151,0.060,0.139
20000,12,1.179,0.057,0.139
20000,12,0.951,0.059,0.139
20000,12,0.902,0.056,0.139
20000,12,0.889,0.054,0.139
20000,12,1.046,0.056,0.139
20000,12,0.988,0.056,0.139
20000,12,1.086,0.054,0.140
20000,12,1.273,0.053,0.139
20000,12,1.494,0.055,0.146
20000,12,1.285,0.068,0.139
20000,12,1.257,0.073,0.139
20000,12,1.190,0.065,0.139
20000,12,1.235,0.070,0.139
20000,12,1.251,0.070,0.139
20000,12,1.224,0.074,0.139
20000,12,1.152,0.067,0.139
20000,12,1.357,0.069,0.140
20000,12,1.325,0.074,0.140
20000,12,1.249,0.068,0.139
20000,12,1.113,0.070,0.139
20000,12,1.381,0.075,0.139
20000,12,1.298,0.074,0.139
20000,12,1.133,0.074,0.139
20000,12,1.295,0.076,0.139
20000,12,1.328,0.070,0.139
20000,12,1.139,0.064,0.139
20000,12,1.403,0.067,0.139
20000,12,1.312,0.068,0.139
20000,12,1.240,0.072,0.139
20000,12,1.205,0.090,0.139
20000,12,1.142,0.082,0.139
20000,12,1.145,0.094,0.139
20000,12,1.308,0.087,0.139
20000,12,1.273,0.084,0.139
20000,12,1.265,0.074,0.139
20000,12,1.296,0.076,0.139
20000,12,1.238,0.080,0.139
20000,12,1.214,0.079,0.140
20000,12,1.289,0.083,0.140
20000,12,1.372,0.090,0.140
20000,12,1.147,0.082,0.139
20000,12,21.339,0.095,0.157
20000,12,1.319,0.070,0.139
20000,12,1.160,0.057,0.139
20000,12,1.015,0.055,0.139
20000,12,1.179,0.054,0.139
20000,12,1.273,0.056,0.139
20000,12,1.011,0.061,0.140
20000,12,0.912,0.058,0.139
20000,12,1.125,0.057,0.139
20000,12,1.205,0.056,0.140
20000,12,1.138,0.058,0.139
20000,12,1.251,0.060,0.139
20000,12,1.140,0.057,0.139
20000,12,0.997,0.054,0.139
20000,12,1.171,0.056,0.140
20000,12,1.185,0.054,0.139
20000,12,1.247,0.058,0.139
20000,12,1.142,0.057,0.139
20000,12,1.162,0.053,0.139
20000,12,1.270,0.055,0.139
20000,12,1.198,0.056,0.139
20000,12,1.199,0.052,0.141
20000,12,1.079,0.056,0.139
20000,12,1.296,0.056,0.140
20000,12,1.038,0.057,0.139
20000,12,1.223,0.057,0.139
20000,12,1.374,0.057,0.139
20000,12,1.227,0.056,0.140
20000,12,1.313,0.057,0.139
20000,12,1.348,0.057,0.139
20000,12,1.120,0.054,0.139
20000,12,1.208,0.055,0.139
20000,12,1.286,0.057,0.139
20000,12,1.436,0.057,0.147
20000,12,1.329,0.061,0.139
20000,12,1.224,0.060,0.139
20000,12,1.072,0.057,0.139
20000,12,1.078,0.062,0.140
20000,12,1.163,0.058,0.139
20000,12,1.124,0.059,0.139
20000,12,1.207,0.055,0.139
20000,12,1.368,0.061,0.139
20000,12,1.182,0.058,0.139
20000,12,3.546,2.130,0.152
20000,12,1.360,0.065,0.139
20000,12,1.246,0.059,0.139
20000,12,1.325,0.061,0.139
20000,12,1.137,0.059,0.139
20000,12,1.111,0.062,0.139
20000,12,1.329,0.060,0.139
20000,12,1.089,0.061,0.139
20000,12,18.055,9.539,0.165
20000,12,1.513,0.068,0.156
20000,12,1.500,0.060,0.172
20000,12,1.306,0.062,0.139
20000,12,1.196,0.063,0.139
20000,12,1.430,0.059,0.144
20000,12,1.401,0.057,0.139
20000,12,1.389,0.058,0.146
20000,12,1.321,0.057,0.139
20000,12,3.494,0.055,0.170
20000,12,1.175,0.058,0.139
20000,12,1.278,0.056,0.139
20000,12,1.181,0.056,0.139
20000,12,1.143,0.056,0.140
20000,12,1.063,0.056,0.139
20000,12,1.131,0.055,0.139
20000,12,1.225,0.054,0.140
20000,12,1.081,0.055,0.139
20000,12,1.028,0.052,0.139
20000,12,1.159,0.053,0.140
20000,12,1.212,0.056,0.139
20000,12,1.208,0.064,0.139
20000,12,1.197,0.062,0.139
20000,12,1.088,0.062,0.139
20000,12,1.025,0.060,0.139
20000,12,1.031,0.059,0.139
20000,12,0.955,0.057,0.139
20000,12,0.987,0.054,0.139
20000,12,1.071,0.054,0.139
20000,12,1.333,0.057,0.139
20000,12,1.251,0.053,0.139
20000,12,1.020,0.053,0.139
20000,12,0.818,0.053,0.139
20000,12,1.004,0.051,0.140
20000,18,1.149,0.071,0.140
20000,18,1.476,0.075,0.146
20000,18,1.545,0.074,0.148
20000,18,1.364,0.070,0.139
20000,18,1.529,0.072,0.153
20000,18,1.340,0.071,0.139
20000,18,1.223,0.077,0.139
20000,18,12.516,0.078,0.167
20000,18,1.375,0.088,0.139
20000,18,1.040,0.078,0.139
20000,18,1.354,0.086,0.139
20000,18,1.407,0.082,0.143
20000,18,1.349,0.081,0.139
20000,18,1.385,0.075,0.139
20000,18,1.267,0.075,0.139
20000,18,1.286,0.073,0.139
20000,18,1.615,0.073,0.163
20000,18,1.615,0.074,0.164
20000,18,3.728,0.076,0.160
20000,18,1.514,0.086,0.170
20000,18,1.619,0.090,0.168
20000,18,1.626,0.089,0.170
20000,18,1.649,0.084,0.167
20000,18,1.597,0.081,0.168
20000,18,9.075,0.081,0.163
20000,18,1.654,0.086,0.159
20000,18,7.841,2.164,0.168
20000,18,3.587,0.085,0.164
20000,18,3.410,0.085,0.145
20000,18,1.147,0.085,0.140
20000,18,1.355,0.087,0.139
20000,18,1.224,0.083,0.139
20000,18,1.360,0.077,0.139
20000,18,1.376,0.084,0.140
20000,18,1.219,0.079,0.139
20000,18,1.320,0.082,0.139
20000,18,1.413,0.081,0.139
20000,18,1.222,0.078,0.139
20000,18,1.233,0.073,0.140
20000,18,1.304,0.072,0.140
20000,18,1.129,0.072,0.139
20000,18,1.309,0.071,0.140
20000,18,13.235,0.073,0.169
20000,18,1.534,0.081,0.172
20000,18,1.335,0.073,0.139
20000,18,1.175,0.071,0.140
20000,18,1.216,0.073,0.140
20000,18,1.340,0.078,0.140
20000,18,1.111,0.080,0.139
20000,18,1.126,0.077,0.139
20000,18,0.985,0.082,0.140
20000,18,1.274,0.081,0.139
20000,18,1.200,0.073,0.140
20000,18,1.316,0.074,0.139
20000,18,1.319,0.074,0.139
20000,18,1.221,0.072,0.140
20000,18,1.426,0.071,0.139
20000,18,1.349,0.073,0.139
20000,18,1.260,0.074,0.139
20000,18,1.319,0.070,0.140
20000,18,1.243,0.073,0.140
20000,18,1.417,0.087,0.139
20000,18,1.512,0.073,0.150
20000,18,1.445,0.073,0.139
20000,18,1.371,0.072,0.139
20000,18,1.252,0.070,0.139
20000,18,1.587,0.080,0.175
20000,18,1.355,0.073,0.139
20000,18,1.311,0.070,0.139
20000,18,1.299,0.076,0.139
20000,18,1.292,0.073,0.139
20000,18,1.314,0.081,0.140
20000,18,1.222,0.084,0.140
20000,18,1.328,0.086,0.139
20000,18,1.220,0.077,0.139
20000,18,1.162,0.082,0.140
20000,18,1.084,0.073,0.140
20000,18,0.974,0.071,0.140
20000,18,23.393,0.084,0.145
20000,18,1.290,0.085,0.139
20000,18,1.246,0.081,0.140
20000,18,1.086,0.073,0.140
20000,18,1.128,0.085,0.139
20000,18,1.153,0.078,0.139
20000,18,1.458,0.073,0.159
20000,18,1.028,0.070,0.140
20000,18,1.179,0.070,0.140
20000,18,1.293,0.074,0.139
20000,18,1.306,0.071,0.139
20000,18,1.103,0.070,0.140
20000,18,1.213,0.071,0.139
20000,18,1.201,0.070,0.139
20000,18,1.121,0.073,0.140
20000,18,1.063,0.067,0.140
20000,18,1.127,0.069,0.139
20000,18,1.194,0.073,0.140
20000,18,1.438,0.070,0.140
20000,18,1.565,0.073,0.147
20000,18,1.336,0.069,0.139
20000,18,1.328,0.067,0.139
20000,18,1.344,0.071,0.140
20000,18,1.622,0.070,0.169
20000,18,1.502,0.077,0.160
20000,18,1.369,0.076,0.140
20000,18,1.258,0.072,0.139
20000,18,1.316,0.072,0.140
20000,18,1.243,0.072,0.140
20000,18,1.342,0.078,0.140
20000,18,3.357,0.081,0.165
20000,18,1.306,0.080,0.140
20000,18,1.513,0.082,0.156
20000,18,1.465,0.080,0.164
20000,18,1.596,0.093,0.164
20000,18,1.445,0.078,0.168
20000,18,13.820,0.072,0.168
20000,18,6.981,0.085,0.160
20000,18,3.462,0.097,0.159
20000,18,3.529,0.077,0.165
20000,18,1.510,0.076,0.160
20000,18,1.368,0.077,0.140
20000,18,1.292,0.078,0.139
20000,18,1.236,0.074,0.140
20000,18,1.301,0.074,0.140
20000,18,1.217,0.071,0.139
20000,18,3.540,2.142,0.145
20000,18,1.243,0.082,0.140
20000,18,1.112,0.073,0.140
20000,18,1.266,0.079,0.140
20000,18,1.415,0.073,0.140
20000,18,1.239,0.071,0.140
20000,18,1.069,0.082,0.140
20000,18,1.201,0.078,0.139
20000,18,1.394,0.076,0.140
20000,18,1.075,0.074,0.140
20000,18,1.138,0.072,0.140
20000,18,1.131,0.074,0.140
20000,18,1.073,0.071,0.140
20000,18,1.179,0.071,0.141
20000,18,1.149,0.072,0.140
20000,18,1.127,0.073,0.140
20000,18,1.196,0.077,0.140
20000,18,1.303,0.075,0.140
20000,18,1.101,0.074,0.139
20000,18,1.085,0.075,0.140
20000,18,1.060,0.074,0.140
20000,18,1.172,0.077,0.140
20000,18,1.206,0.071,0.139
20000,18,1.178,0.075,0.140
20000,18,1.153,0.070,0.140
20000,18,1.022,0.071,0.139
20000,18,12.220,0.072,0.170
20000,18,1.361,0.086,0.140
20000,18,1.296,0.074,0.140
20000,18,1.142,0.071,0.140
20000,18,1.223,0.068,0.140
20000,18,1.331,0.072,0.140
20000,18,1.159,0.069,0.140
20000,18,1.083,0.078,0.140
20000,18,1.100,0.075,0.140
20000,18,1.104,0.073,0.140
20000,18,1.126,0.074,0.140
20000,18,1.038,0.074,0.140
20000,18,1.118,0.072,0.140
20000,18,1.020,0.070,0.140
20000,18,1.080,0.068,0.140
20000,18,1.179,0.072,0.140
20000,18,1.101,0.073,0.140
20000,18,1.086,0.073,0.139
20000,18,1.095,0.071,0.140
20000,18,1.276,0.075,0.140
20000,18,1.394,0.071,0.154
20000,18,1.372,0.070,0.140
20000,18,1.405,0.080,0.140
20000,18,1.394,0.077,0.140
20000,18,1.503,0.081,0.140
20000,18,1.556,0.075,0.164
20000,18,1.353,0.076,0.140
20000,18,1.370,0.075,0.139
20000,18,1.359,0.071,0.140
20000,18,1.343,0.075,0.140
20000,18,1.060,0.073,0.140
20000,18,1.214,0.074,0.140
20000,18,1.149,0.072,0.140
20000,18,1.069,0.074,0.141
20000,18,1.324,0.070,0.140
20000,18,1.411,0.075,0.140
20000,18,13.710,0.080,0.169
20000,18,1.461,0.082,0.151
20000,18,1.313,0.075,0.140
20000,18,1.171,0.085,0.140
20000,18,1.287,0.087,0.140
20000,18,1.300,0.080,0.140
20000,18,1.073,0.076,0.140
20000,18,1.326,0.073,0.140
20000,18,1.451,0.072,0.148
20000,18,1.182,0.073,0.140
20000,18,1.360,0.078,0.140
20000,18,1.317,0.072,0.139
20000,18,1.624,0.069,0.158
20000,18,1.523,0.096,0.164
20000,18,1.535,0.098,0.166
20000,18,1.740,0.102,0.168
20000,18,1.630,0.105,0.160
20000,18,1.409,0.101,0.145
20000,18,1.519,0.097,0.170
20000,18,3.812,0.095,0.171
20000,18,1.783,0.105,0.169
20000,18,1.865,0.106,0.163
20000,18,1.583,0.105,0.159
20000,18,1.617,0.110,0.169
20000,18,1.561,0.102,0.168
20000,18,8.632,0.105,0.160
20000,18,1.694,0.116,0.170
20000,18,3.655,0.087,0.170
20000,18,5.733,2.140,0.165
20000,18,5.835,0.082,0.163
20000,18,3.537,0.090,0.162
20000,18,1.288,0.083,0.140
20000,18,1.395,0.084,0.140
20000,18,1.427,0.082,0.140
20000,18,1.277,0.079,0.140
20000,18,1.650,0.086,0.172
20000,18,13.326,11.750,0.171
20000,18,1.445,0.079,0.140
20000,18,1.366,0.075,0.140
20000,18,1.295,0.075,0.140
20000,18,1.453,0.071,0.154
20000,18,1.421,0.072,0.140
20000,18,1.278,0.070,0.140
20000,18,1.394,0.070,0.140
20000,18,1.251,0.070,0.140
20000,18,1.375,0.072,0.140
20000,18,1.335,0.076,0.140
20000,18,1.454,0.073,0.147
20000,18,1.465,0.075,0.167
20000,18,1.324,0.073,0.140
20000,18,1.532,0.071,0.159
20000,18,1.335,0.072,0.140
20000,18,1.411,0.072,0.140
20000,18,1.415,0.073,0.140
20000,18,1.251,0.073,0.140
20000,18,1.355,0.070,0.140
20000,18,1.147,0.070,0.140
20000,18,1.084,0.070,0.140
20000,18,1.358,0.076,0.140
20000,18,1.072,0.074,0.140
20000,18,1.188,0.080,0.140
20000,18,1.163,0.091,0.140
20000,18,1.341,0.093,0.140
20000,18,1.136,0.111,0.140
20000,18,1.143,0.100,0.140
20000,18,1.144,0.097,0.140
20000,18,1.089,0.111,0.140
20000,18,1.261,0.110,0.140
20000,18,1.332,0.097,0.140
20000,18,1.186,0.105,0.140
20000,18,1.145,0.112,0.140
20000,18,1.429,0.094,0.140
20000,18,25.550,24.134,0.154
20000,18,1.220,0.079,0.140
20000,18,1.057,0.071,0.140
20000,18,1.020,0.077,0.140
20000,18,0.889,0.074,0.140
20000,18,0.947,0.083,0.140
20000,18,1.110,0.076,0.140
20000,18,1.278,0.075,0.140
20000,18,1.009,0.072,0.141
20000,18,1.013,0.072,0.140
20000,18,0.972,0.070,0.140
20000,18,1.179,0.072,0.140
20000,18,2.048,0.082,0.160
20000,18,1.161,0.086,0.140
20000,18,1.155,0.077,0.140
20000,18,1.174,0.075,0.140
20000,18,1.255,0.082,0.140
20000,18,1.264,0.076,0.140
20000,18,1.054,0.073,0.140
20000,18,1.010,0.075,0.140
20000,18,1.125,0.083,0.140
20000,18,1.326,0.102,0.140
20000,18,1.175,0.100,0.140
20000,18,1.133,0.086,0.140
20000,18,1.069,0.084,0.140
20000,18,1.239,0.074,0.140
20000,18,1.421,0.077,0.140
20000,18,1.440,0.078,0.164
20000,18,1.400,0.073,0.169
20000,18,1.274,0.087,0.140
20000,18,1.416,0.079,0.167
20000,18,1.305,0.081,0.140
20000,18,1.598,0.086,0.172
20000,18,1.406,0.073,0.162
20000,18,1.396,0.074,0.140
20000,18,1.616,0.076,0.171
20000,18,12.160,10.540,0.171
20000,18,3.649,0.079,0.168
20000,18,1.662,0.083,0.173
20000,18,1.497,0.081,0.158
20000,18,1.507,0.080,0.174
20000,18,1.560,0.090,0.173
20000,27,1.532,0.102,0.167
20000,27,1.423,0.106,0.140
20000,27,1.572,0.108,0.170
20000,27,1.410,0.106,0.140
20000,27,1.745,0.105,0.166
20000,27,13.039,0.106,0.173
20000,27,1.472,0.112,0.140
20000,27,1.360,0.100,0.140
20000,27,1.483,0.099,0.155
20000,27,1.434,0.099,0.144
20000,27,1.341,0.097,0.140
20000,27,1.540,0.106,0.163
20000,27,1.600,0.107,0.170
20000,27,1.436,0.101,0.140
20000,27,1.374,0.098,0.140
20000,27,1.557,0.097,0.169
20000,27,1.285,0.099,0.140
20000,27,1.358,0.107,0.142
20000,27,1.345,0.100,0.140
20000,27,1.448,0.101,0.145
20000,27,1.353,0.098,0.140
20000,27,1.437,0.101,0.140
20000,27,1.381,0.101,0.140
20000,27,1.261,0.098,0.141
20000,27,1.028,0.098,0.140
20000,27,1.221,0.099,0.140
20000,27,1.227,0.101,0.140
20000,27,1.303,0.099,0.140
20000,27,1.424,0.099,0.156
20000,27,1.609,0.100,0.172
20000,27,22.800,0.105,0.164
20000,27,1.480,0.114,0.161
20000,27,1.622,0.109,0.175
20000,27,1.692,0.102,0.166
20000,27,1.588,0.100,0.171
20000,27,1.618,0.099,0.161
20000,27,1.812,0.100,0.173
20000,27,1.826,0.100,0.173
20000,27,1.673,0.108,0.174
20000,27,1.564,0.102,0.174
20000,27,1.559,0.102,0.167
20000,27,1.718,0.112,0.167
20000,27,3.842,0.108,0.162
20000,27,1.828,0.102,0.171
20000,27,1.772,0.105,0.161
20000,27,1.744,0.114,0.176
20000,27,3.916,0.167,0.168
20000,27,1.632,0.118,0.163
20000,27,1.483,0.105,0.175
20000,27,7.912,0.108,0.173
20000,27,1.845,0.114,0.172
20000,27,8.101,2.194,0.171
20000,27,8.028,2.190,0.180
20000,27,1.761,0.111,0.164
20000,27,12.416,0.111,0.175
20000,27,1.604,0.116,0.178
20000,27,1.441,0.101,0.141
20000,27,1.345,0.099,0.140
20000,27,1.652,0.098,0.182
20000,27,1.430,0.099,0.140
20000,27,1.417,0.101,0.140
20000,27,1.679,0.098,0.169
20000,27,1.355,0.099,0.140
20000,27,1.316,0.106,0.141
20000,27,1.537,0.100,0.160
20000,27,1.520,0.098,0.140
20000,27,1.660,0.100,0.174
20000,27,1.326,0.097,0.140
20000,27,1.493,0.103,0.155
20000,27,1.723,0.101,0.161
20000,27,1.586,0.100,0.166
20000,27,1.442,0.100,0.140
20000,27,1.433,0.099,0.140
20000,27,1.252,0.107,0.140
20000,27,1.571,0.102,0.178
20000,27,1.347,0.099,0.140
20000,27,1.328,0.098,0.140
20000,27,1.313,0.099,0.140
20000,27,1.473,0.098,0.145
20000,27,13.221,0.102,0.176
20000,27,1.631,0.117,0.180
20000,27,1.421,0.104,0.141
20000,27,1.381,0.105,0.141
20000,27,1.304,0.099,0.140
20000,27,1.297,0.101,0.140
20000,27,1.286,0.103,0.140
20000,27,1.290,0.098,0.140
20000,27,1.371,0.099,0.141
20000,27,1.882,0.103,0.174
20000,27,1.482,0.101,0.140
20000,27,1.265,0.097,0.140
20000,27,1.259,0.096,0.140
20000,27,1.333,0.095,0.140
20000,27,1.329,0.101,0.140
20000,27,1.503,0.104,0.173
20000,27,1.544,0.111,0.171
20000,27,1.305,0.104,0.140
20000,27,1.056,0.101,0.140
20000,27,1.296,0.098,0.140
20000,27,1.398,0.102,0.140
20000,27,1.554,0.097,0.176
20000,27,1.331,0.096,0.140
20000,27,1.335,0.098,0.141
20000,27,1.526,0.099,0.161
20000,27,14.002,0.100,0.171
20000,27,1.258,0.119,0.140
20000,27,1.149,0.099,0.140
20000,27,1.137,0.100,0.140
20000,27,1.189,0.108,0.141
20000,27,1.258,0.102,0.140
20000,27,1.532,0.099,0.166
20000,27,1.435,0.101,0.140
20000,27,1.534,0.097,0.158
20000,27,1.309,0.132,0.141
20000,27,1.585,0.132,0.178
20000,27,1.471,0.129,0.152
20000,27,1.344,0.125,0.140
20000,27,1.382,0.151,0.140
20000,27,1.394,0.141,0.140
20000,27,1.466,0.130,0.141
20000,27,1.434,0.139,0.140
20000,27,1.463,0.130,0.146
20000,27,1.463,0.130,0.146
20000,27,1.270,0.127,0.140
20000,27,1.386,0.129,0.140
20000,27,1.372,0.130,0.140
20000,27,1.649,0.125,0.164
20000,27,1.380,0.133,0.141
20000,27,1.403,0.134,0.141
20000,27,14.445,0.137,0.162
20000,27,1.455,0.122,0.169
20000,27,3.674,0.106,0.173
20000,27,1.496,0.102,0.144
20000,27,3.109,0.102,0.166
20000,27,1.671,0.114,0.165
20000,27,3.729,0.106,0.174
20000,27,3.075,0.117,0.169
20000,27,7.957,0.108,0.164
20000,27,1.735,0.114,0.182
20000,27,5.890,2.184,0.173
20000,27,10.126,4.279,0.172
20000,27,1.514,0.128,0.145
20000,27,1.619,0.123,0.173
20000,27,1.417,0.108,0.141
20000,27,1.614,0.116,0.174
20000,27,1.492,0.100,0.146
20000,27,1.266,0.096,0.141
20000,27,1.348,0.097,0.140
20000,27,1.396,0.098,0.140
20000,27,1.570,0.099,0.182
20000,27,1.454,0.108,0.141
20000,27,1.433,0.104,0.140
20000,27,1.530,0.102,0.164
20000,27,24.948,0.099,0.166
20000,27,1.663,0.115,0.181
20000,27,1.414,0.107,0.141
20000,27,1.518,0.104,0.169
20000,27,1.377,0.097,0.141
20000,27,1.325,0.098,0.140
20000,27,1.475,0.099,0.156
20000,27,1.464,0.097,0.167
20000,27,1.369,0.096,0.141
20000,27,1.188,0.097,0.140
20000,27,1.216,0.099,0.141
20000,27,1.345,0.099,0.140
20000,27,1.304,0.099,0.141
20000,27,1.314,0.101,0.141
20000,27,1.410,0.096,0.141
20000,27,1.197,0.095,0.140
20000,27,1.427,0.098,0.141
20000,27,1.363,0.100,0.140
20000,27,1.206,0.099,0.141
20000,27,1.326,0.098,0.140
20000,27,1.128,0.097,0.141
20000,27,1.351,0.099,0.140
20000,27,1.331,0.106,0.140
20000,27,1.602,0.102,0.178
20000,27,1.496,0.099,0.153
20000,27,14.047,0.100,0.163
20000,27,1.495,0.113,0.168
20000,27,1.428,0.104,0.141
20000,27,1.566,0.099,0.169
20000,27,1.548,0.096,0.176
20000,27,1.393,0.105,0.141
20000,27,1.634,0.111,0.173
20000,27,1.402,0.105,0.140
20000,27,1.246,0.100,0.140
20000,27,1.316,0.101,0.140
20000,27,1.324,0.108,0.141
20000,27,1.464,0.105,0.141
20000,27,1.372,0.101,0.140
20000,27,1.380,0.100,0.140
20000,27,1.236,0.102,0.140
20000,27,1.358,0.096,0.141
20000,27,1.338,0.101,0.141
20000,27,1.365,0.096,0.140
20000,27,1.422,0.098,0.141
20000,27,1.340,0.100,0.141
20000,27,1.530,0.098,0.160
20000,27,1.508,0.099,0.152
20000,27,1.330,0.097,0.140
20000,27,1.307,0.096,0.141
20000,27,1.673,0.093,0.168
20000,27,12.735,0.100,0.172
20000,27,1.502,0.107,0.148
20000,27,1.538,0.102,0.158
20000,27,1.402,0.107,0.140
20000,27,1.366,0.107,0.141
20000,27,1.423,0.101,0.141
20000,27,1.336,0.099,0.141
20000,27,1.768,0.108,0.167
20000,27,1.476,0.111,0.141
20000,27,1.398,0.105,0.140
20000,27,1.602,0.103,0.179
20000,27,1.663,0.100,0.166
20000,27,3.498,0.100,0.165
20000,27,1.196,0.107,0.141
20000,27,1.306,0.106,0.141
20000,27,1.240,0.108,0.141
20000,27,1.363,0.105,0.140
20000,27,1.603,0.118,0.170
20000,27,1.736,0.110,0.164
20000,27,1.508,0.110,0.145
20000,27,1.477,0.103,0.153
20000,27,10.087,0.103,0.171
20000,27,5.959,0.129,0.165
20000,27,7.906,2.185,0.178
20000,27,5.883,0.131,0.178
20000,27,13.503,12.002,0.182
20000,27,1.440,0.111,0.141
20000,27,1.317,0.106,0.141
20000,27,1.582,0.102,0.176
20000,27,1.609,0.106,0.181
20000,27,1.385,0.097,0.140
20000,27,1.498,0.097,0.147
20000,27,1.353,0.097,0.140
20000,27,1.396,0.093,0.140
20000,27,1.208,0.105,0.143
20000,27,1.340,0.102,0.141
20000,27,1.189,0.100,0.141
20000,27,1.445,0.099,0.141
20000,27,1.272,0.098,0.140
20000,27,1.310,0.101,0.141
20000,27,1.427,0.097,0.141
20000,27,1.421,0.103,0.140
20000,27,1.371,0.101,0.140
20000,27,1.408,0.100,0.141
20000,27,1.427,0.101,0.146
20000,27,1.619,0.113,0.166
20000,27,1.506,0.102,0.168
20000,27,1.438,0.107,0.141
20000,27,1.188,0.111,0.141
20000,27,1.240,0.101,0.141
20000,27,24.166,22.588,0.184
20000,27,1.450,0.109,0.141
20000,27,1.492,0.110,0.147
20000,27,1.442,0.104,0.141
20000,27,1.348,0.100,0.140
20000,27,1.511,0.107,0.156
20000,27,1.279,0.102,0.140
20000,27,1.387,0.109,0.141
20000,27,1.390,0.100,0.141
20000,27,1.383,0.100,0.141
20000,27,1.607,0.100,0.178
20000,27,1.594,0.103,0.167
20000,27,1.440,0.099,0.148
20000,27,1.457,0.097,0.152
20000,27,1.407,0.101,0.141
20000,27,1.284,0.100,0.141
20000,27,1.319,0.102,0.141
20000,27,1.390,0.104,0.141
20000,27,1.323,0.106,0.140
20000,27,1.436,0.101,0.141
20000,27,1.385,0.099,0.141
20000,27,1.352,0.097,0.141
20000,27,1.411,0.098,0.141
20000,27,1.452,0.099,0.141
20000,27,12.401,0.099,0.177
20000,27,1.479,0.112,0.140
20000,27,1.602,0.101,0.151
20000,27,1.630,0.099,0.160
20000,27,1.762,0.095,0.170
20000,27,1.506,0.097,0.149
20000,27,1.407,0.098,0.141
20000,27,1.368,0.097,0.140
20000,27,1.289,0.099,0.141
20000,27,1.434,0.100,0.141
20000,27,1.536,0.107,0.161
20000,27,1.417,0.107,0.141
20000,27,1.291,0.104,0.141
20000,27,1.300,0.100,0.140
20000,27,1.220,0.096,0.141
20000,27,1.311,0.099,0.141
20000,27,1.355,0.098,0.140
20000,27,1.740,0.101,0.169
20000,27,1.648,0.098,0.173
20000,27,1.744,0.096,0.168
20000,27,1.729,0.103,0.164
20000,27,1.712,0.101,0.177
20000,27,1.594,0.101,0.176
20000,40,1.701,0.142,0.172
20000,40,1.660,0.136,0.165
20000,40,1.732,0.142,0.177
20000,40,1.548,0.135,0.165
20000,40,1.569,0.135,0.171
20000,40,1.464,0.133,0.141
20000,40,1.548,0.133,0.166
20000,40,1.582,0.135,0.166
20000,40,1.634,0.145,0.174
20000,40,1.786,0.143,0.174
20000,40,1.592,0.138,0.168
20000,40,1.603,0.136,0.174
20000,40,1.716,0.135,0.165
20000,40,12.639,0.138,0.177
20000,40,1.407,0.146,0.141
20000,40,1.407,0.136,0.141
20000,40,1.441,0.136,0.141
20000,40,1.606,0.134,0.178
20000,40,1.642,0.134,0.182
20000,40,1.420,0.133,0.155
20000,40,1.453,0.128,0.141
20000,40,1.687,0.135,0.180
20000,40,1.686,0.135,0.164
20000,40,1.605,0.132,0.171
20000,40,1.750,0.135,0.172
20000,40,1.688,0.137,0.173
20000,40,1.763,0.134,0.167
20000,40,1.684,0.136,0.175
20000,40,1.700,0.150,0.177
20000,40,1.783,0.155,0.168
20000,40,13.796,0.142,0.167
20000,40,1.708,0.149,0.170
20000,40,1.743,0.158,0.168
20000,40,1.835,0.149,0.165
20000,40,1.907,0.145,0.174
20000,40,1.851,0.152,0.164
20000,40,1.854,0.158,0.170
20000,40,1.861,0.150,0.175
20000,40,2.002,0.141,0.175
20000,40,2.125,0.139,0.171
20000,40,2.082,0.150,0.167
20000,40,1.771,0.149,0.172
20000,40,1.744,0.142,0.162
20000,40,4.249,2.208,0.182
20000,40,1.882,0.142,0.168
20000,40,1.943,0.144,0.165
20000,40,4.078,2.214,0.180
20000,40,15.148,0.154,0.166
20000,40,2.011,0.154,0.172
20000,40,10.503,0.137,0.168
20000,40,6.096,0.148,0.173
20000,40,6.211,2.220,0.177
20000,40,1.949,0.137,0.173
20000,40,3.803,0.142,0.171
20000,40,1.796,0.138,0.165
20000,40,1.753,0.136,0.175
20000,40,1.661,0.136,0.166
20000,40,1.720,0.148,0.177
20000,40,1.752,0.143,0.170
20000,40,1.690,0.132,0.162
20000,40,1.621,0.134,0.164
20000,40,1.637,0.135,0.183
20000,40,1.705,0.136,0.168
20000,40,1.646,0.136,0.176
20000,40,1.700,0.135,0.172
20000,40,23.895,21.942,0.178
20000,40,1.467,0.141,0.145
20000,40,1.381,0.147,0.141
20000,40,1.755,0.139,0.171
20000,40,1.690,0.143,0.164
20000,40,1.688,0.148,0.169
20000,40,1.419,0.140,0.141
20000,40,1.540,0.140,0.176
20000,40,1.359,0.137,0.141
20000,40,1.502,0.136,0.161
20000,40,1.416,0.133,0.141
20000,40,1.420,0.136,0.141
20000,40,1.305,0.135,0.141
20000,40,1.245,0.132,0.141
20000,40,1.444,0.135,0.141
20000,40,1.522,0.138,0.163
20000,40,1.348,0.144,0.141
20000,40,12.543,0.141,0.161
20000,40,1.484,0.150,0.147
20000,40,1.454,0.139,0.141
20000,40,1.388,0.140,0.141
20000,40,1.716,0.137,0.166
20000,40,1.686,0.139,0.163
20000,40,1.477,0.135,0.141
20000,40,1.685,0.142,0.182
20000,40,1.644,0.138,0.181
20000,40,1.604,0.133,0.169
20000,40,1.722,0.133,0.179
20000,40,1.447,0.136,0.141
20000,40,1.595,0.130,0.168
20000,40,1.702,0.139,0.169
20000,40,1.712,0.133,0.172
20000,40,1.748,0.133,0.177
20000,40,1.385,0.134,0.141
20000,40,13.710,0.140,0.176
20000,40,1.492,0.148,0.155
20000,40,1.556,0.137,0.163
20000,40,1.548,0.141,0.158
20000,40,1.399,0.139,0.141
20000,40,1.422,0.138,0.141
20000,40,1.387,0.138,0.141
20000,40,1.436,0.139,0.148
20000,40,1.595,0.136,0.166
20000,40,1.821,0.145,0.170
20000,40,1.628,0.156,0.175
20000,40,1.744,0.142,0.173
20000,40,1.832,0.137,0.176
20000,40,1.872,0.139,0.173
20000,40,1.410,0.134,0.141
20000,40,1.665,0.134,0.175
20000,40,1.694,0.134,0.168
20000,40,1.559,0.132,0.183
20000,40,19.165,17.420,0.173
20000,40,1.804,0.156,0.171
20000,40,1.471,0.166,0.141
20000,40,1.722,0.144,0.162
20000,40,1.761,0.140,0.177
20000,40,2.052,0.136,0.178
20000,40,1.825,0.134,0.163
20000,40,1.876,0.141,0.168
20000,40,1.799,0.138,0.166
20000,40,1.778,0.134,0.174
20000,40,3.900,2.204,0.182
20000,40,1.994,0.146,0.172
20000,40,1.770,0.142,0.177
20000,40,3.979,2.213,0.174
20000,40,2.019,0.149,0.166
20000,40,1.906,0.146,0.166
20000,40,3.879,0.145,0.172
20000,40,29.004,0.158,0.167
20000,40,1.879,0.153,0.162
20000,40,4.029,0.146,0.171
20000,40,1.945,0.140,0.175
20000,40,2.055,0.149,0.165
20000,40,3.712,0.163,0.172
20000,40,1.469,0.149,0.154
20000,40,1.428,0.142,0.141
20000,40,1.822,0.140,0.177
20000,40,1.599,0.139,0.164
20000,40,1.429,0.138,0.141
20000,40,1.371,0.133,0.141
20000,40,1.474,0.143,0.150
20000,40,1.295,0.131,0.141
20000,40,1.318,0.139,0.141
20000,40,1.639,0.145,0.178
20000,40,1.624,0.139,0.184
20000,40,27.014,0.137,0.173
20000,40,1.902,0.152,0.174
20000,40,1.758,0.139,0.172
20000,40,1.686,0.133,0.175
20000,40,1.841,0.132,0.177
20000,40,1.772,0.135,0.164
20000,40,1.696,0.135,0.178
20000,40,1.474,0.132,0.153
20000,40,1.509,0.147,0.147
20000,40,1.230,0.142,0.141
20000,40,1.527,0.140,0.148
20000,40,1.410,0.138,0.141
20000,40,1.674,0.138,0.163
20000,40,1.573,0.132,0.165
20000,40,1.837,0.133,0.175
20000,40,1.616,0.135,0.174
20000,40,1.619,0.133,0.153
20000,40,1.754,0.135,0.171
20000,40,17.933,16.215,0.172
20000,40,1.727,0.143,0.178
20000,40,1.654,0.134,0.166
20000,40,1.769,0.134,0.177
20000,40,1.915,0.135,0.170
20000,40,1.855,0.133,0.166
20000,40,1.799,0.134,0.170
20000,40,1.722,0.137,0.175
20000,40,1.829,0.130,0.174
20000,40,1.624,0.133,0.177
20000,40,1.407,0.132,0.141
20000,40,1.523,0.130,0.164
20000,40,1.405,0.134,0.141
20000,40,1.578,0.133,0.180
20000,40,1.589,0.143,0.175
20000,40,1.534,0.147,0.171
20000,40,1.593,0.138,0.178
20000,40,13.401,0.143,0.175
20000,40,1.959,0.145,0.176
20000,40,1.628,0.136,0.171
20000,40,1.839,0.145,0.170
20000,40,1.881,0.135,0.175
20000,40,1.796,0.135,0.163
20000,40,1.643,0.137,0.182
20000,40,1.711,0.144,0.174
20000,40,1.608,0.146,0.172
20000,40,1.490,0.144,0.158
20000,40,1.685,0.145,0.181
20000,40,1.749,0.132,0.173
20000,40,1.859,0.133,0.166
20000,40,1.680,0.133,0.174
20000,40,1.542,0.133,0.170
20000,40,1.674,0.135,0.172
20000,40,1.648,0.135,0.180
20000,40,14.037,0.135,0.176
20000,40,1.716,0.145,0.174
20000,40,1.473,0.138,0.145
20000,40,1.612,0.146,0.187
20000,40,1.575,0.139,0.160
20000,40,1.682,0.141,0.176
20000,40,1.911,0.137,0.168
20000,40,1.730,0.147,0.164
20000,40,1.733,0.142,0.179
20000,40,1.736,0.142,0.163
20000,40,3.775,2.222,0.170
20000,40,1.675,0.145,0.176
20000,40,1.504,0.143,0.162
20000,40,3.858,2.210,0.179
20000,40,1.872,0.158,0.166
20000,40,1.732,0.149,0.163
20000,40,3.932,0.144,0.163
20000,40,22.278,0.146,0.170
20000,40,4.075,0.169,0.167
20000,40,1.853,0.149,0.163
20000,40,3.702,2.204,0.189
20000,40,1.849,0.139,0.172
20000,40,1.824,0.136,0.172
20000,40,4.414,0.142,0.163
20000,40,1.807,0.172,0.177
20000,40,1.837,0.156,0.175
20000,40,1.602,0.143,0.168
20000,40,1.736,0.139,0.183
20000,40,1.664,0.137,0.176
20000,40,1.681,0.138,0.172
20000,40,1.632,0.141,0.169
20000,40,1.612,0.142,0.170
20000,40,1.748,0.154,0.169
20000,40,1.448,0.147,0.141
20000,40,27.511,0.147,0.167
20000,40,1.693,0.170,0.184
20000,40,1.739,0.151,0.173
20000,40,1.665,0.143,0.173
20000,40,1.912,0.142,0.178
20000,40,1.550,0.138,0.141
20000,40,1.740,0.137,0.170
20000,40,1.783,0.135,0.169
20000,40,1.902,0.143,0.169
20000,40,1.763,0.138,0.178
20000,40,1.539,0.137,0.146
20000,40,1.741,0.140,0.173
20000,40,1.639,0.135,0.182
20000,40,1.666,0.137,0.172
20000,40,1.645,0.133,0.180
20000,40,1.647,0.141,0.180
20000,40,1.623,0.133,0.164
20000,40,1.590,0.132,0.174
20000,40,15.207,13.389,0.184
20000,40,1.780,0.154,0.176
20000,40,1.753,0.137,0.170
20000,40,1.720,0.137,0.179
20000,40,1.649,0.137,0.181
20000,40,1.589,0.134,0.178
20000,40,1.613,0.133,0.180
20000,40,1.768,0.136,0.164
20000,40,1.807,0.142,0.165
20000,40,1.963,0.136,0.181
20000,40,1.714,0.135,0.180
20000,40,1.708,0.134,0.172
20000,40,1.584,0.135,0.160
20000,40,1.651,0.135,0.172
20000,40,1.714,0.139,0.166
20000,40,1.570,0.141,0.176
20000,40,1.698,0.133,0.182
20000,40,13.688,0.145,0.163
20000,40,1.544,0.150,0.178
20000,40,1.391,0.144,0.141
20000,40,1.383,0.144,0.141
20000,40,1.430,0.135,0.141
20000,40,1.398,0.146,0.141
20000,40,1.607,0.142,0.185
20000,40,1.575,0.138,0.176
20000,40,1.586,0.137,0.168
20000,40,1.640,0.135,0.169
20000,40,1.498,0.135,0.141
20000,40,1.709,0.136,0.178
20000,40,1.910,0.139,0.175
20000,40,1.693,0.138,0.178
20000,40,1.571,0.131,0.178
20000,40,1.692,0.143,0.176
20000,40,1.682,0.141,0.166
20000,40,14.650,0.136,0.165
20000,40,1.511,0.155,0.157
20000,40,1.828,0.147,0.165
20000,40,1.864,0.138,0.175
20000,40,1.827,0.135,0.178
20000,40,1.702,0.138,0.176
20000,40,1.688,0.146,0.174
20000,40,1.896,0.148,0.174
20000,40,1.990,0.148,0.172
20000,40,1.969,0.143,0.174
20000,40,1.925,0.137,0.163
20000,60,2.003,0.214,0.163
20000,60,2.139,0.203,0.179
20000,60,1.855,0.194,0.171
20000,60,2.010,0.192,0.175
20000,60,1.833,0.193,0.172
20000,60,1.672,0.202,0.179
20000,60,1.857,0.194,0.172
20000,60,1.882,0.201,0.165
20000,60,1.988,0.200,0.178
20000,60,1.955,0.193,0.168
20000,60,1.744,0.190,0.181
20000,60,15.023,12.976,0.180
20000,60,2.142,0.195,0.173
20000,60,2.191,0.197,0.166
20000,60,1.998,0.189,0.163
20000,60,1.833,0.186,0.166
20000,60,2.018,0.185,0.179
20000,60,2.068,0.193,0.177
20000,60,1.921,0.198,0.167
20000,60,1.979,0.190,0.162
20000,60,2.089,0.187,0.175
20000,60,2.005,0.191,0.163
20000,60,24.490,0.192,0.166
20000,60,1.763,0.211,0.177
20000,60,1.739,0.199,0.179
20000,60,1.865,0.198,0.171
20000,60,1.784,0.200,0.176
20000,60,1.781,0.194,0.163
20000,60,1.789,0.189,0.162
20000,60,2.026,0.188,0.166
20000,60,1.910,0.193,0.172
20000,60,2.128,0.207,0.176
20000,60,1.945,0.214,0.173
20000,60,1.624,0.205,0.169
20000,60,13.270,0.200,0.164
20000,60,1.955,0.226,0.173
20000,60,2.171,0.203,0.174
20000,60,2.091,0.194,0.163
20000,60,2.191,0.191,0.169
20000,60,1.969,0.209,0.178
20000,60,2.093,0.203,0.177
20000,60,4.231,2.275,0.184
20000,60,2.035,0.212,0.172
20000,60,4.347,2.274,0.182
20000,60,2.241,0.211,0.167
20000,60,4.169,2.281,0.181
20000,60,14.209,12.088,0.184
20000,60,10.995,0.209,0.170
20000,60,10.840,2.336,0.178
20000,60,2.164,0.223,0.167
20000,60,4.369,2.294,0.174
20000,60,2.058,0.268,0.174
20000,60,2.068,0.259,0.173
20000,60,1.976,0.260,0.173
20000,60,2.147,0.280,0.177
20000,60,1.904,0.265,0.168
20000,60,2.192,0.274,0.162
20000,60,15.742,0.268,0.173
20000,60,1.894,0.217,0.173
20000,60,2.337,0.201,0.167
20000,60,1.735,0.201,0.166
20000,60,1.992,0.195,0.176
20000,60,1.750,0.186,0.165
20000,60,1.891,0.192,0.175
20000,60,1.852,0.190,0.169
20000,60,1.691,0.193,0.179
20000,60,1.752,0.202,0.163
20000,60,2.168,0.200,0.177
20000,60,1.991,0.192,0.167
20000,60,24.379,22.364,0.183
20000,60,1.843,0.194,0.169
20000,60,1.929,0.195,0.171
20000,60,2.225,0.196,0.177
20000,60,2.106,0.191,0.165
20000,60,2.184,0.195,0.170
20000,60,1.901,0.189,0.167
20000,60,1.658,0.191,0.171
20000,60,1.616,0.195,0.164
20000,60,1.858,0.206,0.169
20000,60,1.895,0.213,0.168
20000,60,12.614,0.194,0.169
20000,60,2.001,0.224,0.171
20000,60,1.974,0.196,0.172
20000,60,2.149,0.191,0.176
20000,60,2.084,0.190,0.174
20000,60,1.985,0.190,0.173
20000,60,1.914,0.187,0.166
20000,60,1.872,0.182,0.176
20000,60,1.710,0.186,0.175
20000,60,1.779,0.184,0.165
20000,60,1.783,0.188,0.165
20000,60,1.726,0.184,0.170
20000,60,14.395,0.189,0.169
20000,60,2.117,0.210,0.164
20000,60,2.053,0.211,0.178
20000,60,1.980,0.193,0.165
20000,60,2.044,0.188,0.174
20000,60,1.951,0.183,0.166
20000,60,1.908,0.183,0.174
20000,60,1.881,0.187,0.164
20000,60,1.779,0.186,0.168
20000,60,1.613,0.195,0.169
20000,60,1.838,0.189,0.170
20000,60,1.847,0.210,0.168
20000,60,15.028,0.200,0.168
20000,60,2.069,0.207,0.172
20000,60,1.997,0.193,0.167
20000,60,2.039,0.189,0.163
20000,60,2.143,0.189,0.176
20000,60,1.935,0.188,0.167
20000,60,1.802,0.192,0.167
20000,60,1.967,0.196,0.177
20000,60,1.929,0.197,0.171
20000,60,1.961,0.193,0.174
20000,60,1.918,0.192,0.174
20000,60,1.933,0.188,0.164
20000,60,26.311,24.457,0.187
20000,60,1.579,0.195,0.167
20000,60,1.925,0.209,0.175
20000,60,2.047,0.218,0.169
20000,60,2.087,0.204,0.168
20000,60,4.100,2.263,0.188
20000,60,1.999,0.195,0.177
20000,60,4.366,2.275,0.179
20000,60,2.105,0.225,0.169
20000,60,4.179,0.213,0.164
20000,60,1.801,0.215,0.170
20000,60,22.266,0.197,0.176
20000,60,2.172,0.229,0.169
20000,60,4.063,0.203,0.172
20000,60,1.920,0.200,0.167
20000,60,4.060,0.196,0.165
20000,60,2.162,0.197,0.165
20000,60,4.327,0.194,0.174
20000,60,1.741,0.194,0.166
20000,60,1.877,0.194,0.165
20000,60,1.988,0.193,0.171
20000,60,2.053,0.192,0.176
20000,60,1.954,0.188,0.166
20000,60,13.899,0.191,0.176
20000,60,2.058,0.203,0.164
20000,60,2.002,0.188,0.175
20000,60,1.995,0.203,0.163
20000,60,1.971,0.197,0.176
20000,60,1.892,0.195,0.179
20000,60,1.850,0.190,0.174
20000,60,1.958,0.189,0.173
20000,60,1.774,0.196,0.165
20000,60,1.787,0.192,0.174
20000,60,2.171,0.183,0.176
20000,60,1.993,0.186,0.173
20000,60,14.538,0.204,0.166
20000,60,1.888,0.207,0.178
20000,60,1.754,0.204,0.180
20000,60,1.879,0.195,0.165
20000,60,1.999,0.192,0.176
20000,60,2.073,0.192,0.182
20000,60,2.047,0.221,0.165
20000,60,1.916,0.197,0.176
20000,60,1.931,0.192,0.172
20000,60,1.862,0.188,0.173
20000,60,1.938,0.194,0.165
20000,60,2.114,0.197,0.180
20000,60,30.755,28.804,0.177
20000,60,1.923,0.196,0.179
20000,60,1.941,0.186,0.171
20000,60,1.972,0.184,0.166
20000,60,1.845,0.187,0.167
20000,60,2.068,0.202,0.166
20000,60,2.017,0.194,0.181
20000,60,1.902,0.185,0.167
20000,60,1.942,0.188,0.176
20000,60,1.738,0.191,0.175
20000,60,1.998,0.203,0.168
20000,60,13.408,0.189,0.176
20000,60,2.057,0.213,0.178
20000,60,2.055,0.216,0.178
20000,60,2.032,0.201,0.175
20000,60,1.950,0.198,0.173
20000,60,1.912,0.194,0.171
20000,60,1.946,0.194,0.169
20000,60,1.873,0.182,0.181
20000,60,1.777,0.182,0.171
20000,60,1.996,0.187,0.168
20000,60,1.841,0.193,0.174
20000,60,1.890,0.196,0.169
20000,60,14.490,0.195,0.181
20000,60,2.232,0.215,0.174
20000,60,2.029,0.200,0.174
20000,60,2.030,0.201,0.178
20000,60,1.976,0.226,0.180
20000,60,1.966,0.204,0.173
20000,60,1.927,0.200,0.169
20000,60,1.824,0.195,0.173
20000,60,1.868,0.188,0.177
20000,60,1.947,0.188,0.169
20000,60,1.879,0.188,0.175
20000,60,1.708,0.196,0.165
20000,60,16.300,14.371,0.177
20000,60,2.149,0.187,0.177
20000,60,2.339,0.200,0.175
20000,60,2.068,0.193,0.173
20000,60,2.015,0.185,0.163
20000,60,2.069,0.190,0.178
20000,60,1.797,0.209,0.167
20000,60,1.995,0.198,0.173
20000,60,4.083,2.265,0.192
20000,60,1.996,0.190,0.168
20000,60,4.442,2.270,0.181
20000,60,15.668,0.207,0.179
20000,60,4.458,0.214,0.166
20000,60,2.132,0.216,0.163
20000,60,11.648,0.196,0.164
20000,60,10.756,0.227,0.179
20000,60,10.494,4.400,0.186
20000,60,1.891,0.206,0.176
20000,60,1.704,0.195,0.171
20000,60,1.698,0.191,0.174
20000,60,1.827,0.193,0.164
20000,60,1.961,0.213,0.167
20000,60,1.917,0.197,0.179
20000,60,26.727,0.193,0.168
20000,60,1.909,0.219,0.167
20000,60,2.030,0.201,0.179
20000,60,1.744,0.189,0.175
20000,60,1.742,0.190,0.178
20000,60,2.007,0.184,0.176
20000,60,1.873,0.189,0.170
20000,60,1.844,0.186,0.180
20000,60,1.992,0.192,0.171
20000,60,1.970,0.185,0.171
20000,60,2.095,0.190,0.177
20000,60,1.924,0.182,0.174
20000,60,13.433,11.536,0.173
20000,60,2.207,0.196,0.169
20000,60,1.922,0.191,0.165
20000,60,2.052,0.185,0.179
20000,60,1.875,0.186,0.175
20000,60,1.778,0.185,0.178
20000,60,1.776,0.188,0.164
20000,60,1.876,0.188,0.168
20000,60,1.868,0.183,0.163
20000,60,2.133,0.185,0.174
20000,60,1.893,0.186,0.181
20000,60,13.778,0.191,0.168
20000,60,1.915,0.224,0.180
20000,60,2.018,0.203,0.163
20000,60,1.821,0.196,0.174
20000,60,1.688,0.193,0.177
20000,60,1.763,0.207,0.165
20000,60,2.064,0.198,0.173
20000,60,2.064,0.193,0.169
20000,60,1.594,0.188,0.181
20000,60,2.155,0.191,0.172
20000,60,1.847,0.216,0.177
20000,60,1.939,0.213,0.172
20000,60,14.575,0.198,0.179
20000,60,1.980,0.215,0.164
20000,60,1.846,0.194,0.173
20000,60,1.775,0.199,0.165
20000,60,1.942,0.200,0.178
20000,60,2.034,0.195,0.173
20000,60,2.080,0.194,0.178
20000,60,1.924,0.192,0.179
20000,60,1.772,0.199,0.181
20000,60,2.061,0.199,0.175
20000,60,1.751,0.187,0.176
20000,60,1.741,0.181,0.177
20000,60,24.293,0.187,0.165
20000,60,2.107,0.199,0.178
20000,60,2.158,0.194,0.180
20000,60,1.894,0.192,0.179
20000,60,1.994,0.196,0.173
20000,60,1.775,0.192,0.175
20000,60,1.867,0.199,0.172
20000,60,1.881,0.187,0.173
20000,60,2.042,0.192,0.181
20000,60,1.913,0.188,0.180
20000,60,1.970,0.189,0.180
20000,60,2.137,0.187,0.169
20000,60,12.936,10.880,0.179
20000,60,2.053,0.196,0.169
20000,60,2.323,0.213,0.176
20000,60,1.908,0.221,0.176
20000,60,2.130,0.203,0.178
20000,60,4.139,2.266,0.182
20000,60,2.093,0.194,0.168
20000,60,4.270,2.273,0.188
20000,60,2.187,0.205,0.176
20000,60,4.112,0.216,0.176
20000,60,2.018,0.212,0.166
20000,60,23.274,0.197,0.181
20000,60,4.293,2.305,0.182
20000,60,2.128,0.204,0.175
20000,60,4.141,2.259,0.189
20000,60,2.159,0.196,0.181
20000,60,4.189,0.195,0.178
20000,60,1.883,0.203,0.178
20000,60,1.887,0.204,0.174
20000,60,1.956,0.199,0.165
20000,90,2.297,0.277,0.178
20000,90,24.842,0.274,0.169
20000,90,2.320,0.308,0.170
20000,90,2.203,0.282,0.171
20000,90,2.419,0.270,0.180
20000,90,2.349,0.277,0.171
20000,90,2.391,0.274,0.178
20000,90,2.184,0.268,0.167
20000,90,2.331,0.264,0.164
20000,90,13.716,0.283,0.178
20000,90,2.596,0.282,0.167
20000,90,2.579,0.277,0.167
20000,90,2.643,0.285,0.174
20000,90,2.314,0.276,0.168
20000,90,2.216,0.268,0.173
20000,90,2.332,0.271,0.176
20000,90,2.366,0.270,0.164
20000,90,14.132,0.263,0.167
20000,90,2.522,0.301,0.166
20000,90,2.121,0.273,0.173
20000,90,2.507,0.280,0.172
20000,90,2.397,0.293,0.171
20000,90,2.194,0.284,0.166
20000,90,2.213,0.274,0.168
20000,90,2.338,0.269,0.173
20000,90,15.314,0.286,0.177
20000,90,2.518,0.295,0.176
20000,90,2.476,0.290,0.164
20000,90,2.476,0.296,0.168
20000,90,4.582,0.274,0.170
20000,90,4.402,0.282,0.173
20000,90,2.377,0.313,0.177
20000,90,4.680,0.286,0.179
20000,90,18.327,0.294,0.164
20000,90,2.560,0.294,0.167
20000,90,12.479,8.034,0.175
20000,90,17.237,6.598,0.182
20000,90,2.508,0.285,0.163
20000,90,2.146,0.279,0.171
20000,90,2.287,0.284,0.174
20000,90,2.618,0.271,0.167
20000,90,33.761,0.269,0.166
20000,90,2.280,0.291,0.164
20000,90,2.341,0.268,0.174
20000,90,2.111,0.274,0.178
20000,90,2.273,0.293,0.166
20000,90,2.415,0.280,0.170
20000,90,2.480,0.285,0.180
20000,90,2.689,0.294,0.177
20000,90,14.676,0.286,0.176
20000,90,2.448,0.304,0.172
20000,90,2.243,0.274,0.165
20000,90,2.323,0.266,0.179
20000,90,2.378,0.272,0.172
20000,90,2.252,0.273,0.172
20000,90,2.270,0.283,0.174
20000,90,2.273,0.297,0.180
20000,90,14.409,0.299,0.164
20000,90,2.478,0.322,0.177
20000,90,2.346,0.299,0.167
20000,90,2.273,0.288,0.166
20000,90,2.250,0.273,0.163
20000,90,2.451,0.273,0.169
20000,90,2.390,0.265,0.177
20000,90,2.415,0.293,0.163
20000,90,15.159,0.320,0.179
20000,90,2.490,0.297,0.166
20000,90,2.227,0.295,0.171
20000,90,2.110,0.285,0.176
20000,90,2.321,0.276,0.173
20000,90,2.339,0.282,0.176
20000,90,2.312,0.275,0.167
20000,90,2.464,0.280,0.167
20000,90,24.645,22.370,0.185
20000,90,2.406,0.271,0.172
20000,90,2.286,0.269,0.167
20000,90,2.515,0.271,0.178
20000,90,2.432,0.267,0.173
20000,90,2.350,0.265,0.179
20000,90,2.388,0.277,0.174
20000,90,2.206,0.293,0.171
20000,90,13.047,11.035,0.182
20000,90,2.324,0.280,0.167
20000,90,2.342,0.272,0.177
20000,90,2.322,0.270,0.177
20000,90,2.242,0.270,0.166
20000,90,2.547,0.264,0.181
20000,90,2.366,0.272,0.172
20000,90,2.545,0.272,0.177
20000,90,15.095,12.782,0.178
20000,90,2.546,0.301,0.169
20000,90,2.585,0.293,0.177
20000,90,2.372,0.279,0.175
20000,90,2.432,0.277,0.164
20000,90,2.675,0.268,0.174
20000,90,2.430,0.287,0.171
20000,90,2.581,0.284,0.173
20000,90,15.341,12.933,0.187
20000,90,2.484,0.280,0.175
20000,90,2.485,0.280,0.165
20000,90,2.540,0.271,0.169
20000,90,2.505,0.287,0.176
20000,90,2.630,0.278,0.183
20000,90,2.514,0.272,0.165
20000,90,16.708,0.282,0.174
20000,90,2.864,0.327,0.175
20000,90,4.854,0.320,0.169
20000,90,5.031,0.293,0.169
20000,90,2.957,0.322,0.175
20000,90,5.321,2.410,0.183
20000,90,5.143,0.326,0.179
20000,90,13.245,0.336,0.179
20000,90,46.526,6.609,0.183
20000,90,4.789,0.348,0.165
20000,90,2.515,0.322,0.165
20000,90,2.473,0.320,0.164
20000,90,2.390,0.299,0.171
20000,90,2.472,0.301,0.173
20000,90,2.571,0.312,0.177
20000,90,2.490,0.312,0.173
20000,90,19.684,0.319,0.163
20000,90,2.232,0.315,0.171
20000,90,2.110,0.291,0.181
20000,90,2.462,0.295,0.167
20000,90,2.465,0.303,0.169
20000,90,2.385,0.299,0.181
20000,90,2.188,0.312,0.167
20000,90,2.152,0.285,0.166
20000,90,14.506,0.301,0.175
20000,90,2.422,0.307,0.174
20000,90,2.467,0.297,0.181
20000,90,2.548,0.324,0.179
20000,90,2.263,0.290,0.170
20000,90,2.295,0.291,0.178
20000,90,2.086,0.285,0.169
20000,90,2.279,0.282,0.169
20000,90,15.655,0.302,0.163
20000,90,3.864,0.302,0.170
20000,90,2.396,0.297,0.180
20000,90,2.520,0.302,0.168
20000,90,3.971,0.300,0.174
20000,90,2.454,0.311,0.166
20000,90,2.439,0.307,0.167
20000,90,2.553,0.317,0.177
20000,90,26.701,24.409,0.184
20000,90,2.393,0.301,0.177
20000,90,2.211,0.305,0.170
20000,90,2.108,0.315,0.177
20000,90,2.144,0.287,0.175
20000,90,2.275,0.287,0.175
20000,90,2.488,0.279,0.169
20000,90,2.265,0.279,0.174
20000,90,13.253,11.204,0.177
20000,90,2.068,0.285,0.172
20000,90,2.367,0.272,0.178
20000,90,2.291,0.279,0.181
20000,90,2.258,0.294,0.170
20000,90,2.425,0.289,0.175
20000,90,2.457,0.278,0.168
20000,90,14.745,0.281,0.176
20000,90,2.673,0.317,0.177
20000,90,2.680,0.287,0.171
20000,90,2.601,0.278,0.180
20000,90,2.606,0.276,0.178
20000,90,2.490,0.281,0.168
20000,90,2.424,0.266,0.174
20000,90,2.346,0.267,0.170
20000,90,15.351,0.265,0.179
20000,90,2.307,0.281,0.167
20000,90,2.193,0.268,0.166
20000,90,2.292,0.271,0.173
20000,90,2.592,0.267,0.172
20000,90,2.163,0.271,0.169
20000,90,2.241,0.279,0.166
20000,90,2.028,0.269,0.179
20000,90,27.377,0.271,0.167
20000,90,2.578,0.291,0.180
20000,90,2.401,0.287,0.165
20000,90,2.401,0.287,0.171
20000,90,2.600,0.276,0.175
20000,90,2.563,0.280,0.172
20000,90,2.351,0.300,0.171
20000,90,2.532,0.287,0.177
20000,90,13.640,0.276,0.181
20000,90,2.766,0.314,0.169
20000,90,4.751,2.348,0.183
20000,90,4.781,0.286,0.166
20000,90,2.699,0.299,0.168
20000,90,4.978,2.380,0.189
20000,90,4.925,0.312,0.181
20000,90,13.601,0.327,0.172
20000,90,24.166,6.666,0.177
20000,90,2.595,0.306,0.179
20000,90,4.238,0.282,0.174
20000,90,2.577,0.303,0.179
20000,90,2.583,0.376,0.170
20000,90,2.806,0.395,0.182
20000,90,2.698,0.384,0.181
20000,90,2.664,0.374,0.167
20000,90,16.473,0.385,0.167
20000,90,2.245,0.293,0.180
20000,90,2.279,0.280,0.164
20000,90,2.423,0.274,0.182
20000,90,2.372,0.286,0.173
20000,90,2.565,0.290,0.168
20000,90,2.281,0.271,0.168
20000,90,2.284,0.274,0.176
20000,90,24.726,0.274,0.164
20000,90,2.286,0.289,0.164
20000,90,2.335,0.296,0.180
20000,90,2.278,0.285,0.173
20000,90,2.291,0.265,0.172
20000,90,2.370,0.264,0.170
20000,90,2.492,0.284,0.178
20000,90,2.466,0.297,0.163
20000,90,13.465,0.311,0.176
20000,90,2.441,0.297,0.178
20000,90,2.435,0.285,0.172
20000,90,2.429,0.283,0.170
20000,90,2.496,0.274,0.175
20000,90,2.408,0.274,0.180
20000,90,2.476,0.279,0.176
20000,90,2.198,0.268,0.177
20000,90,13.984,11.603,0.184
20000,90,2.522,0.278,0.180
20000,90,2.308,0.272,0.178
20000,90,2.316,0.281,0.178
20000,90,2.375,0.277,0.176
20000,90,2.301,0.270,0.167
20000,90,2.379,0.344,0.166
20000,90,2.386,0.273,0.181
20000,90,15.723,13.507,0.189
20000,90,2.157,0.288,0.166
20000,90,2.147,0.270,0.169
20000,90,2.121,0.268,0.181
20000,90,2.205,0.267,0.179
20000,90,2.223,0.266,0.173
20000,90,2.257,0.275,0.172
20000,90,2.399,0.275,0.173
20000,90,24.919,22.560,0.186
20000,90,2.442,0.323,0.163
20000,90,2.497,0.298,0.169
20000,90,2.309,0.281,0.166
20000,90,2.413,0.284,0.163
20000,90,2.607,0.278,0.168
20000,90,2.424,0.275,0.170
20000,90,13.383,0.279,0.175
20000,90,2.458,0.301,0.163
20000,90,2.373,0.282,0.168
20000,90,2.147,0.283,0.175
20000,90,2.637,0.285,0.167
20000,90,2.547,0.279,0.172
20000,90,2.529,0.286,0.169
20000,90,2.431,0.285,0.180
20000,90,13.756,0.277,0.176
20000,90,2.370,0.307,0.181
20000,90,2.407,0.290,0.165
20000,90,2.382,0.288,0.179
20000,90,2.329,0.276,0.174
20000,90,2.328,0.283,0.178
20000,90,2.485,0.286,0.171
20000,90,2.331,0.275,0.181
20000,90,15.706,0.272,0.179
20000,90,2.492,0.309,0.171
20000,90,4.421,0.291,0.166
20000,90,4.469,0.295,0.166
20000,90,2.518,0.309,0.175
20000,90,4.506,2.367,0.182
20000,90,4.518,0.294,0.166
20000,90,2.571,0.288,0.171
20000,90,26.498,9.372,0.188
20000,90,4.795,0.312,0.181
20000,90,2.585,0.312,0.177
20000,90,4.677,2.350,0.192
20000,90,4.679,0.285,0.173
20000,90,2.352,0.288,0.177
20000,90,2.375,0.290,0.180
20000,90,2.142,0.275,0.177
20000,90,27.450,0.292,0.170
20000,90,2.471,0.330,0.171
20000,90,2.369,0.342,0.181
20000,90,2.479,0.331,0.176
20000,90,2.523,0.312,0.164
20000,90,2.374,0.291,0.163
20000,90,2.466,0.289,0.175
20000,90,2.333,0.282,0.167
20000,90,14.559,0.288,0.164
20000,90,2.471,0.306,0.166
20000,90,2.372,0.293,0.166
20000,90,2.362,0.308,0.179
20000,90,2.310,0.287,0.171
20000,90,2.476,0.288,0.180
20000,90,2.462,0.297,0.176
20000,90,2.293,0.284,0.163
20000,90,14.980,12.662,0.183
20000,90,2.455,0.297,0.175
20000,90,2.370,0.284,0.180
20000,90,2.754,0.417,0.170
20000,90,2.957,0.411,0.167
20000,90,2.559,0.401,0.167
20000,140,3.233,0.437,0.165
20000,140,3.044,0.413,0.165
20000,140,13.663,10.992,0.185
20000,140,3.038,0.426,0.167
20000,140,3.005,0.413,0.164
20000,140,2.898,0.401,0.164
20000,140,3.203,0.402,0.173
20000,140,15.246,12.188,0.182
20000,140,3.282,0.416,0.170
20000,140,3.136,0.410,0.174
20000,140,3.034,0.417,0.172
20000,140,2.786,0.414,0.163
20000,140,15.837,13.057,0.196
20000,140,3.098,0.412,0.179
20000,140,3.187,0.409,0.163
20000,140,5.188,0.442,0.172
20000,140,5.298,0.445,0.164
20000,140,19.279,0.445,0.172
20000,140,5.367,0.459,0.174
20000,140,13.274,0.422,0.178
20000,140,20.103,0.425,0.168
20000,140,3.384,0.528,0.183
20000,140,27.311,0.420,0.164
20000,140,2.969,0.440,0.169
20000,140,3.357,0.429,0.182
20000,140,3.111,0.463,0.170
20000,140,3.085,0.427,0.173
20000,140,13.991,0.409,0.174
20000,140,3.065,0.442,0.180
20000,140,3.406,0.420,0.184
20000,140,3.121,0.413,0.160
20000,140,3.132,0.407,0.173
20000,140,15.440,0.443,0.181
20000,140,3.186,0.454,0.172
20000,140,3.446,0.425,0.177
20000,140,3.237,0.408,0.172
20000,140,3.024,0.413,0.167
20000,140,15.556,0.414,0.172
20000,140,3.106,0.446,0.182
20000,140,3.266,0.616,0.171
20000,140,3.208,0.434,0.165
20000,140,3.318,0.428,0.179
20000,140,18.455,0.442,0.182
20000,140,5.329,0.441,0.168
20000,140,5.768,0.447,0.176
20000,140,5.512,0.481,0.165
20000,140,5.617,0.480,0.171
20000,140,44.054,0.467,0.163
20000,140,5.327,0.460,0.181
20000,140,5.313,2.509,0.176
20000,140,5.375,2.582,0.196
20000,140,3.238,0.410,0.178
20000,140,14.255,0.407,0.170
20000,140,3.112,0.438,0.177
20000,140,3.184,0.444,0.181
20000,140,3.307,0.427,0.182
20000,140,3.058,0.425,0.177
20000,140,15.579,0.420,0.177
20000,140,3.144,0.448,0.180
20000,140,3.195,0.420,0.180
20000,140,3.185,0.425,0.164
20000,140,3.012,0.419,0.165
20000,140,15.591,0.441,0.177
20000,140,3.270,0.464,0.173
20000,140,3.096,0.417,0.177
20000,140,3.184,0.423,0.182
20000,140,3.059,0.418,0.177
20000,140,3.172,0.413,0.175
20000,140,25.941,23.018,0.189
20000,140,3.028,0.423,0.169
20000,140,3.142,0.413,0.174
20000,140,3.112,0.464,0.168
20000,140,3.272,0.428,0.175
20000,140,14.246,11.281,0.184
20000,140,3.203,0.463,0.163
20000,140,3.111,0.425,0.178
20000,140,3.168,0.421,0.175
20000,140,3.258,0.441,0.182
20000,140,15.063,12.162,0.194
20000,140,3.229,0.425,0.183
20000,140,3.234,0.420,0.174
20000,140,3.194,0.444,0.179
20000,140,3.148,0.422,0.164
20000,140,15.863,13.009,0.189
20000,140,3.175,0.428,0.166
20000,140,3.136,0.432,0.174
20000,140,3.274,0.416,0.179
20000,140,3.110,0.420,0.165
20000,140,24.781,0.427,0.166
20000,140,3.303,0.450,0.180
20000,140,3.530,0.454,0.174
20000,140,3.215,0.470,0.173
20000,140,3.138,0.434,0.170
20000,140,16.547,0.413,0.182
20000,140,3.702,0.515,0.163
20000,140,3.914,0.520,0.166
20000,140,3.781,0.508,0.163
20000,140,3.445,0.528,0.180
20000,140,17.069,0.494,0.179
20000,140,3.558,0.474,0.174
20000,140,3.499,0.453,0.172
20000,140,3.455,0.428,0.175
20000,140,3.402,0.435,0.164
20000,140,19.131,0.462,0.165
20000,140,3.218,0.458,0.177
20000,140,3.314,0.437,0.177
20000,140,3.289,0.433,0.168
20000,140,3.421,0.406,0.164
20000,140,26.297,0.396,0.181
20000,140,3.231,0.428,0.164
20000,140,3.453,0.444,0.167
20000,140,3.231,0.429,0.169
20000,140,3.146,0.431,0.173
20000,140,15.349,0.425,0.180
20000,140,3.213,0.434,0.175
20000,140,3.332,0.417,0.181
20000,140,3.132,0.413,0.175
20000,140,3.093,0.427,0.174
20000,140,17.188,0.416,0.170
20000,140,3.262,0.453,0.172
20000,140,3.519,0.410,0.182
20000,140,3.220,0.409,0.171
20000,140,3.565,0.393,0.176
20000,140,18.413,0.417,0.178
20000,140,5.485,0.444,0.172
20000,140,5.493,0.428,0.172
20000,140,5.465,0.442,0.178
20000,140,14.562,0.432,0.172
20000,140,22.408,0.465,0.176
20000,140,25.909,22.840,0.187
20000,140,3.321,0.405,0.161
20000,140,3.200,0.397,0.175
20000,140,3.105,0.408,0.177
20000,140,3.183,0.415,0.181
20000,140,14.323,11.404,0.184
20000,140,3.419,0.434,0.167
20000,140,3.254,0.417,0.179
20000,140,2.955,0.422,0.177
20000,140,3.062,0.420,0.178
20000,140,14.675,11.748,0.189
20000,140,3.052,0.410,0.163
20000,140,3.337,0.403,0.180
20000,140,3.049,0.400,0.181
20000,140,3.267,0.415,0.179
20000,140,14.880,0.405,0.181
20000,140,3.194,0.441,0.183
20000,140,3.154,0.438,0.179
20000,140,3.142,0.411,0.169
20000,140,3.200,0.399,0.176
20000,140,24.330,0.414,0.177
20000,140,3.193,0.426,0.167
20000,140,2.985,0.400,0.176
20000,140,3.280,0.413,0.163
20000,140,3.290,0.403,0.173
20000,140,15.527,0.411,0.180
20000,140,6.174,0.490,0.165
20000,140,5.532,0.467,0.165
20000,140,5.542,0.461,0.173
20000,140,5.380,0.482,0.183
20000,140,24.745,0.429,0.172
20000,140,5.464,0.462,0.185
20000,140,5.347,2.517,0.196
20000,140,5.483,2.556,0.176
20000,140,5.394,2.521,0.189
20000,140,17.048,0.460,0.174
20000,140,3.162,0.455,0.174
20000,140,3.117,0.402,0.175
20000,140,3.109,0.414,0.186
20000,140,3.580,0.425,0.179
20000,140,2.964,0.413,0.181
20000,140,25.018,22.059,0.182
20000,140,3.219,0.427,0.183
20000,140,3.328,0.447,0.172
20000,140,3.075,0.452,0.166
20000,140,3.208,0.406,0.175
20000,140,14.350,11.453,0.192
20000,140,3.134,0.419,0.169
20000,140,2.896,0.407,0.180
20000,140,3.131,0.401,0.176
20000,140,3.155,0.398,0.164
20000,140,14.665,0.401,0.179
20000,140,3.316,0.411,0.163
20000,140,3.352,0.412,0.181
20000,140,3.168,0.416,0.165
20000,140,2.859,0.403,0.170
20000,140,16.285,0.410,0.166
20000,140,3.141,0.424,0.172
20000,140,3.260,0.412,0.180
20000,140,3.293,0.413,0.168
20000,140,3.254,0.412,0.167
20000,140,26.219,0.403,0.180
20000,140,3.421,0.441,0.182
20000,140,3.442,0.450,0.163
20000,140,3.211,0.425,0.176
20000,140,3.436,0.448,0.167
20000,140,18.652,0.402,0.147
20000,140,4.031,0.437,0.150
20000,140,3.628,0.411,0.147
20000,140,3.744,0.417,0.146
20000,140,3.479,0.410,0.148
20000,140,15.906,0.408,0.148
20000,140,3.998,0.434,0.150
20000,140,3.617,0.442,0.149
20000,140,3.736,0.416,0.146
20000,140,3.540,0.419,0.147
20000,140,3.769,0.410,0.146
20000,140,17.539,13.581,0.147
20000,140,3.220,0.410,0.144
20000,140,3.861,0.439,0.148
20000,140,3.860,0.420,0.145
20000,140,3.799,0.400,0.146
20000,140,28.324,24.346,0.146
20000,140,3.878,0.426,0.146
20000,140,3.805,0.412,0.146
20000,140,3.664,0.412,0.145
20000,140,3.857,0.408,0.144
20000,140,17.862,13.359,0.147
20000,140,3.617,0.439,0.144
20000,140,3.899,0.414,0.145
20000,140,5.593,0.476,0.148
20000,140,6.065,0.440,0.145
20000,140,18.158,0.459,0.146
20000,140,6.102,0.467,0.144
20000,140,14.209,0.432,0.146
20000,140,21.110,6.689,0.147
20000,140,4.034,0.465,0.146
20000,140,22.071,0.403,0.146
20000,140,3.609,0.423,0.146
20000,140,3.072,0.412,0.145
20000,140,3.884,0.401,0.145
20000,140,3.869,0.400,0.145
20000,140,25.624,0.398,0.145
20000,140,3.687,0.422,0.145
20000,140,6.684,0.405,0.146
20000,140,3.319,0.448,0.144
20000,140,3.376,0.428,0.145
20000,140,14.700,0.448,0.145
20000,140,3.627,0.432,0.148
20000,140,3.931,0.415,0.144
20000,140,3.717,0.401,0.144
20000,140,3.328,0.395,0.144
20000,140,15.678,0.406,0.147
20000,140,3.409,0.422,0.145
20000,140,3.322,0.438,0.144
20000,140,3.481,0.427,0.145
20000,140,3.392,0.441,0.144
20000,140,3.414,0.416,0.148
20000,140,16.584,13.193,0.146
20000,140,3.872,0.408,0.146
20000,140,3.881,0.493,0.145
20000,140,3.333,0.403,0.145
20000,140,4.106,0.411,0.146
20000,140,28.517,24.537,0.148
20000,140,3.587,0.420,0.146
20000,140,3.294,0.399,0.145
20000,140,3.622,0.405,0.146
20000,140,3.656,0.420,0.146
20000,140,14.712,11.527,0.144
20000,140,3.828,0.421,0.146
20000,140,3.469,0.413,0.146
20000,140,3.450,0.415,0.149
20000,140,3.712,0.421,0.145
20000,140,14.967,0.406,0.147
20000,140,3.602,0.448,0.146
20000,140,3.933,0.415,0.144
20000,140,3.241,0.411,0.142
20000,140,3.687,0.423,0.145
20000,140,19.293,0.427,0.145
20000,140,3.842,0.437,0.145
20000,140,3.951,0.416,0.145
20000,140,3.919,0.412,0.146
20000,140,3.542,0.415,0.148
20000,140,27.823,0.417,0.153
20000,140,4.058,0.437,0.145
20000,140,3.863,0.420,0.145
20000,140,3.947,0.418,0.149
20000,140,4.137,0.420,0.143
20000,140,15.966,0.410,0.147
20000,140,3.800,0.437,0.147
20000,140,3.491,0.415,0.144
20000,140,3.572,0.433,0.146
20000,140,4.001,0.440,0.147
20000,140,17.126,0.442,0.145
20000,140,4.091,0.429,0.149
20000,140,3.763,0.395,0.145
20000,140,3.693,0.397,0.145
20000,140,5.832,0.464,0.144
20000,140,19.443,0.427,0.144
20000,140,6.246,0.453,0.147
20000,140,5.899,0.469,0.146
20000,140,15.725,0.441,0.146
20000,140,18.765,8.804,0.145
20000,140,26.176,0.460,0.146
20000,140,3.721,0.451,0.147
20000,140,3.799,0.448,0.145
20000,140,3.553,0.436,0.146
20000,140,3.630,0.419,0.145
20000,140,3.473,0.415,0.145
20000,140,15.635,11.826,0.146
20000,140,3.758,0.425,0.146
20000,200,4.303,0.556,0.147
20000,200,16.670,0.608,0.145
20000,200,4.450,0.594,0.145
20000,200,4.148,0.584,0.145
20000,200,4.036,0.590,0.146
20000,200,18.086,0.579,0.147
20000,200,4.390,0.602,0.150
20000,200,4.144,0.569,0.144
20000,200,4.052,0.571,0.146
20000,200,28.085,23.611,0.151
20000,200,6.823,0.568,0.146
20000,200,4.596,0.564,0.147
20000,200,17.045,0.552,0.148
20000,200,3.915,0.607,0.146
20000,200,4.116,0.592,0.145
20000,200,4.318,0.568,0.145
20000,200,17.218,0.587,0.144
20000,200,4.667,0.584,0.146
20000,200,4.158,0.573,0.148
20000,200,4.436,0.580,0.145
20000,200,19.873,16.163,0.147
20000,200,4.428,0.573,0.146
20000,200,4.395,0.581,0.148
20000,200,28.552,0.600,0.151
20000,200,4.402,0.605,0.144
20000,200,4.286,0.584,0.145
20000,200,4.816,0.617,0.144
20000,200,17.086,12.412,0.147
20000,200,4.359,0.588,0.146
20000,200,4.597,0.580,0.145
20000,200,17.189,0.565,0.145
20000,200,4.357,0.587,0.146
20000,200,5.447,0.755,0.146
20000,200,5.221,0.770,0.147
20000,200,20.113,0.815,0.150
20000,200,12.545,2.670,0.146
20000,200,16.276,0.620,0.149
20000,200,24.288,2.746,0.147
20000,200,26.971,22.716,0.147
20000,200,5.706,0.605,0.146
20000,200,4.283,0.582,0.145
20000,200,17.781,0.572,0.145
20000,200,4.766,0.595,0.145
20000,200,4.232,0.607,0.146
20000,200,4.174,0.597,0.145
20000,200,17.033,12.395,0.147
20000,200,4.633,0.572,0.145
20000,200,4.321,0.645,0.145
20000,200,16.730,0.617,0.147
20000,200,4.186,0.608,0.146
20000,200,4.302,0.569,0.146
20000,200,4.248,0.560,0.147
20000,200,25.969,0.580,0.147
20000,200,4.543,0.591,0.146
20000,200,4.773,0.608,0.147
20000,200,4.395,0.598,0.145
20000,200,16.434,11.902,0.147
20000,200,4.781,0.606,0.146
20000,200,4.606,0.572,0.147
20000,200,18.305,0.628,0.147
20000,200,9.091,2.706,0.148
20000,200,6.752,0.634,0.146
20000,200,15.762,2.702,0.149
20000,200,25.937,19.303,0.147
20000,200,9.614,0.616,0.148
20000,200,4.627,0.624,0.145
20000,200,26.801,0.584,0.145
20000,200,5.558,0.658,0.145
20000,200,4.606,0.598,0.145
20000,200,4.555,0.588,0.146
20000,200,15.370,0.652,0.146
20000,200,4.625,0.579,0.146
20000,200,4.425,0.594,0.144
20000,200,16.819,0.567,0.145
20000,200,4.348,0.607,0.145
20000,200,6.023,0.590,0.145
20000,200,4.392,0.595,0.146
20000,200,19.654,0.575,0.146
20000,200,4.507,0.592,0.145
20000,200,4.302,0.572,0.147
20000,200,4.392,0.656,0.221
20000,200,28.701,23.374,0.148
20000,200,4.585,0.639,0.148
20000,200,4.535,0.585,0.146
20000,200,16.502,0.574,0.145
20000,200,4.714,0.614,0.147
20000,200,4.843,0.587,0.146
20000,200,4.800,0.667,0.144
20000,200,18.731,0.640,0.146
20000,200,4.588,0.623,0.144
20000,200,4.777,0.632,0.145
20000,200,20.866,0.622,0.148
20000,200,7.345,0.654,0.146
20000,200,9.582,2.711,0.146
20000,200,10.444,0.642,0.145
20000,200,40.140,9.654,0.148
20000,200,6.837,0.626,0.145
20000,200,9.299,2.694,0.146
20000,200,4.564,0.641,0.144
20000,200,18.239,14.442,0.149
20000,200,4.331,0.592,0.148
20000,200,4.489,0.608,0.145
20000,200,16.137,0.590,0.145
20000,200,4.259,0.615,0.144
20000,200,4.453,0.588,0.145
20000,200,5.639,0.590,0.146
20000,200,23.323,0.591,0.146
20000,200,4.835,0.644,0.144
20000,200,4.702,0.602,0.145
20000,200,15.695,0.606,0.145
20000,200,4.570,0.650,0.145
20000,200,4.665,0.612,0.144
20000,200,4.406,0.567,0.144
20000,200,19.295,0.573,0.147
20000,200,4.990,0.653,0.146
20000,200,4.813,0.632,0.145
20000,200,4.671,0.586,0.145
20000,200,18.214,13.687,0.147
20000,200,4.437,0.587,0.148
20000,200,4.457,0.665,0.145
20000,200,26.445,0.605,0.144
20000,200,4.585,0.619,0.145
20000,200,5.707,0.584,0.145
20000,200,4.886,0.577,0.145
20000,200,16.102,11.795,0.146
20000,200,4.723,0.603,0.146
20000,200,4.725,0.642,0.146
20000,200,17.744,0.594,0.146
20000,200,4.663,0.616,0.146
20000,200,4.419,0.611,0.150
20000,200,4.659,0.613,0.144
20000,200,19.706,0.590,0.148
20000,200,4.403,0.610,0.145
20000,200,4.916,0.602,0.145
20000,200,4.769,0.627,0.147
20000,200,29.519,22.988,0.147
20000,200,4.402,0.595,0.146
20000,200,4.283,0.586,0.144
20000,200,15.898,0.605,0.144
20000,200,5.003,0.612,0.144
20000,200,4.445,0.647,0.145
20000,200,4.892,0.610,0.146
20000,200,17.297,13.506,0.147
20000,200,4.428,0.584,0.145
20000,200,4.747,0.599,0.145
20000,200,18.176,0.612,0.145
20000,200,5.050,0.663,0.145
20000,200,5.839,0.645,0.144
20000,200,5.005,0.712,0.145
20000,200,28.564,23.802,0.146
20000,200,7.415,0.619,0.146
20000,200,4.911,0.639,0.144
20000,200,16.483,0.607,0.145
20000,200,4.944,0.584,0.145
20000,200,5.047,0.615,0.145
20000,200,4.494,0.650,0.144
20000,200,21.094,0.573,0.147
20000,200,4.582,0.591,0.145
20000,200,4.694,0.606,0.145
20000,200,4.864,0.576,0.145
20000,200,19.024,14.095,0.146
20000,200,4.877,0.583,0.145
20000,200,5.850,0.616,0.144
20000,200,34.820,0.581,0.144
20000,200,6.483,0.605,0.146
20000,200,5.122,0.599,0.145
20000,200,7.007,0.654,0.147
20000,200,21.651,2.676,0.146
20000,200,17.162,0.630,0.146
20000,200,27.400,2.724,0.150
20000,200,16.040,0.622,0.152
20000,200,4.159,0.605,0.157
20000,200,5.293,0.832,0.145
20000,200,5.588,0.790,0.145
20000,200,23.585,0.787,0.146
20000,200,7.514,0.624,0.152
20000,200,4.588,0.596,0.144
20000,200,4.884,0.576,0.144
20000,200,16.168,11.845,0.145
20000,200,4.683,0.585,0.144
20000,200,4.233,0.628,0.145
20000,200,16.819,0.584,0.148
20000,200,4.822,0.603,0.145
20000,200,4.876,0.605,0.144
20000,200,4.589,0.625,0.147
20000,200,24.493,20.015,0.146
20000,200,5.674,0.591,0.145
20000,200,4.754,0.611,0.144
20000,200,17.151,0.599,0.145
20000,200,4.485,0.640,0.145
20000,200,4.703,0.601,0.145
20000,200,4.674,0.606,0.145
20000,200,16.791,0.597,0.145
20000,200,4.377,0.607,0.144
20000,200,7.137,0.576,0.145
20000,200,6.560,0.617,0.145
20000,200,22.779,16.268,0.147
20000,200,7.941,0.628,0.144
20000,200,34.215,10.405,0.711
20000,200,27.434,0.730,0.146
20000,200,4.837,0.591,0.146
20000,200,5.002,0.570,0.147
20000,200,4.664,0.584,0.153
20000,200,15.850,11.102,0.147
20000,200,8.441,0.625,0.146
20000,200,4.730,0.589,0.147
20000,200,16.908,0.585,0.146
20000,200,4.734,0.636,0.147
20000,200,4.580,0.612,0.147
20000,200,4.492,0.592,0.147
20000,200,25.955,0.624,0.148
20000,200,5.025,0.601,0.147
20000,200,4.792,0.589,0.147
20000,200,4.785,0.587,0.146
20000,200,22.447,17.837,0.148
20000,200,4.896,0.586,0.146
20000,200,4.810,0.595,0.147
20000,200,16.833,0.584,0.149
20000,200,4.562,0.596,0.147
20000,200,5.090,0.619,0.285
20000,200,7.663,0.579,0.150
20000,200,21.794,13.704,0.152
20000,200,4.522,0.619,0.149
20000,200,4.906,0.585,0.158
20000,200,18.713,0.593,0.151
20000,200,6.811,0.619,0.158
20000,200,9.434,2.687,0.148
20000,200,6.891,0.662,0.158
20000,200,44.609,10.888,0.155
20000,200,7.085,0.636,0.148
20000,200,8.687,2.666,0.168
20000,200,18.106,0.596,0.161
20000,200,7.919,0.612,0.147
20000,200,4.806,0.624,0.147
20000,200,4.966,0.594,0.146
20000,200,16.593,0.557,0.151
20000,200,4.809,0.587,0.149
20000,200,4.760,0.572,0.147
20000,200,4.711,0.586,0.149
20000,200,24.042,19.507,0.151
20000,200,4.667,0.579,0.146
20000,200,4.801,0.574,0.159
20000,200,27.197,0.567,0.155
20000,200,5.103,0.615,0.150
20000,200,4.716,0.634,0.147
20000,200,4.480,0.568,0.147
20000,200,16.539,12.100,0.157
20000,200,4.910,0.611,0.147
20000,200,5.078,0.586,0.150
20000,200,18.142,0.601,0.151
20000,200,4.661,0.659,0.147
20000,200,4.696,0.655,0.147
20000,200,8.108,0.604,0.147
20000,200,20.211,0.607,0.152
20000,200,5.223,0.653,0.148
20000,200,5.089,0.635,0.147
20000,200,4.579,0.610,0.156
20000,200,29.351,24.067,0.153
20000,200,6.846,0.668,0.151
20000,200,9.270,2.684,0.153
20000,200,19.717,0.632,0.149
20000,200,28.584,2.708,0.148
20000,200,11.433,2.755,0.148
20000,200,4.719,0.601,0.151
20000,200,18.980,12.981,0.148
20000,200,4.367,0.619,0.147
20000,200,4.390,0.582,0.154
20000,200,18.753,0.591,0.154
20000,200,8.390,0.613,0.151
20000,200,5.065,0.617,0.186
20000,200,4.786,0.598,0.147
20000,200,30.278,0.586,0.148
20000,200,4.986,0.643,0.147
20000,200,4.993,0.624,0.147
20000,200,5.054,0.602,0.186
20000,200,17.494,13.120,0.148
20000,200,5.834,0.578,0.148
20000,200,4.879,0.633,0.146
20000,200,18.916,0.623,0.149
20000,200,5.117,0.602,0.147
20000,200,4.949,0.587,0.147
20000,200,4.614,0.645,0.157
20000,200,23.248,14.603,0.155
20000,200,7.251,0.627,0.147
20000,200,19.300,2.721,0.152
20000,200,38.367,0.647,0.148
20000,200,6.946,0.612,0.147
20000,200,6.113,0.613,0.151
20000,200,5.021,0.598,0.147
20000,200,16.980,0.603,0.146
20000,200,4.665,0.650,0.146
20000,200,4.930,0.595,0.147
20000,200,16.948,0.620,0.148
20000,200,4.425,0.618,0.148
20000,200,4.830,0.602,0.146
20000,200,4.739,0.615,0.147
20000,200,19.552,0.605,0.147
20000,200,4.731,0.615,0.147
20000,200,6.072,0.585,0.146
20000,200,8.854,0.619,0.149
20000,300,26.464,0.921,0.160
20000,300,6.536,0.876,0.148
20000,300,26.774,0.873,0.186
20000,300,7.240,0.922,0.148
20000,300,10.926,0.957,0.147
20000,300,22.963,3.039,0.155
20000,300,32.848,2.977,0.151
20000,300,18.218,3.045,0.148
20000,300,6.225,0.905,0.147
20000,300,6.042,0.883,0.183
20000,300,29.283,23.273,0.148
20000,300,6.405,0.885,0.158
20000,300,20.706,0.938,0.153
20000,300,8.681,0.916,0.151
20000,300,16.843,0.893,0.149
20000,300,6.077,0.940,0.147
20000,300,6.136,0.888,0.147
20000,300,27.575,21.877,0.148
20000,300,6.667,0.907,0.147
20000,300,17.825,0.871,0.152
20000,300,6.146,0.881,0.148
20000,300,18.446,0.960,0.150
20000,300,5.939,0.929,0.151
20000,300,8.455,0.899,0.147
20000,300,17.426,0.924,0.151
20000,300,6.297,0.907,0.160
20000,300,32.854,0.853,0.151
20000,300,6.646,0.909,0.148
20000,300,6.116,0.880,0.147
20000,300,18.494,12.923,0.148
20000,300,8.040,0.875,0.150
20000,300,23.823,0.961,0.150
20000,300,10.728,3.043,0.150
20000,300,45.836,2.962,0.160
20000,300,6.152,0.921,0.148
20000,300,6.224,0.889,0.148
20000,300,31.069,23.373,0.150
20000,300,6.715,0.961,0.148
20000,300,18.834,0.970,0.159
20000,300,6.284,0.900,0.147
20000,300,8.281,0.887,0.147
20000,300,20.521,12.919,0.148
20000,300,5.992,0.881,0.146
20000,300,20.559,0.956,0.155
20000,300,9.646,0.908,0.151
20000,300,28.477,0.958,0.148
20000,300,6.460,0.927,0.150
20000,300,8.131,0.931,0.152
20000,300,21.935,12.656,0.149
20000,300,6.121,0.907,0.147
20000,300,18.560,0.890,0.147
20000,300,6.220,0.911,0.148
20000,300,17.822,0.956,0.159
20000,300,6.030,1.029,0.148
20000,300,6.154,0.890,0.147
20000,300,33.952,24.908,0.148
20000,300,6.370,0.860,0.148
20000,300,18.181,0.955,0.150
20000,300,6.558,0.912,0.148
20000,300,28.943,0.962,0.162
20000,300,10.899,3.037,0.149
20000,300,35.661,11.047,0.154
20000,300,19.448,13.849,0.148
20000,300,6.403,0.896,0.148
20000,300,34.809,0.891,0.155
20000,300,6.145,0.918,0.152
20000,300,9.957,0.896,0.156
20000,300,21.585,12.410,0.148
20000,300,5.992,1.002,0.178
20000,300,20.384,0.918,0.153
20000,300,6.134,0.909,0.237
20000,300,16.829,0.916,0.265
20000,300,9.611,0.984,0.156
20000,300,6.017,0.917,0.152
20000,300,29.840,24.236,0.148
20000,300,6.298,0.895,0.148
20000,300,18.695,0.942,0.156
20000,300,6.544,0.936,0.149
20000,300,16.793,0.915,0.154
20000,300,6.248,0.944,0.238
20000,300,5.705,0.868,0.147
20000,300,25.990,20.325,0.148
20000,300,6.115,0.871,0.147
20000,300,18.328,0.835,0.147
20000,300,9.255,0.881,0.150
20000,300,6.474,0.894,0.146
20000,300,26.367,16.230,0.148
20000,300,12.464,2.984,0.148
20000,300,34.570,9.935,0.149
20000,300,10.560,2.957,0.148
20000,300,29.331,0.860,0.155
20000,300,5.925,0.874,0.147
20000,300,6.027,0.849,0.147
20000,300,17.924,12.179,0.155
20000,300,5.875,0.852,0.157
20000,300,18.048,0.836,0.150
20000,300,9.656,0.846,0.154
20000,300,6.042,0.839,0.147
20000,300,27.894,22.442,0.156
20000,300,5.765,0.883,0.147
20000,300,18.501,0.880,0.148
20000,300,6.077,0.853,0.148
20000,300,16.508,0.871,0.147
20000,300,6.474,0.891,0.147
20000,300,9.492,0.857,0.147
20000,300,27.569,21.945,0.150
20000,300,6.493,0.858,0.147
20000,300,15.149,0.908,0.147
20000,300,5.912,0.849,0.148
20000,300,6.919,0.843,0.148
20000,300,22.788,13.822,0.148
20000,300,6.349,0.829,0.147
20000,300,20.138,0.867,0.148
20000,300,10.465,0.925,0.147
20000,300,24.387,2.982,0.148
20000,300,35.318,2.941,0.148
20000,300,6.419,0.885,0.149
20000,300,34.676,0.883,0.150
20000,300,6.463,0.916,0.146
20000,300,15.365,0.845,0.147
20000,300,6.296,0.882,0.147
20000,300,8.577,0.859,0.147
20000,300,18.722,13.224,0.149
20000,300,6.416,0.873,0.147
20000,300,19.237,0.830,0.147
20000,300,6.375,0.857,0.147
20000,300,29.647,0.891,0.147
20000,300,6.891,0.908,0.148
20000,300,6.095,0.878,0.147
20000,300,17.384,0.869,0.147
20000,300,8.370,0.921,0.163
20000,300,16.867,0.854,0.146
20000,300,6.263,0.885,0.147
20000,300,5.708,0.858,0.147
20000,300,29.654,23.972,0.148
20000,300,10.691,0.896,0.147
20000,300,22.258,2.973,0.148
20000,300,35.263,2.934,0.148
20000,300,6.260,0.873,0.148
20000,300,19.156,13.498,0.149
20000,300,8.638,0.870,0.156
20000,300,21.023,0.887,0.146
20000,300,6.423,0.859,0.148
20000,300,32.918,0.845,0.147
20000,300,7.670,0.881,0.148
20000,300,6.150,0.898,0.155
20000,300,18.097,12.300,0.148
20000,300,6.142,0.862,0.148
20000,300,16.366,0.861,0.168
20000,300,9.506,0.887,0.148
20000,300,5.699,0.839,0.147
20000,300,26.241,20.863,0.150
20000,300,6.397,0.870,0.148
20000,300,18.279,0.956,0.147
20000,300,6.442,0.918,0.149
20000,300,16.689,0.841,0.151
20000,300,5.981,0.866,0.148
20000,300,5.905,0.856,0.147
20000,300,32.676,26.927,0.148
20000,300,6.354,0.856,0.157
20000,300,17.620,0.850,0.148
20000,300,6.457,0.881,0.148
20000,300,6.710,0.907,0.147
20000,300,20.125,14.635,0.148
20000,300,6.065,0.849,0.147
20000,300,19.513,0.888,0.148
20000,300,6.125,0.863,0.157
20000,300,23.000,0.916,0.156
20000,300,10.980,3.008,0.148
20000,300,36.897,2.937,0.156
20000,300,30.998,25.421,0.148
20000,300,5.777,0.861,0.147
20000,300,22.815,0.891,0.146
20000,300,6.031,0.871,0.149
20000,300,8.797,0.857,0.160
20000,300,22.335,15.008,0.148
20000,300,6.446,0.860,0.147
20000,300,19.845,0.914,0.160
20000,300,6.615,0.985,0.154
20000,300,30.698,0.903,0.147
20000,300,5.925,0.926,0.148
20000,300,8.710,0.992,0.148
20000,300,21.730,0.943,0.148
20000,300,6.461,0.907,0.193
20000,300,18.335,0.947,0.820
20000,300,6.312,0.908,0.290
20000,300,6.551,0.909,0.287
20000,300,24.694,14.643,0.464
20000,300,12.415,0.917,0.172
20000,300,44.292,2.986,0.164
20000,300,10.614,2.939,0.174
20000,300,17.314,2.932,0.171
20000,300,6.012,0.848,0.175
20000,300,6.085,0.829,0.180
20000,300,18.119,0.831,0.170
20000,300,6.352,0.886,0.160
20000,300,17.224,0.830,0.147
20000,300,6.348,0.881,0.156
20000,300,5.910,0.867,0.167
20000,300,29.220,23.682,0.174
20000,300,6.246,0.825,0.160
20000,300,19.930,0.862,0.149
20000,300,8.904,0.866,0.148
20000,300,6.293,0.853,0.147
20000,300,18.836,13.567,0.164
20000,300,6.090,0.849,0.167
20000,300,20.918,0.839,0.147
20000,300,8.642,0.871,0.149
20000,300,30.859,0.857,0.147
20000,300,8.554,0.906,0.154
20000,300,6.261,0.874,0.165
20000,300,18.357,12.612,0.152
20000,300,6.164,0.873,0.151
20000,300,21.142,0.854,0.148
20000,300,8.123,0.874,0.154
20000,300,5.972,0.860,0.163
20000,300,26.270,20.697,0.148
20000,300,6.459,0.854,0.148
20000,300,18.155,0.839,0.148
20000,300,6.156,0.858,0.155
20000,300,17.415,0.848,0.159
20000,300,6.385,0.860,0.150
20000,300,9.904,0.848,0.148
20000,300,24.475,14.677,0.151
20000,300,19.608,2.948,0.153
20000,300,47.312,5.111,0.153
20000,300,7.386,0.913,0.155
20000,300,6.556,0.905,0.150
20000,300,19.750,12.131,0.148
20000,300,6.291,0.863,0.152
20000,300,20.691,0.862,0.151
20000,300,6.239,0.859,0.153
20000,300,17.451,0.920,0.155
20000,300,6.278,0.899,0.147
20000,300,6.025,0.832,0.149
20000,300,27.967,22.548,0.151
20000,300,6.399,0.853,0.147
20000,300,17.452,0.858,0.147
20000,300,6.249,0.871,0.147
20000,300,6.149,0.850,0.147
20000,300,18.532,13.146,0.148
20000,300,8.836,0.930,0.147
20000,300,20.161,0.895,0.148
20000,300,6.433,0.889,0.149
20000,300,28.656,0.872,0.147
20000,300,7.238,0.878,0.148
20000,300,10.983,0.918,0.148
20000,300,22.665,14.754,0.148
20000,300,29.242,2.946,0.148
20000,300,15.460,0.876,0.147
20000,300,6.424,0.876,0.148
20000,300,5.944,0.850,0.147
20000,300,26.601,21.349,0.147
20000,300,6.089,0.890,0.148
20000,300,18.508,0.947,0.147
20000,300,6.478,0.866,0.147
20000,300,17.008,0.936,0.148
20000,300,6.061,0.920,0.148
20000,300,9.229,0.911,0.150
20000,300,26.943,21.067,0.148
20000,300,5.843,0.876,0.150
20000,300,32.068,0.883,0.146
20000,300,6.381,0.981,0.148
20000,300,8.466,0.888,0.148
20000,300,22.174,13.240,0.148
20000,300,6.194,0.862,0.147
20000,300,18.586,0.867,0.147
20000,300,10.028,0.892,0.149
20000,300,20.067,0.909,0.156
20000,300,6.550,0.904,0.148
20000,300,6.734,0.879,0.149
20000,300,31.749,24.290,0.148
20000,300,6.683,0.861,0.148
20000,300,20.647,0.915,0.148
20000,300,10.982,2.976,0.148
20000,300,36.140,11.574,0.148
20000,300,18.442,12.789,0.149
20000,300,6.205,0.872,0.148
20000,300,21.231,0.904,0.149
20000,300,6.402,0.900,0.148
20000,300,28.348,0.862,0.147
20000,300,6.569,0.895,0.149
20000,300,6.187,0.867,0.148
20000,300,18.105,12.356,0.147
20000,300,8.485,0.887,0.147
20000,300,20.317,0.854,0.147
20000,300,6.131,0.904,0.146
20000,300,6.232,0.868,0.148
20000,300,26.599,20.721,0.149
20000,300,6.498,0.871,0.148
20000,300,18.277,0.862,0.147
20000,300,6.277,0.896,0.147
20000,300,16.684,0.858,0.148
20000,300,6.285,0.885,0.148
20000,300,9.887,0.886,0.148
20000,300,27.904,22.204,0.148
20000,300,9.134,0.953,0.147
20000,300,20.015,0.886,0.147
20000,300,6.181,0.929,0.147
20000,300,16.982,0.831,0.147
20000,500,18.252,1.426,0.148
20000,500,19.365,1.409,0.148
20000,500,8.986,1.407,0.149
20000,500,30.894,22.458,0.148
20000,500,19.980,1.441,0.149
20000,500,8.675,1.506,0.147
20000,500,26.270,18.969,0.147
20000,500,19.725,1.435,0.148
20000,500,10.403,1.433,0.148
20000,500,21.863,12.575,0.148
20000,500,20.392,1.417,0.148
20000,500,22.021,1.421,0.148
20000,500,15.822,3.579,0.149
20000,500,55.751,5.647,0.150
20000,500,24.452,3.589,0.147
20000,500,14.568,3.538,0.148
20000,500,27.254,17.855,0.150
20000,500,17.705,1.427,0.148
20000,500,9.215,1.451,0.147
20000,500,26.778,19.083,0.149
20000,500,18.741,1.452,0.148
20000,500,20.281,1.462,0.150
20000,500,8.919,1.452,0.147
20000,500,20.640,1.447,0.148
20000,500,32.062,1.449,0.149
20000,500,8.967,1.427,0.148
20000,500,19.627,11.432,0.150
20000,500,19.644,1.414,0.148
20000,500,8.874,1.451,0.154
20000,500,29.558,22.017,0.148
20000,500,18.385,1.424,0.148
20000,500,8.918,1.421,0.148
20000,500,20.211,12.652,0.147
20000,500,23.897,1.376,0.148
20000,500,34.416,1.455,0.168
20000,500,10.960,1.444,0.147
20000,500,19.262,1.462,0.148
20000,500,20.180,1.440,0.148
20000,500,9.010,1.447,0.147
20000,500,26.255,13.920,0.158
20000,500,50.478,5.679,0.148
20000,500,29.345,14.199,0.148
20000,500,20.157,11.236,0.148
20000,500,20.009,1.417,0.152
20000,500,28.525,1.442,0.161
20000,500,11.514,1.429,0.148
20000,500,19.801,1.394,0.147
20000,500,20.205,1.581,0.148
20000,500,9.166,1.445,0.148
20000,500,30.925,23.157,0.148
20000,500,19.848,1.450,0.148
20000,500,8.853,1.418,0.147
20000,500,26.451,18.763,0.148
20000,500,18.545,1.431,0.147
20000,500,11.025,1.478,0.148
20000,500,22.094,12.185,0.148
20000,500,20.400,1.464,0.148
20000,500,32.758,1.483,0.148
20000,500,9.319,1.456,0.148
20000,500,19.487,11.495,0.148
20000,500,18.737,1.437,0.149
20000,500,12.045,1.427,0.148
20000,500,28.206,13.704,0.148
20000,500,38.937,3.556,0.147
20000,500,36.842,24.758,0.147
20000,500,18.212,10.711,0.147
20000,500,18.511,1.448,0.147
20000,500,29.101,1.448,0.148
20000,500,9.965,1.452,0.147
20000,500,20.179,10.989,0.148
20000,500,19.828,1.467,0.147
20000,500,9.028,1.476,0.148
20000,500,31.174,21.500,0.148
20000,500,17.958,1.470,0.148
20000,500,21.892,1.452,0.153
20000,500,9.292,1.473,0.148
20000,500,20.932,1.424,0.148
20000,500,32.846,1.497,0.150
20000,500,8.909,1.478,0.150
20000,500,19.018,11.080,0.148
20000,500,18.846,1.445,0.147
20000,500,10.123,1.497,0.147
20000,500,28.596,21.218,0.147
20000,500,18.643,1.464,0.147
20000,500,19.887,1.487,0.148
20000,500,9.134,1.494,0.148
20000,500,23.682,1.484,0.147
20000,500,21.826,1.529,0.148
20000,500,20.732,5.681,0.148
20000,500,65.088,51.141,0.155
20000,500,20.623,3.912,0.151
20000,500,12.039,1.420,0.148
20000,500,26.423,18.300,0.148
20000,500,18.024,1.516,0.153
20000,500,19.834,1.409,0.148
20000,500,8.878,1.408,0.149
20000,500,20.692,1.377,0.155
20000,500,34.688,1.449,0.148
20000,500,10.948,1.434,0.148
20000,500,20.093,10.845,0.148
20000,500,20.006,1.421,0.148
20000,500,8.441,1.424,0.148
20000,500,32.588,25.266,0.148
20000,500,18.533,1.419,0.147
20000,500,9.231,1.440,0.148
20000,500,20.567,12.770,0.148
20000,500,20.656,1.426,0.148
20000,500,34.827,1.429,0.148
20000,500,9.130,1.451,0.148
20000,500,20.535,1.430,0.148
20000,500,20.873,1.426,0.148
20000,500,8.633,1.405,0.147
20000,500,26.930,13.918,0.148
20000,500,42.523,3.616,0.148
20000,500,35.774,24.763,0.148
20000,500,19.127,11.326,0.148
20000,500,18.674,1.407,0.148
20000,500,8.451,1.457,0.148
20000,500,31.361,21.608,0.148
20000,500,18.722,1.434,0.148
20000,500,19.919,1.475,0.147
20000,500,9.360,1.461,0.148
20000,500,20.095,1.485,0.147
20000,500,33.058,1.402,0.149
20000,500,11.786,1.425,0.148
20000,500,19.941,11.435,0.151
20000,500,20.091,1.424,0.148
20000,500,8.922,1.405,0.148
20000,500,31.879,23.915,0.149
20000,500,19.049,1.465,0.148
20000,500,8.473,1.439,0.151
20000,500,20.480,12.561,0.148
20000,500,20.542,1.411,0.148
20000,500,32.726,1.418,0.147
20000,500,9.141,1.467,0.150
20000,500,20.647,1.473,0.148
20000,500,19.509,1.477,0.148
20000,500,9.182,1.482,0.148
20000,500,30.891,15.209,0.147
20000,500,63.637,5.628,0.148
20000,500,15.596,3.502,0.148
20000,500,18.686,10.963,0.148
20000,500,18.567,1.405,0.148
20000,500,32.338,1.427,0.148
20000,500,9.132,1.440,0.147
20000,500,18.342,1.452,0.149
20000,500,19.481,1.469,0.148
20000,500,12.512,1.437,0.148
20000,500,28.934,21.527,0.148
20000,500,17.917,1.419,0.148
20000,500,8.787,1.448,0.148
20000,500,31.364,21.320,0.148
20000,500,18.657,1.434,0.148
20000,500,19.901,1.472,0.148
20000,500,8.724,1.446,0.149
20000,500,25.466,1.983,0.148
20000,500,33.866,1.458,0.149
20000,500,11.444,1.444,0.149
20000,500,21.935,11.827,0.147
20000,500,19.053,1.448,0.148
20000,500,9.820,1.571,0.148
20000,500,28.936,14.782,0.149
20000,500,48.976,3.678,0.156
20000,500,38.040,25.516,0.152
20000,500,19.131,11.150,0.152
20000,500,19.495,1.461,0.147
20000,500,29.285,1.444,0.148
20000,500,9.281,1.459,0.148
20000,500,18.703,1.407,0.150
20000,500,19.133,1.431,0.152
20000,500,12.809,2.006,0.148
20000,500,30.183,22.558,0.148
20000,500,18.933,1.446,0.148
20000,500,10.998,1.425,0.148
20000,500,29.460,21.397,0.148
20000,500,19.370,1.432,0.148
20000,500,20.126,1.438,0.148
20000,500,11.011,1.465,0.150
20000,500,20.783,1.423,0.150
20000,500,33.723,1.459,0.148
20000,500,11.280,1.462,0.147
20000,500,21.362,13.345,0.154
20000,500,19.788,1.411,0.148
20000,500,12.825,1.418,0.148
20000,500,28.667,14.301,0.148
20000,500,62.853,3.727,0.148
20000,500,24.531,3.638,0.148
20000,500,9.062,1.467,0.148
20000,500,19.185,1.449,0.148
20000,500,27.887,1.435,0.152
20000,500,11.984,1.499,0.148
20000,500,20.592,11.822,0.148
20000,500,18.631,1.504,0.148
20000,500,9.096,1.439,0.148
20000,500,32.346,22.159,0.154
20000,500,18.480,1.443,0.148
20000,500,20.031,1.440,0.148
20000,500,8.801,1.448,0.156
20000,500,25.590,1.445,0.148
20000,500,31.978,1.489,0.148
20000,500,9.406,1.515,0.148
20000,500,19.290,11.422,0.148
20000,500,19.517,1.444,0.148
20000,500,9.124,1.457,0.148
20000,500,30.660,22.188,0.147
20000,500,18.718,1.449,0.148
20000,500,21.376,1.446,0.148
20000,500,9.314,1.452,0.152
20000,500,21.382,1.512,0.148
20000,500,33.048,1.467,0.147
20000,500,17.867,3.578,0.148
20000,500,48.106,14.045,0.149
20000,500,19.009,1.547,0.148
20000,500,11.162,1.490,0.148
20000,500,29.469,21.436,0.147
20000,500,18.530,1.442,0.148
20000,500,19.831,1.471,0.148
20000,500,12.171,1.478,0.148
20000,500,29.231,21.427,0.148
20000,500,17.368,1.483,0.148
20000,500,8.861,1.493,0.149
20000,500,27.621,19.922,0.148
20000,500,17.741,1.406,0.159
20000,500,8.957,1.429,0.148
20000,500,20.160,12.655,0.148
20000,500,20.739,1.515,0.148
20000,500,32.891,1.468,0.148
20000,500,8.805,1.475,0.148
20000,500,19.767,11.706,0.147
20000,500,19.185,1.487,0.148
20000,500,8.745,1.469,0.148
20000,500,27.992,14.001,0.147
20000,500,47.387,3.615,0.148
20000,500,37.683,25.763,0.147
20000,500,18.947,11.166,0.148
20000,500,18.980,1.494,0.147
20000,500,30.033,1.479,0.148
20000,500,8.980,1.493,0.148
20000,500,19.529,11.536,0.148
20000,500,18.813,1.454,0.148
20000,500,11.415,1.463,0.147
20000,500,29.791,21.811,0.148
20000,500,18.357,1.446,0.148
20000,500,11.543,1.482,0.148
20000,500,20.199,12.571,0.147
20000,500,20.586,1.525,0.148
20000,500,33.739,1.444,0.148
20000,500,8.755,1.495,0.148
20000,500,19.336,11.618,0.147
20000,500,18.643,1.485,0.148
20000,500,9.249,1.514,0.148
20000,500,30.268,22.494,0.148
20000,500,19.320,1.478,0.153
20000,500,8.921,1.508,0.149
20000,500,20.923,12.948,0.148
20000,500,21.896,1.434,0.148
20000,500,22.377,1.456,0.152
20000,500,18.203,3.622,0.147
20000,500,56.275,32.183,0.160
20000,500,24.025,3.573,0.149
20000,500,9.286,1.498,0.148
20000,500,26.461,18.859,0.147
20000,500,18.497,1.518,0.148
20000,500,8.938,1.454,0.148
20000,500,20.052,12.413,0.148
20000,500,23.919,1.485,0.148
20000,500,32.649,1.570,0.148
20000,500,8.979,1.505,0.148
20000,500,19.041,11.515,0.148
20000,500,19.357,1.477,0.148
20000,500,8.823,1.477,0.149
20000,500,30.029,22.057,0.147
20000,500,21.072,1.486,0.148
20000,500,8.694,1.478,0.148
20000,500,20.495,12.628,0.148
20000,500,21.061,1.435,0.148
20000,500,35.325,1.428,0.148
20000,500,9.194,1.484,0.150
20000,500,19.513,11.801,0.148
20000,500,20.920,1.421,0.147
20000,500,9.922,1.440,0.147
20000,500,29.350,15.047,0.154
20000,500,52.086,3.640,0.148
20000,500,28.156,18.287,0.147
20000,500,18.741,10.986,0.148
20000,500,19.068,1.442,0.148
20000,500,28.292,1.467,0.148
20000,500,9.086,1.433,0.148
20000,500,19.584,11.739,0.148
20000,500,18.988,1.383,0.148
20000,500,11.377,2.662,0.148
20000,500,29.759,21.663,0.148
20000,500,18.400,1.383,0.147
20000,500,8.662,1.445,0.147
20000,500,30.273,21.008,0.148
20000,500,18.429,1.420,0.148
20000,500,20.267,1.413,0.147
20000,500,9.218,1.428,0.154
20000,500,20.471,1.421,0.147
20000,500,32.872,1.447,0.148
20000,800,24.385,2.243,0.151
20000,800,24.138,2.294,0.148
20000,800,36.018,2.233,0.149
20000,800,23.062,2.184,0.148
20000,800,23.993,2.187,0.148
20000,800,36.919,26.017,0.148
20000,800,26.629,11.962,0.148
20000,800,24.382,13.642,0.148
20000,800,36.624,16.910,0.150
20000,800,82.103,40.182,0.151
20000,800,25.865,2.240,0.149
20000,800,40.173,2.252,0.148
20000,800,22.433,2.273,0.148
20000,800,24.110,2.190,0.149
20000,800,41.712,2.172,0.149
20000,800,23.459,2.234,0.157
20000,800,23.939,2.194,0.148
20000,800,34.960,22.951,0.148
20000,800,22.947,11.752,0.148
20000,800,26.396,13.450,0.148
20000,800,45.189,24.096,0.149
20000,800,23.556,2.164,0.148
20000,800,27.334,2.246,0.148
20000,800,63.957,6.420,0.148
20000,800,39.972,19.140,0.148
20000,800,24.074,2.218,0.148
20000,800,37.067,2.216,0.148
20000,800,23.717,2.365,0.149
20000,800,25.768,13.137,0.149
20000,800,35.348,24.067,0.149
20000,800,24.234,12.116,0.148
20000,800,35.444,13.054,0.149
20000,800,36.283,2.238,0.148
20000,800,22.099,2.238,0.149
20000,800,22.800,2.223,0.148
20000,800,33.118,2.143,0.148
20000,800,22.879,2.106,0.148
20000,800,24.080,2.148,0.148
20000,800,32.897,2.208,0.148
20000,800,79.745,35.464,0.147
20000,800,22.294,11.428,0.148
20000,800,23.467,13.037,0.147
20000,800,42.938,22.268,0.148
20000,800,23.364,2.251,0.148
20000,800,33.299,2.187,0.148
20000,800,21.878,2.222,0.148
20000,800,24.497,2.313,0.148
20000,800,34.626,2.258,0.148
20000,800,23.034,2.236,0.148
20000,800,24.310,2.198,0.148
20000,800,36.740,25.038,0.147
20000,800,22.858,12.024,0.149
20000,800,26.833,13.608,0.149
20000,800,64.831,16.955,0.148
20000,800,55.072,31.877,0.148
20000,800,23.017,2.206,0.148
20000,800,32.560,2.277,0.151
20000,800,22.739,2.234,0.148
20000,800,23.273,2.207,0.148
20000,800,33.945,2.198,0.148
20000,800,24.466,2.204,0.151
20000,800,23.456,12.605,0.149
20000,800,32.530,22.124,0.148
20000,800,23.934,11.995,0.154
20000,800,35.451,13.057,0.150
20000,800,37.946,2.195,0.154
20000,800,26.685,2.260,0.149
20000,800,23.261,2.167,0.148
20000,800,29.512,2.346,0.149
20000,800,68.666,6.561,0.147
20000,800,27.098,6.426,0.153
20000,800,23.481,12.659,0.149
20000,800,36.211,24.328,0.148
20000,800,24.085,13.266,0.149
20000,800,35.830,13.035,0.149
20000,800,35.267,2.201,0.147
20000,800,21.588,2.175,0.149
20000,800,22.793,2.242,0.148
20000,800,34.472,2.223,0.148
20000,800,22.860,2.306,0.147
20000,800,24.249,2.195,0.148
20000,800,34.098,2.208,0.148
20000,800,26.916,12.101,0.148
20000,800,24.272,13.609,0.147
20000,800,64.969,16.919,0.148
20000,800,60.061,17.098,0.148
20000,800,23.017,2.185,0.148
20000,800,31.802,2.206,0.148
20000,800,25.496,2.221,0.148
20000,800,23.684,2.264,0.148
20000,800,35.958,2.179,0.148
20000,800,23.001,2.258,0.148
20000,800,24.088,12.862,0.148
20000,800,33.898,23.150,0.149
20000,800,22.920,12.080,0.148
20000,800,38.059,12.857,0.148
20000,800,37.972,2.235,0.149
20000,800,22.114,2.186,0.148
20000,800,23.224,2.234,0.148
20000,800,29.563,2.237,0.148
20000,800,75.955,6.583,0.149
20000,800,29.077,6.482,0.148
20000,800,24.025,12.598,0.149
20000,800,36.016,23.073,0.148
20000,800,23.166,12.119,0.148
20000,800,40.815,14.859,0.154
20000,800,38.979,2.297,0.148
20000,800,26.966,2.699,0.148
20000,800,32.222,2.352,0.147
20000,800,23.921,2.369,0.148
20000,800,24.702,2.312,0.148
20000,800,37.097,2.359,0.149
20000,800,23.969,2.305,0.148
20000,800,27.941,14.004,0.148
20000,800,39.958,17.043,0.149
20000,800,71.494,46.499,0.148
20000,800,24.028,2.292,0.148
20000,800,32.534,2.209,0.148
20000,800,22.073,2.227,0.148
20000,800,23.237,2.238,0.148
20000,800,35.808,2.259,0.148
20000,800,23.040,2.216,0.148
20000,800,23.768,2.240,0.148
20000,800,35.079,24.092,0.148
20000,800,22.833,11.783,0.148
20000,800,23.760,13.483,0.148
20000,800,45.048,23.713,0.148
20000,800,24.330,2.321,0.148
20000,800,26.728,2.229,0.154
20000,800,75.330,6.636,0.153
20000,800,24.753,4.399,0.148
20000,800,26.005,2.241,0.148
20000,800,34.878,2.269,0.148
20000,800,25.199,11.435,0.148
20000,800,24.294,12.357,0.148
20000,800,45.230,24.221,0.152
20000,800,23.969,2.221,0.148
20000,800,38.233,2.323,0.148
20000,800,21.627,2.267,0.150
20000,800,26.387,2.282,0.148
20000,800,35.750,2.283,0.148
20000,800,23.152,2.295,0.148
20000,800,24.301,2.264,0.148
20000,800,36.844,14.638,0.148
20000,800,73.871,32.407,0.148
20000,800,33.035,11.827,0.148
20000,800,25.089,2.340,0.149
20000,800,36.049,2.282,0.149
20000,800,23.015,2.283,0.148
20000,800,23.512,2.350,0.148
20000,800,34.651,2.342,0.148
20000,800,22.999,2.378,0.148
20000,800,23.773,12.830,0.148
20000,800,34.832,23.733,0.159
20000,800,33.945,12.145,0.148
20000,800,24.834,2.340,0.148
20000,800,36.462,2.395,0.148
20000,800,24.820,2.303,0.148
20000,800,24.095,2.244,0.148
20000,800,30.040,2.293,0.148
20000,800,66.286,6.519,0.150
20000,800,28.544,15.863,0.148
20000,800,23.978,12.686,0.148
20000,800,33.088,22.540,0.148
20000,800,33.697,11.896,0.148
20000,800,24.111,2.286,0.148
20000,800,36.207,2.312,0.148
20000,800,21.694,2.212,0.149
20000,800,27.256,2.357,0.148
20000,800,35.588,2.238,0.149
20000,800,24.746,2.299,0.148
20000,800,24.422,2.271,0.148
20000,800,35.048,23.936,0.148
20000,800,24.111,12.503,0.148
20000,800,26.492,13.766,0.149
20000,800,63.353,17.154,0.148
20000,800,53.809,31.329,0.148
20000,800,27.687,2.210,0.148
20000,800,24.520,2.205,0.148
20000,800,24.259,2.276,0.148
20000,800,35.710,2.219,0.147
20000,800,22.830,2.314,0.147
20000,800,27.369,12.804,0.148
20000,800,35.895,24.982,0.148
20000,800,23.970,11.980,0.149
20000,800,36.591,13.508,0.147
20000,800,36.341,2.287,0.147
20000,800,21.985,2.240,0.148
20000,800,22.857,2.216,0.148
20000,800,32.358,2.247,0.148
20000,800,70.766,6.511,0.148
20000,800,24.867,4.372,0.153
20000,800,22.861,12.504,0.148
20000,800,33.854,22.916,0.149
20000,800,22.593,11.741,0.148
20000,800,35.712,12.801,0.159
20000,800,38.510,2.331,0.148
20000,800,22.848,2.279,0.150
20000,800,27.697,2.268,0.149
20000,800,33.844,2.267,0.153
20000,800,25.958,2.235,0.147
20000,800,26.125,2.272,0.148
20000,800,34.138,23.661,0.149
20000,800,23.337,11.952,0.148
20000,800,26.637,13.863,0.154
20000,800,71.692,17.203,0.148
20000,800,54.509,23.032,0.416
20000,800,28.978,2.306,0.165
20000,800,22.822,2.231,0.178
20000,800,23.553,2.241,0.195
20000,800,34.432,2.236,0.179
20000,800,22.892,2.323,0.151
20000,800,23.694,12.912,0.181
20000,800,37.205,23.301,0.163
20000,800,22.615,11.995,0.155
20000,800,35.997,13.450,0.155
20000,800,39.707,2.270,0.149
20000,800,22.193,2.412,0.155
20000,800,24.059,2.238,0.170
20000,800,29.447,2.265,0.153
20000,800,65.677,6.532,0.157
20000,800,30.021,6.473,0.148
20000,800,22.992,12.393,0.148
20000,800,37.041,24.376,0.149
20000,800,33.737,11.842,0.172
20000,800,26.310,2.293,0.152
20000,800,39.910,2.320,0.149
20000,800,22.034,2.309,0.148
20000,800,23.306,2.290,0.148
20000,800,38.720,2.342,0.152
20000,800,23.760,2.370,0.196
20000,800,24.371,13.499,0.154
20000,800,38.389,24.312,0.148
20000,800,34.595,12.539,0.153
20000,800,25.207,2.311,0.151
20000,800,29.492,2.338,0.148
20000,800,64.603,6.553,0.188
20000,800,39.878,19.250,0.148
20000,800,24.197,2.316,0.148
20000,800,33.919,2.237,0.148
20000,800,22.461,11.535,0.148
20000,800,25.112,12.764,0.147
20000,800,51.862,30.511,0.149
20000,800,24.153,2.298,0.148
20000,800,34.164,2.236,0.154
20000,800,21.533,2.257,0.151
20000,800,23.018,2.267,0.172
20000,800,35.277,2.284,0.149
20000,800,23.715,2.329,0.148
20000,800,24.434,2.256,0.148
20000,800,33.365,14.190,0.158
20000,800,78.205,32.653,0.148
20000,800,34.094,12.212,0.159
20000,800,25.992,2.328,0.160
20000,800,35.721,2.260,0.148
20000,800,23.961,2.279,0.148
20000,800,24.026,2.470,0.150
20000,800,34.053,2.329,0.147
20000,800,23.168,2.347,0.152
20000,800,24.357,13.133,0.163
20000,800,35.018,24.358,0.152
20000,800,23.577,12.673,0.148
20000,800,37.965,13.254,0.148
20000,800,38.456,2.320,0.148
20000,800,22.196,2.285,0.148
20000,800,24.324,2.471,0.148
20000,800,32.964,2.321,0.152
20000,800,64.582,6.582,0.148
20000,800,27.324,16.488,0.148
20000,800,23.303,12.814,0.148
20000,800,34.932,22.423,0.148
20000,800,33.353,11.922,0.148
20000,800,24.803,2.331,0.148
20000,800,43.450,2.388,0.148
20000,800,22.943,2.355,0.149
20000,800,24.736,2.366,0.148
20000,800,35.767,2.391,0.150
20000,800,24.705,12.267,0.148
20000,800,24.249,13.082,0.148
20000,800,35.701,23.874,0.148
20000,800,34.237,12.449,0.148
20000,800,25.914,2.384,0.148
20000,800,27.448,2.416,0.159
20000,800,67.093,6.730,0.164
20000,800,45.299,21.365,0.148
20000,800,23.956,2.354,0.148
20000,800,35.826,23.961,0.148
20000,800,22.368,11.619,0.148
20000,800,24.198,13.172,0.148
20000,800,43.319,22.779,0.148
20000,800,23.631,2.325,0.148
20000,800,33.111,2.345,0.148
20000,800,23.531,2.335,0.148
20000,800,25.046,2.346,0.149
20000,800,35.946,2.357,0.148
20000,800,23.758,12.555,0.148
20000,800,25.185,13.432,0.148
20000,800,39.886,17.373,0.149
20000,800,80.449,43.067,0.148
20000,800,23.311,2.424,0.148
20000,1200,32.843,3.348,0.147
20000,1200,39.324,12.509,0.147
20000,1200,40.729,3.361,0.148
20000,1200,42.968,13.379,0.152
20000,1200,40.765,12.988,0.149
20000,1200,39.229,3.244,0.148
20000,1200,39.165,13.452,0.147
20000,1200,77.209,16.003,0.148
20000,1200,63.317,36.450,0.148
20000,1200,41.729,17.790,0.148
20000,1200,34.910,3.345,0.148
20000,1200,42.904,13.223,0.148
20000,1200,36.993,12.599,0.148
20000,1200,40.503,3.281,0.148
20000,1200,39.565,13.330,0.150
20000,1200,51.653,26.276,0.148
20000,1200,37.775,3.154,0.147
20000,1200,85.496,40.427,0.147
20000,1200,44.864,3.215,0.157
20000,1200,33.797,3.448,0.162
20000,1200,37.641,12.916,0.148
20000,1200,39.854,3.336,0.148
20000,1200,43.643,13.398,0.156
20000,1200,37.800,12.886,0.148
20000,1200,47.307,3.348,0.148
20000,1200,40.047,13.507,0.149
20000,1200,72.521,16.875,0.148
20000,1200,50.713,22.567,0.148
20000,1200,51.170,14.321,0.159
20000,1200,38.036,3.247,0.148
20000,1200,41.373,3.257,0.149
20000,1200,37.333,12.796,0.148
20000,1200,39.267,3.255,0.163
20000,1200,44.085,13.842,0.148
20000,1200,38.199,12.871,0.148
20000,1200,40.545,3.262,0.147
20000,1200,37.522,13.296,0.148
20000,1200,69.013,16.057,0.148
20000,1200,50.167,20.017,0.148
20000,1200,43.496,19.772,0.148
20000,1200,46.814,3.318,0.157
20000,1200,32.419,3.292,0.147
20000,1200,37.491,12.286,0.149
20000,1200,38.978,3.369,0.149
20000,1200,42.357,13.375,0.148
20000,1200,37.350,12.869,0.148
20000,1200,38.512,3.324,0.149
20000,1200,86.899,35.008,0.149
20000,1200,45.953,18.503,0.148
20000,1200,33.561,3.360,0.154
20000,1200,36.259,12.567,0.155
20000,1200,49.618,3.320,0.152
20000,1200,32.885,3.301,0.148
20000,1200,37.759,13.213,0.148
20000,1200,38.332,3.413,0.148
20000,1200,46.952,13.891,0.148
20000,1200,86.477,31.520,0.148
20000,1200,33.775,3.292,0.148
20000,1200,36.911,13.047,0.152
20000,1200,51.371,24.991,0.148
20000,1200,35.420,3.375,0.149
20000,1200,35.943,12.752,0.148
20000,1200,49.110,3.309,0.148
20000,1200,35.007,3.370,0.149
20000,1200,39.928,12.647,0.163
20000,1200,70.997,3.633,0.156
20000,1200,61.315,37.557,0.148
20000,1200,43.086,19.034,0.148
20000,1200,33.645,3.368,0.148
20000,1200,43.366,13.355,0.148
20000,1200,38.110,12.786,0.148
20000,1200,38.809,3.353,0.148
20000,1200,42.773,13.359,0.148
20000,1200,38.858,13.170,0.148
20000,1200,38.755,3.376,0.148
20000,1200,37.674,13.529,0.148
20000,1200,78.344,16.427,0.148
20000,1200,58.377,31.951,0.148
20000,1200,48.135,14.291,0.148
20000,1200,39.100,13.830,0.148
20000,1200,37.400,3.433,0.147
20000,1200,36.938,12.945,0.148
20000,1200,54.063,27.768,0.148
20000,1200,34.770,3.314,0.161
20000,1200,37.955,13.538,0.149
20000,1200,55.622,3.382,0.148
20000,1200,37.154,3.333,0.148
20000,1200,89.460,32.362,0.161
20000,1200,34.614,3.365,0.149
20000,1200,43.089,13.228,0.148
20000,1200,37.571,12.908,0.148
20000,1200,38.498,3.304,0.149
20000,1200,37.944,13.300,0.148
20000,1200,53.201,24.875,0.149
20000,1200,33.569,3.299,0.158
20000,1200,38.050,13.603,0.158
20000,1200,68.335,16.065,0.148
20000,1200,49.349,21.411,0.148
20000,1200,44.347,20.020,0.148
20000,1200,44.405,3.321,0.153
20000,1200,33.421,3.324,0.149
20000,1200,37.309,12.610,0.148
20000,1200,38.898,3.357,0.151
20000,1200,43.573,13.815,0.148
20000,1200,37.576,13.040,0.148
20000,1200,38.432,3.336,0.149
20000,1200,84.805,53.623,0.158
20000,1200,47.694,19.460,0.147
20000,1200,35.327,3.521,0.158
20000,1200,37.758,13.339,0.148
20000,1200,50.015,25.067,0.149
20000,1200,36.947,3.300,0.149
20000,1200,39.627,12.943,0.148
20000,1200,49.353,3.369,0.148
20000,1200,35.569,3.318,0.148
20000,1200,88.344,31.252,0.148
20000,1200,36.000,3.398,0.148
20000,1200,43.875,13.588,0.148
20000,1200,38.203,12.877,0.149
20000,1200,40.443,3.365,0.152
20000,1200,38.177,13.562,0.148
20000,1200,50.773,25.798,0.148
20000,1200,35.046,3.393,0.148
20000,1200,38.459,13.826,0.156
20000,1200,74.825,16.604,0.148
20000,1200,55.712,31.332,0.148
20000,1200,47.992,14.389,0.148
20000,1200,38.253,13.160,0.148
20000,1200,37.104,3.384,0.147
20000,1200,35.651,12.386,0.148
20000,1200,48.684,3.379,0.148
20000,1200,36.355,3.348,0.148
20000,1200,36.493,12.875,0.149
20000,1200,68.598,3.432,0.158
20000,1200,59.605,36.118,0.153
20000,1200,41.178,17.692,0.151
20000,1200,45.415,3.463,0.155
20000,1200,32.593,3.424,0.154
20000,1200,36.140,12.212,0.147
20000,1200,51.181,3.352,0.156
20000,1200,33.278,3.411,0.148
20000,1200,38.201,13.184,0.148
20000,1200,41.157,3.346,0.151
20000,1200,87.823,61.933,0.153
20000,1200,44.037,18.613,0.148
20000,1200,35.526,3.393,0.148
20000,1200,40.045,13.365,0.151
20000,1200,59.803,32.390,0.148
20000,1200,35.283,3.414,0.147
20000,1200,37.597,13.766,0.147
20000,1200,51.557,24.919,0.148
20000,1200,38.104,3.254,0.148
20000,1200,82.163,40.389,0.148
20000,1200,45.869,3.300,0.148
20000,1200,33.606,3.296,0.148
20000,1200,39.857,12.744,0.149
20000,1200,46.918,3.328,0.148
20000,1200,43.082,13.530,0.155
20000,1200,38.604,13.252,0.148
20000,1200,39.803,3.373,0.148
20000,1200,38.418,13.814,0.148
20000,1200,70.568,16.638,0.148
20000,1200,54.568,30.125,0.148
20000,1200,48.661,14.145,0.155
20000,1200,39.693,13.174,0.147
20000,1200,37.814,3.264,0.147
20000,1200,37.776,13.014,0.151
20000,1200,49.307,3.304,0.151
20000,1200,33.180,3.310,0.148
20000,1200,37.454,12.961,0.146
20000,1200,69.475,3.321,0.153
20000,1200,60.266,37.148,0.148
20000,1200,42.715,18.134,0.148
20000,1200,37.009,3.462,0.148
20000,1200,43.433,13.459,0.148
20000,1200,37.715,12.740,0.152
20000,1200,38.068,3.444,0.148
20000,1200,37.942,13.362,0.148
20000,1200,53.161,26.466,0.154
20000,1200,38.695,3.426,0.149
20000,1200,84.075,54.466,0.148
20000,1200,43.522,18.588,0.148
20000,1200,33.797,3.357,0.148
20000,1200,39.756,13.594,0.148
20000,1200,50.797,25.385,0.148
20000,1200,34.100,3.365,0.152
20000,1200,37.770,12.869,0.150
20000,1200,50.917,25.482,0.156
20000,1200,39.345,3.432,0.154
20000,1200,91.548,49.604,0.151
20000,1200,45.376,19.457,0.148
20000,1200,33.591,3.475,0.148
20000,1200,39.327,12.461,0.147
20000,1200,48.930,3.243,0.157
20000,1200,33.269,3.241,0.148
20000,1200,39.867,13.154,0.148
20000,1200,44.534,3.516,0.153
20000,1200,39.097,13.847,0.148
20000,1200,71.797,16.990,0.148
20000,1200,59.702,33.632,0.148
20000,1200,44.702,21.571,0.148
20000,1200,43.697,3.253,0.151
20000,1200,33.752,3.250,0.148
20000,1200,37.927,12.679,0.148
20000,1200,45.258,3.191,0.149
20000,1200,43.430,13.533,0.148
20000,1200,38.640,13.405,0.148
20000,1200,38.138,3.180,0.148
20000,1200,87.433,35.288,0.148
20000,1200,47.075,3.228,0.149
20000,1200,32.434,3.254,0.148
20000,1200,37.035,12.508,0.148
20000,1200,45.268,3.239,0.156
20000,1200,44.922,13.330,0.148
20000,1200,40.155,12.733,0.148
20000,1200,40.056,3.258,0.150
20000,1200,39.789,13.074,0.147
20000,1200,71.831,16.157,0.148
20000,1200,48.521,18.943,0.149
20000,1200,46.987,23.032,0.158
20000,1200,32.975,3.237,0.148
20000,1200,41.493,13.036,0.148
20000,1200,38.322,12.800,0.148
20000,1200,39.837,3.137,0.150
20000,1200,39.670,13.288,0.154
20000,1200,51.221,26.048,0.148
20000,1200,36.070,3.311,0.148
20000,1200,86.707,30.689,0.156
20000,1200,46.732,3.230,0.151
20000,1200,33.520,3.354,0.152
20000,1200,37.881,12.688,0.160
20000,1200,38.484,3.285,0.149
20000,1200,43.206,13.453,0.154
20000,1200,38.137,12.985,0.148
20000,1200,40.472,3.312,0.147
20000,1200,37.282,13.265,0.148
20000,1200,71.977,3.307,0.148
20000,1200,60.973,37.550,0.148
20000,1200,43.056,18.444,0.148
20000,1200,34.239,3.352,0.148
20000,1200,44.183,14.579,0.152
20000,1200,41.072,13.025,0.148
20000,1200,39.561,3.329,0.148
20000,1200,38.910,13.329,0.148
20000,1200,56.482,27.378,0.149
20000,1200,39.919,3.397,0.149
20000,1200,89.392,55.833,0.148
20000,1200,43.869,18.792,0.149
20000,1200,33.479,3.237,0.148
20000,1200,36.469,12.544,0.151
20000,1200,50.480,3.258,0.149
20000,1200,34.116,3.285,0.149
20000,1200,38.509,13.184,0.149
20000,1200,39.659,3.341,0.148
20000,1200,43.171,13.647,0.148
20000,1200,90.724,30.941,0.148
20000,1200,33.831,3.320,0.150
20000,1200,36.186,12.856,0.148
20000,1200,49.921,24.289,0.148
20000,1200,33.524,3.392,0.148
20000,1200,37.161,12.607,0.148
20000,1200,38.115,3.260,0.148
20000,1200,44.029,13.626,0.148
20000,1200,38.561,13.394,0.148
20000,1200,39.339,3.315,0.148
20000,1200,89.204,49.942,0.148
20000,1200,45.190,19.204,0.149
20000,1200,34.884,3.297,0.147
20000,1200,36.437,13.029,0.148
20000,1200,50.577,25.199,0.148
20000,1200,33.924,3.314,0.148
20000,1200,38.930,13.121,0.147
20000,1200,53.045,3.462,0.148
20000,1200,35.780,3.407,0.149
20000,1200,86.855,31.324,0.148
20000,1200,33.454,3.292,0.148
20000,1200,43.401,13.454,0.148
20000,1200,38.169,13.138,0.151
20000,1200,40.847,3.369,0.148
20000,1200,37.523,13.585,0.148
20000,1200,55.665,26.440,0.148
20000,1200,35.244,3.350,0.148
20000,1200,39.768,13.834,0.148
20000,1200,82.261,16.733,0.161
20000,1200,39.672,9.733,0.150
20000,1200,42.362,20.269,0.147
20000,1200,44.701,20.149,0.148
20000,1200,32.695,3.360,0.148
20000,1200,36.510,13.176,0.149
20000,1200,48.477,3.311,0.148
20000,1200,33.370,3.368,0.147
20000,1200,39.901,12.650,0.148
20000,1200,48.957,3.417,0.148
20000,1200,35.715,3.381,0.148
20000,1200,85.774,30.589,0.148
20000,1200,33.262,3.380,0.147
20000,1200,45.973,13.374,0.148
20000,1200,37.374,12.542,0.149
20000,1200,38.458,3.407,0.148
20000,1200,43.248,13.819,0.148
20000,2000,54.088,17.175,0.148
20000,2000,76.871,26.898,0.156
20000,2000,69.402,18.397,0.149
20000,2000,153.993,43.109,0.162
20000,2000,98.190,33.943,0.152
20000,2000,187.795,48.906,0.148
20000,2000,106.488,37.709,0.148
20000,2000,60.182,19.436,0.148
20000,2000,158.447,34.246,0.148
20000,2000,83.531,25.265,0.148
20000,2000,83.540,19.932,0.150
20000,2000,63.606,6.441,0.149
20000,2000,83.845,20.671,0.148
20000,2000,145.329,54.183,0.147
20000,2000,57.833,18.034,0.147
20000,2000,77.104,18.677,0.148
20000,2000,80.883,19.705,0.148
20000,2000,71.822,18.591,0.148
20000,2000,103.684,41.550,0.157
20000,2000,77.035,23.350,0.148
20000,2000,75.387,19.283,0.148
20000,2000,59.593,21.286,0.148
20000,2000,87.345,29.732,0.169
20000,2000,123.973,55.478,0.148
20000,2000,79.852,18.539,0.163
20000,2000,60.190,17.381,0.147
20000,2000,77.265,18.915,0.148
20000,2000,76.316,20.466,0.161
20000,2000,106.295,41.747,0.147
20000,2000,82.496,22.597,0.148
20000,2000,98.855,17.996,0.160
20000,2000,58.450,5.566,0.147
20000,2000,71.219,17.422,0.148
20000,2000,63.468,16.851,0.157
20000,2000,99.143,16.039,0.170
20000,2000,71.099,21.057,0.148
20000,2000,68.738,16.165,0.155
20000,2000,53.353,5.440,0.148
20000,2000,64.562,17.522,0.148
20000,2000,120.334,39.891,0.149
20000,2000,56.845,5.626,0.148
20000,2000,71.725,17.861,0.148
20000,2000,73.727,16.193,0.156
20000,2000,57.442,5.334,0.148
20000,2000,120.402,67.218,0.152
20000,2000,49.580,16.995,0.147
20000,2000,78.238,26.300,0.147
20000,2000,73.978,17.798,0.151
20000,2000,50.515,17.584,0.147
20000,2000,121.161,28.623,0.148
20000,2000,74.245,21.399,0.155
20000,2000,52.133,16.802,0.148
20000,2000,76.134,26.934,0.149
20000,2000,66.626,17.694,0.161
20000,2000,105.702,40.656,0.148
20000,2000,71.965,22.675,0.148
20000,2000,70.618,18.601,0.147
20000,2000,70.337,17.191,0.162
20000,2000,55.960,5.503,0.148
20000,2000,118.173,65.984,0.148
20000,2000,72.433,16.763,0.148
20000,2000,59.886,5.671,0.148
20000,2000,71.498,17.518,0.148
20000,2000,68.648,17.403,0.156
20000,2000,99.983,16.188,0.148
20000,2000,75.527,23.131,0.148
20000,2000,71.193,17.526,0.159
20000,2000,53.255,5.450,0.148
20000,2000,67.211,17.090,0.148
20000,2000,121.336,40.168,0.156
20000,2000,53.208,5.509,0.148
20000,2000,68.113,16.757,0.147
20000,2000,70.064,17.704,0.158
20000,2000,60.299,15.823,0.148
20000,2000,111.611,61.272,0.148
20000,2000,68.238,16.404,0.148
20000,2000,53.564,16.276,0.148
20000,2000,68.925,16.720,0.148
20000,2000,65.684,16.791,0.153
20000,2000,103.057,40.064,0.157
20000,2000,70.934,22.294,0.149
20000,2000,71.151,17.718,0.158
20000,2000,49.297,16.565,0.148
20000,2000,76.841,27.453,0.148
20000,2000,120.189,65.455,0.148
20000,2000,68.600,16.706,0.157
20000,2000,52.359,15.988,0.148
20000,2000,68.711,17.285,0.148
20000,2000,63.891,17.873,0.154
20000,2000,106.223,42.313,0.149
20000,2000,71.607,21.844,0.148
20000,2000,70.235,18.051,0.147
20000,2000,71.499,17.735,0.148
20000,2000,56.009,5.713,0.156
20000,2000,118.100,67.358,0.148
20000,2000,68.753,16.666,0.148
20000,2000,52.319,5.412,0.147
20000,2000,67.263,16.642,0.156
20000,2000,64.296,17.518,0.202
20000,2000,99.902,16.095,0.148
20000,2000,70.231,21.072,0.148
20000,2000,69.823,16.283,0.148
20000,2000,52.732,5.421,0.148
20000,2000,67.027,17.140,0.148
20000,2000,120.621,39.607,0.152
20000,2000,55.989,15.979,0.150
20000,2000,72.593,18.547,0.148
20000,2000,70.917,17.308,0.149
20000,2000,52.339,16.904,0.149
20000,2000,119.802,28.634,0.150
20000,2000,72.026,21.433,0.148
20000,2000,70.270,17.086,0.148
20000,2000,53.173,5.584,0.148
20000,2000,66.789,17.366,0.157
20000,2000,119.868,39.608,0.151
20000,2000,53.910,16.313,0.148
20000,2000,71.480,17.371,0.151
20000,2000,73.564,17.328,0.149
20000,2000,48.579,16.622,0.148
20000,2000,118.796,28.654,0.148
20000,2000,72.249,22.137,0.148
20000,2000,49.083,17.004,0.148
20000,2000,74.365,25.765,0.148
20000,2000,66.627,17.211,0.148
20000,2000,122.107,39.829,0.149
20000,2000,54.798,15.874,0.148
20000,2000,70.327,16.533,0.148
20000,2000,69.607,16.923,0.149
20000,2000,60.178,17.037,0.152
20000,2000,113.253,63.171,0.153
20000,2000,68.798,17.059,0.148
20000,2000,57.659,17.136,0.148
20000,2000,70.489,16.990,0.150
20000,2000,65.363,17.240,0.148
20000,2000,103.730,40.062,0.151
20000,2000,71.760,21.783,0.148
20000,2000,68.664,16.323,0.148
20000,2000,51.578,16.853,0.148
20000,2000,77.713,26.610,0.148
20000,2000,118.289,50.232,0.149
20000,2000,50.391,16.401,0.148
20000,2000,72.632,25.133,0.148
20000,2000,69.168,17.278,0.148
20000,2000,63.858,16.681,0.163
20000,2000,105.069,16.780,0.148
20000,2000,72.340,21.487,0.148
20000,2000,69.536,17.063,0.148
20000,2000,52.981,15.818,0.148
20000,2000,67.204,18.040,0.154
20000,2000,120.355,40.292,0.150
20000,2000,53.575,16.295,0.149
20000,2000,73.163,18.113,0.148
20000,2000,71.123,18.048,0.148
20000,2000,50.700,18.117,0.149
20000,2000,118.158,31.075,0.152
20000,2000,73.759,22.358,0.148
20000,2000,68.935,16.795,0.149
20000,2000,57.167,16.369,0.148
20000,2000,69.661,18.146,0.149
20000,2000,121.376,40.181,0.151
20000,2000,52.235,15.972,0.147
20000,2000,68.516,16.631,0.147
20000,2000,68.871,16.876,0.148
20000,2000,59.294,16.299,0.154
20000,2000,108.806,58.456,0.148
20000,2000,71.104,16.339,0.149
20000,2000,52.603,5.365,0.148
20000,2000,68.417,16.941,0.149
20000,2000,65.438,17.182,0.158
20000,2000,99.754,15.996,0.148
20000,2000,73.736,21.852,0.148
20000,2000,71.286,16.245,0.152
20000,2000,54.604,5.388,0.148
20000,2000,66.588,17.684,0.149
20000,2000,119.161,38.002,0.148
20000,2000,54.883,5.480,0.148
20000,2000,67.792,16.768,0.148
20000,2000,70.245,16.742,0.150
20000,2000,55.335,5.328,0.148
20000,2000,115.456,63.915,0.149
20000,2000,69.199,16.708,0.148
20000,2000,54.976,5.456,0.159
20000,2000,73.105,17.687,0.149
20000,2000,69.693,17.724,0.149
20000,2000,97.636,16.305,0.150
20000,2000,73.850,22.318,0.161
20000,2000,71.733,17.525,0.157
20000,2000,54.229,16.662,0.148
20000,2000,70.038,17.661,0.148
20000,2000,121.096,40.366,0.148
20000,2000,54.148,16.525,0.149
20000,2000,67.368,16.748,0.147
20000,2000,69.082,16.790,0.148
20000,2000,58.662,16.888,0.148
20000,2000,112.252,61.438,0.148
20000,2000,69.938,17.196,0.148
20000,2000,57.307,16.059,0.148
20000,2000,68.031,16.962,0.148
20000,2000,66.816,17.312,0.153
20000,2000,104.921,40.137,0.148
20000,2000,72.760,22.200,0.148
20000,2000,70.851,17.572,0.148
20000,2000,49.019,16.810,0.148
20000,2000,77.765,26.724,0.149
20000,2000,120.481,59.653,0.149
20000,2000,70.428,17.002,0.162
20000,2000,54.285,5.597,0.149
20000,2000,69.983,17.741,0.148
20000,2000,65.311,17.625,0.150
20000,2000,100.751,16.397,0.148
20000,2000,71.514,21.393,0.149
20000,2000,71.439,16.563,0.179
20000,2000,52.806,15.904,0.148
20000,2000,67.601,17.583,0.150
20000,2000,125.100,39.876,0.152
20000,2000,51.735,16.569,0.149
20000,2000,77.718,26.159,0.148
20000,2000,70.453,17.336,0.148
20000,2000,52.919,17.569,0.147
20000,2000,118.713,31.142,0.148
20000,2000,74.067,22.333,0.148
20000,2000,74.302,17.665,0.148
20000,2000,59.995,17.186,0.148
20000,2000,71.228,17.779,0.148
20000,2000,127.563,41.714,0.148
20000,2000,53.278,17.404,0.148
20000,2000,76.120,26.422,0.148
20000,2000,71.705,17.556,0.157
20000,2000,53.457,18.651,0.162
20000,2000,117.281,29.291,0.148
20000,2000,74.929,21.637,0.147
20000,2000,67.463,16.451,0.150
20000,2000,53.096,5.420,0.147
20000,2000,67.055,17.055,0.156
20000,2000,116.298,38.996,0.147
20000,2000,52.102,5.368,0.148
20000,2000,66.651,17.122,0.150
20000,2000,71.576,16.117,0.147
20000,2000,60.020,16.565,0.147
20000,2000,109.235,60.164,0.149
20000,2000,70.797,17.934,0.154
20000,2000,50.907,16.158,0.148
20000,2000,80.447,25.529,0.148
20000,2000,67.532,17.952,0.147
20000,2000,103.722,40.501,0.147
20000,2000,72.631,23.125,0.148
20000,2000,78.078,18.314,0.820
20000,2000,79.021,20.789,0.430
20000,2000,56.881,5.607,0.402
20000,2000,126.835,70.721,0.162
20000,2000,75.075,18.382,0.144
20000,2000,57.652,6.040,0.144
20000,2000,75.927,19.966,0.145
20000,2000,67.531,19.860,0.144
20000,2000,100.204,40.339,0.186
20000,2000,72.632,22.639,0.191
20000,2000,74.162,16.816,0.190
20000,2000,55.346,17.465,0.187
20000,2000,71.131,19.483,0.188
20000,2000,128.806,41.686,0.202
20000,2000,53.323,16.814,0.186
20000,2000,68.792,17.280,0.189
20000,2000,70.618,17.477,0.200
20000,2000,57.394,16.749,0.200
20000,2000,117.532,65.731,0.199
20000,2000,73.509,17.668,0.183
20000,2000,54.601,17.411,0.194
20000,2000,69.549,17.849,0.185
20000,2000,64.589,17.668,0.184
20000,2000,106.407,41.298,0.151
20000,2000,71.742,22.344,0.190
20000,2000,69.159,17.675,0.196
20000,2000,49.429,16.989,0.192
20000,2000,78.383,27.363,0.190
20000,2000,127.794,66.104,0.197
20000,2000,75.015,20.079,0.199
20000,2000,54.177,5.643,0.174
20000,2000,70.261,18.954,0.196
20000,2000,62.163,16.786,0.178
20000,2000,103.070,16.198,0.147
20000,2000,84.621,21.977,0.146
20000,2000,71.240,17.295,0.145
20000,2000,57.117,17.198,0.147
20000,2000,70.973,18.951,0.148
20000,2000,127.936,52.675,0.148
20000,2000,50.225,17.038,0.150
20000,2000,75.796,27.213,0.158
20000,2000,71.175,18.953,0.151
20000,2000,65.911,17.857,0.159
20000,2000,102.130,39.746,0.200
20000,2000,75.393,22.728,0.220
20000,2000,74.801,17.908,0.229
20000,2000,54.274,5.602,0.232
20000,2000,68.705,17.204,0.203
20000,2000,136.928,42.038,0.207
20000,2000,60.221,5.695,0.384
20000,2000,72.042,17.567,0.181
20000,2000,50.454,16.564,0.205
20000,2000,57.244,5.307,0.473
20000,2000,113.223,60.172,0.169
