nParts,k,frameMs,editMs,gpuMs
20000,1,1.246,0.080,0.335
20000,1,1.361,0.091,0.335
20000,1,1.273,0.073,0.334
20000,1,1.393,0.077,0.335
20000,1,1.351,0.077,0.334
20000,1,1.304,0.073,0.334
20000,1,1.309,0.072,0.336
20000,1,1.251,0.071,0.335
20000,1,1.234,0.070,0.335
20000,1,1.323,0.070,0.334
20000,1,1.330,0.072,0.335
20000,1,1.255,0.070,0.335
20000,1,1.517,0.072,0.336
20000,1,1.578,0.072,0.335
20000,1,1.565,0.068,0.335
20000,1,1.536,0.068,0.335
20000,1,1.564,0.069,0.336
20000,1,1.542,0.069,0.336
20000,1,1.503,0.067,0.335
20000,1,1.556,0.068,0.336
20000,1,1.776,0.081,0.335
20000,1,1.566,0.072,0.336
20000,1,1.644,0.069,0.335
20000,1,1.765,0.079,0.334
20000,1,1.518,0.068,0.335
20000,1,1.515,0.067,0.335
20000,1,1.522,0.070,0.335
20000,1,1.587,0.079,0.336
20000,1,1.536,0.081,0.336
20000,1,1.545,0.068,0.336
20000,1,1.508,0.073,0.336
20000,1,1.528,0.069,0.336
20000,1,1.513,0.068,0.335
20000,1,1.548,0.070,0.334
20000,1,1.562,0.073,0.335
20000,1,1.740,0.070,0.336
20000,1,1.707,0.071,0.334
20000,1,1.598,0.067,0.335
20000,1,1.760,0.068,0.334
20000,1,1.509,0.067,0.335
20000,1,1.517,0.068,0.334
20000,1,1.539,0.068,0.335
20000,1,1.548,0.069,0.336
20000,1,1.549,0.075,0.335
20000,1,1.604,0.069,0.335
20000,1,1.572,0.081,0.335
20000,1,1.552,0.070,0.335
20000,1,1.589,0.068,0.335
20000,1,1.580,0.068,0.335
20000,1,1.601,0.071,0.335
20000,1,1.651,0.083,0.336
20000,1,1.609,0.072,0.335
20000,1,2.141,0.072,0.334
20000,1,1.557,0.068,0.335
20000,1,1.549,0.076,0.336
20000,1,1.550,0.069,0.335
20000,1,1.930,0.069,0.336
20000,1,1.590,0.069,0.353
20000,1,1.684,0.103,0.352
20000,1,1.637,0.071,0.353
20000,1,1.613,0.081,0.353
20000,1,1.938,0.070,0.354
20000,1,1.734,0.077,0.353
20000,1,1.721,0.071,0.353
20000,1,1.692,0.071,0.352
20000,1,1.739,0.070,0.353
20000,1,1.762,0.069,0.353
20000,1,2.003,0.069,0.352
20000,1,1.705,0.071,0.353
20000,1,1.694,0.068,0.352
20000,1,1.718,0.070,0.354
20000,1,1.711,0.069,0.353
20000,1,1.698,0.070,0.353
20000,1,1.708,0.069,0.352
20000,1,1.720,0.070,0.353
20000,1,1.712,0.071,0.352
20000,1,1.732,0.070,0.353
20000,1,5.526,0.069,0.353
20000,1,1.814,0.082,0.353
20000,1,3.928,0.074,0.353
20000,1,1.898,0.078,0.354
20000,1,2.676,0.077,0.352
20000,1,1.340,0.081,0.353
20000,1,2.584,0.078,0.354
20000,1,1.279,0.073,0.353
20000,1,1.325,0.087,0.352
20000,1,1.280,0.070,0.353
20000,1,1.327,0.073,0.354
20000,1,1.227,0.070,0.353
20000,1,1.353,0.069,0.353
20000,1,1.263,0.076,0.354
20000,1,1.269,0.073,0.354
20000,1,1.264,0.070,0.353
20000,1,1.248,0.081,0.353
20000,1,1.238,0.072,0.353
20000,1,1.269,0.078,0.353
20000,1,1.366,0.073,0.353
20000,1,1.303,0.077,0.353
20000,1,1.250,0.082,0.354
20000,1,1.261,0.075,0.353
20000,1,1.235,0.074,0.353
20000,1,1.244,0.074,0.353
20000,1,1.284,0.077,0.353
20000,1,1.268,0.079,0.353
20000,1,1.285,0.072,0.352
20000,1,1.300,0.092,0.353
20000,1,1.314,0.072,0.354
20000,1,1.267,0.088,0.354
20000,1,1.252,0.073,0.353
20000,1,1.251,0.071,0.353
20000,1,1.269,0.072,0.352
20000,1,1.358,0.074,0.353
20000,1,1.252,0.085,0.352
20000,1,1.239,0.071,0.354
20000,1,1.236,0.073,0.353
20000,1,1.237,0.073,0.354
20000,1,1.294,0.071,0.353
20000,1,1.248,0.072,0.353
20000,1,1.266,0.075,0.352
20000,1,1.279,0.071,0.353
20000,1,1.244,0.072,0.353
20000,1,1.232,0.073,0.352
20000,1,1.238,0.070,0.353
20000,1,1.241,0.072,0.353
20000,1,1.298,0.077,0.353
20000,1,1.374,0.079,0.354
20000,1,1.382,0.075,0.353
20000,1,1.262,0.077,0.353
20000,1,1.250,0.077,0.353
20000,1,1.334,0.078,0.354
20000,1,1.270,0.076,0.353
20000,1,1.328,0.088,0.353
20000,1,1.307,0.088,0.354
20000,1,1.266,0.081,0.352
20000,1,1.298,0.079,0.353
20000,1,1.363,0.082,0.353
20000,1,1.312,0.081,0.353
20000,1,1.301,0.078,0.352
20000,1,1.275,0.078,0.352
20000,1,1.247,0.077,0.352
20000,1,1.263,0.078,0.353
20000,1,1.292,0.078,0.353
20000,1,1.249,0.080,0.353
20000,1,1.301,0.099,0.353
20000,1,1.328,0.080,0.353
20000,1,1.285,0.079,0.354
20000,1,1.262,0.080,0.352
20000,1,1.323,0.078,0.353
20000,1,1.822,0.079,0.353
20000,1,1.593,0.080,0.354
20000,1,1.585,0.076,0.353
20000,1,1.595,0.076,0.353
20000,1,1.587,0.084,0.353
20000,1,1.594,0.087,0.352
20000,1,1.616,0.078,0.352
20000,1,1.624,0.078,0.353
20000,1,1.676,0.078,0.353
20000,1,1.592,0.077,0.353
20000,1,1.608,0.078,0.353
20000,1,1.593,0.079,0.354
20000,1,1.612,0.080,0.353
20000,1,1.608,0.095,0.353
20000,1,1.957,0.080,0.353
20000,1,1.958,0.084,0.353
20000,1,1.800,0.083,0.353
20000,1,1.718,0.083,0.353
20000,1,1.710,0.083,0.353
20000,1,1.740,0.085,0.353
20000,1,1.825,0.082,0.353
20000,1,1.763,0.083,0.354
20000,1,1.719,0.082,0.354
20000,1,1.778,0.094,0.353
20000,1,1.763,0.083,0.354
20000,1,1.728,0.082,0.353
20000,1,1.782,0.086,0.353
20000,1,1.724,0.083,0.352
20000,1,1.775,0.083,0.354
20000,1,1.716,0.084,0.353
20000,1,1.925,0.084,0.353
20000,1,1.761,0.084,0.353
20000,1,6.036,0.085,0.353
20000,1,3.877,0.096,0.352
20000,1,1.983,0.181,0.353
20000,1,3.427,0.094,0.355
20000,1,1.308,0.096,0.354
20000,1,1.277,0.096,0.353
20000,1,1.348,0.082,0.353
20000,1,1.297,0.082,0.352
20000,1,1.305,0.109,0.353
20000,1,1.282,0.082,0.353
20000,1,1.300,0.082,0.352
20000,1,1.289,0.081,0.353
20000,1,1.329,0.082,0.353
20000,1,1.271,0.083,0.353
20000,1,1.315,0.081,0.353
20000,1,1.253,0.083,0.353
20000,1,1.346,0.081,0.353
20000,1,1.301,0.083,0.354
20000,1,1.265,0.083,0.353
20000,1,1.294,0.082,0.354
20000,1,1.323,0.081,0.353
20000,1,1.310,0.092,0.353
20000,1,1.278,0.080,0.353
20000,1,1.281,0.080,0.352
20000,1,1.273,0.083,0.353
20000,1,1.277,0.081,0.354
20000,1,1.280,0.081,0.354
20000,1,1.293,0.082,0.352
20000,1,1.261,0.080,0.353
20000,1,1.308,0.086,0.353
20000,1,1.270,0.081,0.353
20000,1,1.252,0.092,0.353
20000,1,1.261,0.080,0.353
20000,1,1.291,0.081,0.353
20000,1,1.288,0.084,0.353
20000,1,1.282,0.080,0.353
20000,1,1.314,0.082,0.353
20000,1,1.303,0.081,0.353
20000,1,1.258,0.081,0.352
20000,1,1.479,0.081,0.354
20000,1,1.587,0.082,0.353
20000,1,1.577,0.079,0.353
20000,1,1.595,0.088,0.353
20000,1,1.624,0.079,0.354
20000,1,1.624,0.080,0.353
20000,1,1.630,0.082,0.354
20000,1,1.569,0.081,0.354
20000,1,1.588,0.080,0.353
20000,1,1.573,0.079,0.353
20000,1,1.803,0.081,0.354
20000,1,1.576,0.083,0.353
20000,1,1.592,0.078,0.353
20000,1,1.603,0.081,0.353
20000,1,1.589,0.091,0.352
20000,1,1.560,0.080,0.352
20000,1,1.606,0.088,0.353
20000,1,1.578,0.080,0.354
20000,1,1.588,0.079,0.353
20000,1,1.585,0.079,0.353
20000,1,1.614,0.091,0.353
20000,1,1.589,0.080,0.352
20000,1,1.560,0.078,0.353
20000,1,1.557,0.080,0.354
20000,1,1.559,0.079,0.353
20000,1,1.808,0.084,0.353
20000,1,1.602,0.079,0.352
20000,1,1.666,0.079,0.354
20000,1,1.818,0.080,0.352
20000,1,1.576,0.077,0.353
20000,1,1.629,0.081,0.353
20000,1,1.573,0.080,0.353
20000,1,1.572,0.082,0.353
20000,1,1.545,0.079,0.353
20000,1,1.571,0.082,0.353
20000,1,1.585,0.088,0.354
20000,1,1.577,0.078,0.353
20000,1,1.589,0.080,0.353
20000,1,1.579,0.081,0.353
20000,1,1.794,0.091,0.353
20000,1,1.634,0.080,0.353
20000,1,1.628,0.083,0.353
20000,1,1.638,0.080,0.353
20000,1,1.608,0.081,0.354
20000,1,1.930,0.081,0.354
20000,1,1.755,0.085,0.353
20000,1,1.862,0.084,0.353
20000,1,1.755,0.084,0.354
20000,1,27.009,0.080,0.352
20000,1,1.877,0.104,0.353
20000,1,1.828,0.089,0.353
20000,1,1.615,0.087,0.353
20000,1,1.439,0.087,0.352
20000,1,1.410,0.093,0.352
20000,1,1.421,0.086,0.352
20000,1,1.453,0.090,0.353
20000,1,1.399,0.083,0.353
20000,1,1.467,0.083,0.354
20000,1,3.481,0.082,0.352
20000,1,1.398,0.083,0.353
20000,1,1.393,0.085,0.352
20000,1,5.506,0.086,0.353
20000,1,1.448,0.085,0.353
20000,1,1.441,0.095,0.354
20000,1,1.407,0.091,0.353
20000,1,1.463,0.084,0.353
20000,1,1.416,0.081,0.352
20000,1,1.518,0.082,0.352
20000,1,10.030,0.090,0.363
20000,1,1.284,0.082,0.363
20000,1,1.267,0.082,0.363
20000,1,1.290,0.081,0.364
20000,1,1.317,0.082,0.363
20000,1,1.273,0.081,0.363
20000,1,1.300,0.081,0.362
20000,1,1.279,0.080,0.363
20000,1,1.359,0.091,0.362
20000,1,1.332,0.081,0.363
20000,1,1.293,0.082,0.363
20000,1,1.283,0.089,0.362
20000,1,1.349,0.082,0.362
20000,2,1.322,0.102,0.369
20000,2,1.363,0.090,0.364
20000,2,1.339,0.094,0.362
20000,2,1.336,0.095,0.362
20000,2,1.413,0.092,0.363
20000,2,1.339,0.095,0.363
20000,2,1.324,0.095,0.363
20000,2,1.321,0.091,0.362
20000,2,1.330,0.092,0.369
20000,2,1.323,0.093,0.363
20000,2,1.339,0.094,0.363
20000,2,1.381,0.108,0.364
20000,2,1.308,0.091,0.363
20000,2,1.334,0.093,0.364
20000,2,1.319,0.101,0.362
20000,2,1.343,0.092,0.368
20000,2,1.384,0.092,0.363
20000,2,1.356,0.093,0.363
20000,2,1.330,0.094,0.364
20000,2,1.409,0.092,0.363
20000,2,1.509,0.092,0.363
20000,2,1.637,0.092,0.363
20000,2,1.650,0.110,0.363
20000,2,1.648,0.096,0.363
20000,2,1.626,0.090,0.363
20000,2,1.640,0.092,0.363
20000,2,1.690,0.105,0.362
20000,2,1.786,0.096,0.363
20000,2,2.036,0.092,0.363
20000,2,1.753,0.091,0.362
20000,2,1.860,0.091,0.362
20000,2,1.760,0.088,0.368
20000,2,1.745,0.100,0.363
20000,2,1.794,0.107,0.362
20000,2,1.787,0.089,0.364
20000,2,1.748,0.089,0.368
20000,2,1.848,0.089,0.362
20000,2,1.829,0.105,0.362
20000,2,2.007,0.089,0.363
20000,2,1.760,0.092,0.363
20000,2,1.677,0.090,0.363
20000,2,1.779,0.088,0.362
20000,2,1.761,0.089,0.362
20000,2,1.823,0.095,0.368
20000,2,5.894,0.089,0.363
20000,2,1.852,0.092,0.363
20000,2,3.853,0.091,0.362
20000,2,1.779,0.091,0.368
20000,2,1.802,0.090,0.363
20000,2,1.706,0.090,0.363
20000,2,1.381,0.098,0.363
20000,2,1.326,0.093,0.370
20000,2,1.323,0.091,0.362
20000,2,1.332,0.092,0.363
20000,2,1.292,0.091,0.363
20000,2,1.332,0.092,0.363
20000,2,1.355,0.090,0.363
20000,2,1.311,0.090,0.362
20000,2,1.302,0.090,0.362
20000,2,1.313,0.091,0.363
20000,2,1.285,0.089,0.363
20000,2,1.295,0.087,0.363
20000,2,1.317,0.092,0.363
20000,2,1.295,0.097,0.363
20000,2,1.348,0.091,0.363
20000,2,1.315,0.090,0.363
20000,2,1.311,0.100,0.363
20000,2,1.296,0.092,0.364
20000,2,1.352,0.092,0.364
20000,2,1.315,0.103,0.363
20000,2,1.364,0.093,0.363
20000,2,1.460,0.089,0.362
20000,2,1.307,0.089,0.363
20000,2,1.312,0.092,0.363
20000,2,1.309,0.089,0.362
20000,2,1.294,0.094,0.363
20000,2,1.350,0.088,0.380
20000,2,1.351,0.089,0.374
20000,2,1.325,0.099,0.378
20000,2,1.334,0.090,0.374
20000,2,1.329,0.089,0.380
20000,2,1.360,0.092,0.380
20000,2,1.318,0.091,0.374
20000,2,1.303,0.091,0.374
20000,2,1.329,0.089,0.379
20000,2,1.324,0.092,0.374
20000,2,1.389,0.091,0.373
20000,2,1.323,0.093,0.379
20000,2,1.315,0.090,0.373
20000,2,1.332,0.097,0.374
20000,2,1.327,0.092,0.373
20000,2,1.335,0.092,0.379
20000,2,1.298,0.101,0.373
20000,2,1.309,0.087,0.374
20000,2,1.358,0.091,0.374
20000,2,1.421,0.099,0.380
20000,2,1.437,0.090,0.374
20000,2,1.417,0.089,0.379
20000,2,1.417,0.090,0.373
20000,2,1.413,0.091,0.374
20000,2,1.376,0.090,0.373
20000,2,1.422,0.089,0.374
20000,2,1.390,0.103,0.379
20000,2,1.432,0.090,0.379
20000,2,1.355,0.092,0.373
20000,2,1.362,0.091,0.379
20000,2,1.326,0.090,0.373
20000,2,1.494,0.092,0.380
20000,2,1.341,0.092,0.374
20000,2,1.357,0.090,0.374
20000,2,1.317,0.089,0.374
20000,2,1.338,0.089,0.374
20000,2,1.339,0.090,0.380
20000,2,1.359,0.094,0.373
20000,2,1.338,0.090,0.373
20000,2,1.336,0.092,0.374
20000,2,1.368,0.091,0.374
20000,2,1.346,0.092,0.374
20000,2,1.352,0.104,0.380
20000,2,1.351,0.089,0.373
20000,2,1.348,0.090,0.379
20000,2,1.391,0.091,0.373
20000,2,1.344,0.092,0.373
20000,2,1.338,0.091,0.379
20000,2,3.409,0.091,0.380
20000,2,1.343,0.090,0.373
20000,2,1.354,0.102,0.379
20000,2,1.334,0.092,0.373
20000,2,3.326,0.093,0.379
20000,2,1.774,0.089,0.379
20000,2,1.478,0.095,0.373
20000,2,1.547,0.093,0.374
20000,2,1.474,0.095,0.373
20000,2,3.582,0.089,0.374
20000,2,1.520,0.101,0.373
20000,2,1.452,0.093,0.373
20000,2,3.563,0.101,0.374
20000,2,1.458,0.094,0.380
20000,2,1.435,0.101,0.373
20000,2,1.491,0.089,0.380
20000,2,1.454,0.103,0.379
20000,2,1.439,0.091,0.380
20000,2,1.511,0.092,0.373
20000,2,1.634,0.119,0.373
20000,2,1.458,0.095,0.372
20000,2,1.447,0.092,0.374
20000,2,1.492,0.102,0.373
20000,2,1.450,0.091,0.374
20000,2,5.950,0.100,0.379
20000,2,1.579,0.092,0.373
20000,2,3.912,0.093,0.379
20000,2,2.254,0.124,0.374
20000,2,4.399,0.124,0.373
20000,2,1.454,0.095,0.380
20000,2,1.478,0.091,0.374
20000,2,1.441,0.091,0.373
20000,2,1.501,0.092,0.373
20000,2,1.484,0.102,0.373
20000,2,1.405,0.088,0.374
20000,2,1.421,0.100,0.374
20000,2,1.384,0.090,0.374
20000,2,1.448,0.092,0.374
20000,2,1.422,0.097,0.379
20000,2,1.383,0.089,0.379
20000,2,1.371,0.088,0.378
20000,2,1.429,0.089,0.373
20000,2,1.379,0.091,0.380
20000,2,1.337,0.089,0.373
20000,2,1.339,0.090,0.373
20000,2,1.395,0.090,0.373
20000,2,1.341,0.091,0.379
20000,2,1.333,0.091,0.380
20000,2,1.305,0.089,0.374
20000,2,1.306,0.087,0.373
20000,2,1.343,0.090,0.373
20000,2,1.335,0.092,0.379
20000,2,1.359,0.089,0.374
20000,2,1.332,0.091,0.374
20000,2,1.318,0.091,0.381
20000,2,1.333,0.092,0.373
20000,2,1.320,0.093,0.373
20000,2,1.355,0.091,0.373
20000,2,1.344,0.095,0.373
20000,2,1.343,0.106,0.373
20000,2,1.379,0.092,0.374
20000,2,1.329,0.092,0.373
20000,2,1.327,0.095,0.379
20000,2,1.330,0.091,0.374
20000,2,1.334,0.092,0.373
20000,2,1.318,0.090,0.374
20000,2,1.352,0.095,0.373
20000,2,1.430,0.096,0.374
20000,2,1.384,0.093,0.378
20000,2,1.387,0.094,0.374
20000,2,1.330,0.101,0.373
20000,2,1.338,0.095,0.373
20000,2,1.359,0.091,0.380
20000,2,1.320,0.090,0.373
20000,2,1.338,0.092,0.373
20000,2,1.373,0.093,0.380
20000,2,1.321,0.093,0.373
20000,2,1.318,0.092,0.373
20000,2,1.331,0.094,0.373
20000,2,1.341,0.092,0.374
20000,2,1.339,0.097,0.379
20000,2,1.315,0.093,0.374
20000,2,1.372,0.095,0.372
20000,2,1.363,0.093,0.379
20000,2,1.514,0.105,0.543
20000,2,1.500,0.094,0.393
20000,2,1.497,0.101,0.393
20000,2,1.595,0.091,0.392
20000,2,1.482,0.093,0.391
20000,2,1.480,0.092,0.392
20000,2,1.495,0.091,0.392
20000,2,1.487,0.097,0.393
20000,2,1.472,0.093,0.393
20000,2,1.468,0.092,0.388
20000,2,1.458,0.098,0.392
20000,2,1.458,0.094,0.392
20000,2,1.456,0.101,0.393
20000,2,1.518,0.093,0.392
20000,2,1.472,0.102,0.393
20000,2,1.449,0.091,0.393
20000,2,1.456,0.101,0.392
20000,2,1.475,0.095,0.392
20000,2,1.487,0.094,0.391
20000,2,36.567,0.093,0.392
20000,2,1.706,0.126,0.392
20000,2,1.542,0.098,0.392
20000,2,1.466,0.094,0.392
20000,2,1.857,0.092,0.393
20000,2,1.807,0.121,0.392
20000,2,1.813,0.130,0.392
20000,2,1.775,0.119,0.391
20000,2,1.746,0.122,0.392
20000,2,1.639,0.095,0.393
20000,2,1.591,0.097,0.388
20000,2,1.589,0.095,0.392
20000,2,1.627,0.094,0.393
20000,2,1.576,0.094,0.392
20000,2,1.608,0.105,0.393
20000,2,1.574,0.094,0.393
20000,2,1.585,0.093,0.392
20000,2,1.619,0.093,0.393
20000,2,1.794,0.091,0.392
20000,2,1.957,0.094,0.392
20000,2,2.257,0.122,0.392
20000,2,1.893,0.097,0.392
20000,2,1.884,0.092,0.393
20000,2,7.818,0.093,0.393
20000,2,2.159,0.104,0.392
20000,2,2.099,0.133,0.393
20000,2,1.914,0.096,0.392
20000,2,3.851,0.095,0.393
20000,2,1.449,0.094,0.393
20000,2,1.474,0.091,0.394
20000,2,1.436,0.093,0.388
20000,2,1.428,0.093,0.392
20000,2,1.472,0.099,0.393
20000,2,1.440,0.091,0.393
20000,2,1.468,0.092,0.393
20000,2,1.468,0.094,0.392
20000,2,1.471,0.095,0.388
20000,2,1.451,0.093,0.392
20000,2,1.443,0.091,0.393
20000,2,1.497,0.092,0.393
20000,2,1.456,0.093,0.393
20000,2,1.457,0.093,0.392
20000,2,1.448,0.093,0.392
20000,2,1.458,0.093,0.391
20000,2,1.450,0.090,0.392
20000,2,1.456,0.092,0.393
20000,2,1.524,0.093,0.393
20000,2,1.538,0.096,0.393
20000,2,1.549,0.093,0.392
20000,2,1.505,0.093,0.393
20000,2,1.514,0.093,0.388
20000,2,1.481,0.094,0.392
20000,2,1.476,0.092,0.394
20000,2,1.477,0.093,0.392
20000,2,1.499,0.092,0.392
20000,2,1.473,0.091,0.393
20000,2,1.475,0.094,0.392
20000,2,1.497,0.092,0.392
20000,2,1.458,0.090,0.392
20000,2,1.469,0.091,0.393
20000,2,1.469,0.092,0.392
20000,2,1.468,0.091,0.392
20000,2,1.518,0.092,0.392
20000,2,1.455,0.089,0.392
20000,2,1.477,0.093,0.393
20000,2,1.465,0.090,0.392
20000,2,1.524,0.096,0.391
20000,2,1.478,0.093,0.392
20000,2,1.500,0.091,0.392
20000,2,1.521,0.093,0.393
20000,2,1.468,0.091,0.392
20000,2,1.442,0.089,0.392
20000,2,1.455,0.092,0.392
20000,3,1.914,0.099,0.392
20000,3,1.961,0.102,0.392
20000,3,1.978,0.103,0.393
20000,3,1.968,0.102,0.393
20000,3,1.959,0.102,0.392
20000,3,1.998,0.102,0.392
20000,3,1.964,0.101,0.392
20000,3,1.986,0.103,0.392
20000,3,2.049,0.114,0.387
20000,3,2.001,0.105,0.392
20000,3,6.190,0.108,0.393
20000,3,4.207,0.115,0.393
20000,3,1.994,0.113,0.392
20000,3,4.095,0.110,0.393
20000,3,1.571,0.106,0.392
20000,3,1.560,0.105,0.392
20000,3,1.646,0.107,0.388
20000,3,1.563,0.103,0.388
20000,3,1.567,0.104,0.392
20000,3,1.583,0.102,0.393
20000,3,1.572,0.112,0.388
20000,3,1.543,0.106,0.387
20000,3,1.558,0.113,0.391
20000,3,1.565,0.112,0.392
20000,3,1.581,0.103,0.393
20000,3,1.559,0.103,0.392
20000,3,1.536,0.103,0.392
20000,3,1.537,0.105,0.392
20000,3,1.554,0.102,0.393
20000,3,1.637,0.102,0.393
20000,3,1.563,0.104,0.392
20000,3,1.569,0.103,0.393
20000,3,1.560,0.105,0.392
20000,3,1.547,0.102,0.392
20000,3,1.526,0.107,0.391
20000,3,1.583,0.102,0.392
20000,3,1.574,0.102,0.392
20000,3,1.547,0.103,0.388
20000,3,1.528,0.100,0.392
20000,3,1.630,0.100,0.392
20000,3,1.516,0.101,0.392
20000,3,1.523,0.103,0.393
20000,3,1.555,0.104,0.392
20000,3,1.533,0.102,0.393
20000,3,1.551,0.108,0.392
20000,3,1.548,0.101,0.393
20000,3,1.590,0.107,0.392
20000,3,1.522,0.101,0.393
20000,3,1.538,0.103,0.392
20000,3,1.529,0.102,0.392
20000,3,1.554,0.104,0.392
20000,3,1.553,0.113,0.393
20000,3,1.554,0.104,0.391
20000,3,1.530,0.105,0.392
20000,3,1.554,0.101,0.392
20000,3,1.559,0.103,0.392
20000,3,1.554,0.102,0.392
20000,3,1.537,0.102,0.388
20000,3,1.536,0.103,0.392
20000,3,1.574,0.109,0.393
20000,3,1.534,0.103,0.391
20000,3,1.656,0.111,0.392
20000,3,1.530,0.101,0.393
20000,3,1.518,0.102,0.392
20000,3,1.530,0.102,0.392
20000,3,1.548,0.101,0.392
20000,3,1.539,0.103,0.392
20000,3,1.534,0.111,0.393
20000,3,1.535,0.102,0.392
20000,3,1.569,0.103,0.392
20000,3,1.525,0.103,0.392
20000,3,1.669,0.104,0.393
20000,3,1.525,0.102,0.393
20000,3,1.550,0.101,0.393
20000,3,1.546,0.112,0.392
20000,3,1.526,0.102,0.391
20000,3,1.641,0.102,0.393
20000,3,1.544,0.106,0.388
20000,3,1.540,0.099,0.393
20000,3,1.518,0.099,0.388
20000,3,1.535,0.102,0.392
20000,3,1.583,0.120,0.393
20000,3,1.710,0.107,0.392
20000,3,1.584,0.109,0.393
20000,3,1.651,0.110,0.387
20000,3,1.546,0.102,0.391
20000,3,1.589,0.101,0.393
20000,3,1.618,0.123,0.392
20000,3,1.537,0.114,0.391
20000,3,1.533,0.106,0.387
20000,3,1.533,0.107,0.393
20000,3,1.587,0.114,0.392
20000,3,1.547,0.110,0.391
20000,3,1.571,0.102,0.387
20000,3,1.532,0.114,0.392
20000,3,1.536,0.106,0.392
20000,3,1.690,0.102,0.392
20000,3,1.927,0.107,0.387
20000,3,1.791,0.107,0.392
20000,3,1.783,0.109,0.391
20000,3,1.732,0.109,0.392
20000,3,1.804,0.188,0.393
20000,3,1.750,0.107,0.393
20000,3,1.712,0.117,0.393
20000,3,1.686,0.109,0.392
20000,3,1.703,0.108,0.392
20000,3,1.706,0.109,0.392
20000,3,1.636,0.105,0.393
20000,3,1.665,0.105,0.392
20000,3,1.664,0.109,0.391
20000,3,8.539,0.101,0.393
20000,3,1.803,0.121,0.392
20000,3,1.724,0.109,0.392
20000,3,1.821,0.107,0.391
20000,3,6.987,0.124,0.391
20000,3,4.381,2.210,0.392
20000,3,4.185,0.117,0.392
20000,3,4.129,0.121,0.387
20000,3,1.641,0.126,0.392
20000,3,1.593,0.111,0.392
20000,3,1.611,0.109,0.392
20000,3,1.711,0.107,0.392
20000,3,1.593,0.105,0.392
20000,3,1.551,0.108,0.393
20000,3,1.597,0.107,0.392
20000,3,1.575,0.108,0.392
20000,3,1.644,0.116,0.392
20000,3,1.566,0.108,0.393
20000,3,1.581,0.111,0.392
20000,3,1.609,0.107,0.392
20000,3,1.658,0.112,0.392
20000,3,1.584,0.109,0.392
20000,3,1.569,0.112,0.392
20000,3,1.549,0.110,0.393
20000,3,1.561,0.109,0.392
20000,3,1.541,0.104,0.393
20000,3,1.614,0.113,0.392
20000,3,1.548,0.107,0.387
20000,3,1.587,0.112,0.393
20000,3,1.545,0.105,0.393
20000,3,1.551,0.106,0.392
20000,3,1.578,0.124,0.392
20000,3,1.586,0.101,0.392
20000,3,1.547,0.104,0.391
20000,3,1.570,0.103,0.391
20000,3,1.570,0.104,0.388
20000,3,1.584,0.105,0.393
20000,3,1.560,0.102,0.393
20000,3,1.564,0.117,0.392
20000,3,1.552,0.104,0.392
20000,3,1.556,0.106,0.392
20000,3,1.594,0.107,0.392
20000,3,12.382,0.105,0.392
20000,3,1.548,0.106,0.392
20000,3,1.548,0.104,0.393
20000,3,1.570,0.104,0.392
20000,3,1.572,0.105,0.392
20000,3,1.548,0.106,0.388
20000,3,1.560,0.106,0.391
20000,3,1.561,0.103,0.392
20000,3,1.544,0.102,0.392
20000,3,1.546,0.115,0.392
20000,3,1.538,0.104,0.391
20000,3,1.531,0.101,0.392
20000,3,1.552,0.113,0.391
20000,3,1.547,0.104,0.392
20000,3,1.556,0.104,0.392
20000,3,1.534,0.103,0.392
20000,3,1.544,0.110,0.392
20000,3,1.542,0.114,0.391
20000,3,1.548,0.102,0.392
20000,3,1.578,0.102,0.392
20000,3,1.543,0.102,0.392
20000,3,1.550,0.105,0.393
20000,3,1.564,0.102,0.392
20000,3,1.522,0.101,0.391
20000,3,1.545,0.102,0.391
20000,3,1.522,0.102,0.388
20000,3,1.540,0.102,0.388
20000,3,1.528,0.102,0.391
20000,3,1.521,0.113,0.392
20000,3,1.581,0.106,0.391
20000,3,1.527,0.103,0.392
20000,3,1.533,0.103,0.393
20000,3,1.561,0.101,0.393
20000,3,1.542,0.102,0.392
20000,3,1.559,0.103,0.392
20000,3,1.624,0.103,0.404
20000,3,1.586,0.102,0.404
20000,3,1.587,0.103,0.404
20000,3,1.548,0.102,0.403
20000,3,1.574,0.103,0.404
20000,3,1.549,0.104,0.403
20000,3,1.539,0.104,0.404
20000,3,1.560,0.113,0.403
20000,3,1.552,0.104,0.404
20000,3,2.004,0.107,0.399
20000,3,1.940,0.103,0.399
20000,3,1.855,0.103,0.403
20000,3,1.894,0.115,0.404
20000,3,2.190,0.104,0.403
20000,3,1.999,0.107,0.404
20000,3,1.983,0.118,0.404
20000,3,2.032,0.106,0.404
20000,3,2.034,0.104,0.404
20000,3,2.014,0.103,0.403
20000,3,1.988,0.101,0.403
20000,3,1.993,0.100,0.403
20000,3,1.940,0.098,0.404
20000,3,1.934,0.096,0.403
20000,3,1.967,0.099,0.404
20000,3,2.267,0.101,0.403
20000,3,2.017,0.099,0.404
20000,3,1.995,0.102,0.403
20000,3,1.980,0.111,0.404
20000,3,1.967,0.100,0.403
20000,3,6.559,0.096,0.403
20000,3,4.101,0.111,0.399
20000,3,1.996,0.100,0.403
20000,3,2.015,0.095,0.404
20000,3,4.022,0.093,0.403
20000,3,1.534,0.104,0.404
20000,3,1.566,0.098,0.404
20000,3,1.533,0.098,0.404
20000,3,1.524,0.108,0.404
20000,3,2.227,0.098,0.404
20000,3,1.613,0.100,0.404
20000,3,1.550,0.096,0.405
20000,3,1.582,0.094,0.399
20000,3,1.516,0.094,0.404
20000,3,1.529,0.094,0.403
20000,3,1.514,0.098,0.403
20000,3,1.531,0.105,0.403
20000,3,1.506,0.096,0.404
20000,3,1.558,0.100,0.398
20000,3,1.496,0.097,0.404
20000,3,1.512,0.092,0.403
20000,3,1.521,0.095,0.400
20000,3,1.469,0.093,0.403
20000,3,1.530,0.092,0.403
20000,3,1.520,0.092,0.404
20000,3,1.533,0.097,0.403
20000,3,1.506,0.094,0.404
20000,3,1.505,0.092,0.403
20000,3,1.484,0.094,0.403
20000,3,1.476,0.090,0.402
20000,3,1.486,0.092,0.403
20000,3,1.512,0.092,0.404
20000,3,1.552,0.090,0.404
20000,3,1.557,0.091,0.404
20000,3,1.477,0.096,0.403
20000,3,1.488,0.088,0.404
20000,3,1.472,0.087,0.404
20000,3,1.520,0.088,0.399
20000,3,1.478,0.089,0.402
20000,3,1.475,0.087,0.399
20000,3,1.598,0.088,0.403
20000,3,1.501,0.100,0.399
20000,3,1.470,0.091,0.405
20000,3,1.467,0.095,0.404
20000,3,1.481,0.089,0.403
20000,3,1.465,0.099,0.402
20000,3,1.460,0.087,0.403
20000,3,1.444,0.086,0.399
20000,3,1.494,0.089,0.403
20000,3,1.449,0.087,0.403
20000,3,1.467,0.086,0.403
20000,3,1.431,0.086,0.404
20000,3,1.532,0.087,0.403
20000,3,1.601,0.090,0.403
20000,3,1.537,0.096,0.403
20000,3,1.571,0.108,0.403
20000,3,1.454,0.087,0.403
20000,3,1.428,0.095,0.402
20000,3,1.439,0.086,0.403
20000,3,1.446,0.088,0.403
20000,3,1.436,0.087,0.404
20000,3,1.396,0.086,0.399
20000,3,1.387,0.086,0.403
20000,3,1.491,0.086,0.403
20000,3,1.440,0.082,0.404
20000,3,1.717,0.075,0.404
20000,3,1.392,0.071,0.404
20000,3,1.381,0.068,0.404
20000,3,1.375,0.070,0.404
20000,3,1.425,0.069,0.403
20000,3,1.404,0.068,0.404
20000,3,1.394,0.071,0.403
20000,3,1.415,0.068,0.403
20000,3,1.415,0.070,0.404
20000,3,1.353,0.068,0.404
20000,3,1.353,0.066,0.403
20000,3,1.364,0.066,0.403
20000,3,1.365,0.059,0.403
20000,3,1.433,0.070,0.403
20000,3,1.362,0.060,0.404
20000,3,3.371,0.060,0.399
20000,3,1.363,0.060,0.399
20000,3,1.363,0.066,0.403
20000,3,1.349,0.060,0.399
20000,5,1.383,0.074,0.403
20000,5,1.404,0.074,0.404
20000,5,1.414,0.089,0.404
20000,5,1.419,0.076,0.404
20000,5,1.378,0.072,0.404
20000,5,1.381,0.075,0.403
20000,5,1.430,0.072,0.404
20000,5,1.391,0.076,0.404
20000,5,1.471,0.078,0.404
20000,5,1.378,0.072,0.404
20000,5,1.406,0.072,0.404
20000,5,1.405,0.084,0.403
20000,5,1.389,0.071,0.403
20000,5,1.376,0.073,0.402
20000,5,1.416,0.070,0.404
20000,5,1.401,0.072,0.403
20000,5,1.430,0.087,0.404
20000,5,1.390,0.070,0.399
20000,5,1.392,0.074,0.403
20000,5,1.423,0.096,0.404
20000,5,1.419,0.075,0.403
20000,5,1.423,0.072,0.403
20000,5,1.403,0.073,0.404
20000,5,1.384,0.074,0.404
20000,5,1.389,0.071,0.404
20000,5,1.379,0.074,0.403
20000,5,1.392,0.073,0.403
20000,5,1.397,0.073,0.404
20000,5,1.400,0.071,0.399
20000,5,1.423,0.072,0.404
20000,5,1.419,0.071,0.404
20000,5,1.436,0.071,0.402
20000,5,1.381,0.073,0.404
20000,5,1.414,0.071,0.403
20000,5,1.378,0.071,0.403
20000,5,1.390,0.070,0.404
20000,5,1.485,0.090,0.403
20000,5,1.397,0.073,0.399
20000,5,1.403,0.075,0.404
20000,5,1.368,0.070,0.404
20000,5,1.391,0.080,0.404
20000,5,1.388,0.075,0.404
20000,5,1.371,0.071,0.404
20000,5,1.371,0.070,0.403
20000,5,1.452,0.071,0.403
20000,5,1.395,0.081,0.404
20000,5,1.399,0.070,0.404
20000,5,1.413,0.076,0.403
20000,5,1.395,0.074,0.403
20000,5,1.406,0.071,0.403
20000,5,1.388,0.073,0.403
20000,5,1.412,0.071,0.404
20000,5,1.381,0.072,0.404
20000,5,1.424,0.089,0.405
20000,5,1.394,0.072,0.403
20000,5,1.376,0.073,0.398
20000,5,1.396,0.074,0.404
20000,5,1.439,0.071,0.398
20000,5,1.412,0.072,0.403
20000,5,1.412,0.069,0.403
20000,5,1.378,0.070,0.403
20000,5,1.381,0.071,0.403
20000,5,1.378,0.077,0.404
20000,5,1.406,0.073,0.403
20000,5,1.405,0.070,0.404
20000,5,1.633,0.070,0.402
20000,5,1.828,0.070,0.403
20000,5,16.233,0.076,0.403
20000,5,2.091,0.086,0.404
20000,5,1.917,0.084,0.404
20000,5,1.886,0.075,0.404
20000,5,1.882,0.071,0.403
20000,5,1.893,0.071,0.403
20000,5,1.847,0.069,0.404
20000,5,1.973,0.090,0.403
20000,5,1.905,0.073,0.403
20000,5,1.869,0.072,0.403
20000,5,1.849,0.070,0.399
20000,5,2.131,0.098,0.404
20000,5,1.859,0.079,0.403
20000,5,1.831,0.073,0.403
20000,5,1.932,0.079,0.404
20000,5,1.841,0.073,0.403
20000,5,1.794,0.069,0.403
20000,5,7.663,0.070,0.403
20000,5,2.295,0.133,0.404
20000,5,1.843,0.068,0.402
20000,5,3.967,2.130,0.404
20000,5,3.780,0.076,0.403
20000,5,1.434,0.065,0.404
20000,5,1.495,0.061,0.404
20000,5,1.391,0.065,0.404
20000,5,1.444,0.061,0.403
20000,5,1.408,0.073,0.403
20000,5,1.382,0.063,0.404
20000,5,1.394,0.061,0.404
20000,5,1.434,0.064,0.404
20000,5,1.395,0.060,0.398
20000,5,1.385,0.059,0.403
20000,5,1.372,0.058,0.403
20000,5,1.404,0.057,0.404
20000,5,1.359,0.056,0.404
20000,5,1.397,0.055,0.403
20000,5,1.401,0.071,0.404
20000,5,1.512,0.059,0.405
20000,5,1.415,0.056,0.399
20000,5,1.411,0.056,0.403
20000,5,1.411,0.054,0.403
20000,5,1.392,0.054,0.404
20000,5,1.388,0.054,0.403
20000,5,1.384,0.062,0.403
20000,5,1.461,0.055,0.402
20000,5,1.382,0.055,0.403
20000,5,1.458,0.055,0.404
20000,5,1.522,0.053,0.403
20000,5,1.410,0.057,0.404
20000,5,1.428,0.056,0.403
20000,5,1.412,0.055,0.398
20000,5,1.447,0.054,0.403
20000,5,1.422,0.062,0.403
20000,5,1.385,0.054,0.403
20000,5,1.392,0.053,0.404
20000,5,1.399,0.059,0.403
20000,5,1.397,0.052,0.404
20000,5,1.380,0.053,0.404
20000,5,1.395,0.054,0.403
20000,5,1.540,0.059,0.403
20000,5,1.398,0.055,0.404
20000,5,1.405,0.055,0.404
20000,5,1.374,0.054,0.403
20000,5,1.381,0.055,0.403
20000,5,1.391,0.060,0.403
20000,5,1.396,0.055,0.403
20000,5,1.384,0.054,0.404
20000,5,1.403,0.055,0.405
20000,5,1.444,0.051,0.403
20000,5,1.413,0.063,0.404
20000,5,1.474,0.054,0.403
20000,5,1.335,0.054,0.403
20000,5,1.316,0.054,0.403
20000,5,1.401,0.052,0.403
20000,5,1.395,0.051,0.404
20000,5,1.345,0.052,0.404
20000,5,1.353,0.051,0.403
20000,5,1.344,0.053,0.404
20000,5,1.349,0.050,0.403
20000,5,1.376,0.051,0.403
20000,5,1.398,0.055,0.404
20000,5,1.348,0.051,0.403
20000,5,1.503,0.051,0.402
20000,5,1.367,0.052,0.403
20000,5,1.319,0.052,0.403
20000,5,1.316,0.050,0.402
20000,5,1.334,0.055,0.403
20000,5,1.347,0.048,0.403
20000,5,1.339,0.050,0.403
20000,5,1.411,0.050,0.403
20000,5,1.335,0.049,0.400
20000,5,1.345,0.050,0.403
20000,5,1.390,0.050,0.403
20000,5,1.305,0.048,0.404
20000,5,1.349,0.048,0.403
20000,5,1.446,0.069,0.403
20000,5,1.345,0.050,0.404
20000,5,1.400,0.049,0.404
20000,5,1.325,0.050,0.404
20000,5,1.341,0.050,0.403
20000,5,1.653,0.048,0.398
20000,5,1.508,0.051,0.403
20000,5,1.711,0.053,0.403
20000,5,1.806,0.050,0.403
20000,5,1.833,0.051,0.404
20000,5,1.881,0.047,0.404
20000,5,1.744,0.050,0.404
20000,5,1.526,0.052,0.403
20000,5,1.506,0.055,0.404
20000,5,1.422,0.057,0.403
20000,5,1.428,0.049,0.398
20000,5,1.422,0.049,0.403
20000,5,1.644,0.070,0.403
20000,5,1.446,0.065,0.398
20000,5,1.412,0.049,0.403
20000,5,1.462,0.051,0.403
20000,5,1.536,0.049,0.403
20000,5,3.486,0.051,0.403
20000,5,1.413,0.051,0.404
20000,5,1.444,0.051,0.403
20000,5,1.402,0.051,0.404
20000,5,1.413,0.050,0.402
20000,5,7.064,0.048,0.403
20000,5,1.431,0.050,0.403
20000,5,3.498,0.056,0.402
20000,5,3.487,0.051,0.403
20000,5,3.490,0.052,0.402
20000,5,3.390,0.055,0.403
20000,5,1.379,0.049,0.403
20000,5,1.301,0.052,0.404
20000,5,1.303,0.051,0.399
20000,5,1.359,0.047,0.403
20000,5,1.324,0.059,0.403
20000,5,1.280,0.052,0.402
20000,5,1.333,0.049,0.404
20000,5,1.312,0.047,0.403
20000,5,1.273,0.049,0.403
20000,5,1.282,0.047,0.404
20000,5,1.275,0.046,0.402
20000,5,1.286,0.048,0.403
20000,5,1.298,0.047,0.402
20000,5,1.326,0.050,0.403
20000,5,1.328,0.051,0.403
20000,5,1.290,0.050,0.404
20000,5,1.277,0.043,0.404
20000,5,1.279,0.046,0.403
20000,5,1.293,0.045,0.403
20000,5,1.279,0.050,0.404
20000,5,1.268,0.044,0.402
20000,5,1.325,0.045,0.399
20000,5,1.448,0.045,0.399
20000,5,1.550,0.046,0.403
20000,5,1.586,0.045,0.402
20000,5,1.686,0.043,0.403
20000,5,1.586,0.045,0.403
20000,5,1.564,0.045,0.403
20000,5,1.608,0.046,0.403
20000,5,2.211,0.043,0.403
20000,5,1.583,0.047,0.404
20000,5,1.772,0.047,0.404
20000,5,1.570,0.043,0.398
20000,5,1.556,0.046,0.403
20000,5,1.560,0.043,0.404
20000,5,1.695,0.042,0.403
20000,5,1.592,0.043,0.403
20000,5,1.570,0.056,0.405
20000,5,1.562,0.044,0.403
20000,5,1.598,0.045,0.404
20000,5,1.576,0.044,0.403
20000,5,1.567,0.039,0.403
20000,5,1.535,0.043,0.398
20000,5,1.519,0.041,0.404
20000,5,1.786,0.052,0.399
20000,5,1.616,0.042,0.403
20000,5,1.582,0.047,0.404
20000,5,1.581,0.043,0.403
20000,5,1.549,0.045,0.403
20000,5,1.557,0.045,0.403
20000,5,1.568,0.045,0.402
20000,5,1.618,0.044,0.403
20000,5,1.551,0.041,0.403
20000,5,1.528,0.043,0.402
20000,5,1.876,0.042,0.398
20000,5,1.547,0.043,0.404
20000,5,1.643,0.041,0.402
20000,5,1.536,0.044,0.402
20000,5,1.816,0.042,0.403
20000,5,1.567,0.044,0.404
20000,5,1.557,0.048,0.404
20000,5,1.580,0.044,0.403
20000,5,1.578,0.043,0.399
20000,5,1.566,0.043,0.404
20000,5,1.551,0.041,0.403
20000,5,1.504,0.042,0.403
20000,5,1.595,0.042,0.403
20000,5,1.530,0.043,0.402
20000,5,1.546,0.042,0.404
20000,5,1.615,0.041,0.404
20000,5,1.617,0.045,0.402
20000,5,1.595,0.043,0.403
20000,5,1.617,0.044,0.403
20000,5,1.809,0.039,0.404
20000,5,1.599,0.051,0.403
20000,5,1.581,0.043,0.403
20000,5,1.879,0.042,0.403
20000,5,1.671,0.046,0.404
20000,5,3.696,0.046,0.403
20000,5,1.647,0.045,0.403
20000,5,3.718,0.044,0.403
20000,5,1.722,0.046,0.404
20000,5,1.638,0.042,0.399
20000,5,1.411,0.038,0.403
20000,5,1.365,0.067,0.403
20000,5,1.462,0.039,0.403
20000,5,1.448,0.055,0.403
20000,5,1.564,0.054,0.403
20000,5,1.434,0.045,0.403
20000,5,3.494,0.043,0.402
20000,5,1.398,0.046,0.402
20000,5,1.357,0.044,0.402
20000,5,1.311,0.041,0.403
20000,5,1.312,0.039,0.403
20000,5,1.357,0.039,0.402
20000,5,1.357,0.045,0.404
20000,5,1.356,0.043,0.403
20000,5,6.735,0.041,0.403
20000,5,1.444,0.051,0.403
20000,5,1.403,0.064,0.404
20000,5,3.426,0.040,0.403
20000,5,5.541,0.048,0.402
20000,5,9.876,0.048,0.398
20000,5,1.237,0.050,0.404
20000,5,1.290,0.059,0.403
20000,8,1.542,0.048,0.417
20000,8,1.445,0.045,0.416
20000,8,1.519,0.047,0.415
20000,8,1.732,0.044,0.416
20000,8,1.592,0.047,0.416
20000,8,1.545,0.048,0.415
20000,8,1.548,0.046,0.417
20000,8,1.528,0.045,0.416
20000,8,1.539,0.045,0.418
20000,8,1.567,0.047,0.417
20000,8,1.627,0.078,0.416
20000,8,1.591,0.049,0.417
20000,8,1.537,0.049,0.416
20000,8,1.816,0.048,0.416
20000,8,1.537,0.048,0.415
20000,8,1.527,0.046,0.416
20000,8,1.617,0.047,0.416
20000,8,1.659,0.060,0.412
20000,8,1.762,0.047,0.416
20000,8,1.611,0.049,0.417
20000,8,1.559,0.048,0.415
20000,8,1.551,0.049,0.416
20000,8,1.540,0.049,0.417
20000,8,1.556,0.051,0.414
20000,8,1.553,0.045,0.414
20000,8,1.593,0.053,0.416
20000,8,1.620,0.049,0.416
20000,8,1.569,0.049,0.415
20000,8,1.564,0.050,0.416
20000,8,1.580,0.050,0.417
20000,8,1.545,0.047,0.415
20000,8,1.550,0.047,0.415
20000,8,1.510,0.044,0.415
20000,8,2.094,0.046,0.415
20000,8,1.814,0.055,0.415
20000,8,1.695,0.053,0.415
20000,8,1.910,0.050,0.415
20000,8,1.753,0.053,0.411
20000,8,1.719,0.054,0.417
20000,8,1.694,0.053,0.415
20000,8,1.800,0.050,0.416
20000,8,1.752,0.050,0.416
20000,8,1.458,0.050,0.416
20000,8,1.353,0.049,0.416
20000,8,1.337,0.049,0.416
20000,8,1.347,0.048,0.415
20000,8,3.411,2.105,0.416
20000,8,1.387,0.051,0.415
20000,8,1.377,0.049,0.416
20000,8,1.382,0.049,0.416
20000,8,1.362,0.051,0.410
20000,8,1.382,0.053,0.410
20000,8,1.346,0.048,0.415
20000,8,1.364,0.051,0.416
20000,8,1.430,0.050,0.416
20000,8,7.210,0.061,0.415
20000,8,1.439,0.050,0.416
20000,8,3.479,0.050,0.410
20000,8,3.453,0.054,0.415
20000,8,3.461,0.054,0.415
20000,8,7.862,0.057,0.415
20000,8,1.281,0.056,0.416
20000,8,1.248,0.052,0.415
20000,8,1.251,0.054,0.415
20000,8,1.355,0.049,0.415
20000,8,1.259,0.054,0.416
20000,8,1.266,0.052,0.415
20000,8,1.253,0.052,0.416
20000,8,1.330,0.050,0.416
20000,8,1.361,0.066,0.415
20000,8,1.317,0.058,0.416
20000,8,1.314,0.050,0.415
20000,8,1.266,0.066,0.417
20000,8,1.338,0.055,0.411
20000,8,1.270,0.051,0.415
20000,8,1.242,0.053,0.415
20000,8,1.278,0.052,0.415
20000,8,1.277,0.051,0.411
20000,8,1.300,0.052,0.415
20000,8,1.316,0.060,0.416
20000,8,1.369,0.048,0.416
20000,8,1.498,0.049,0.415
20000,8,1.320,0.054,0.416
20000,8,1.756,0.051,0.415
20000,8,1.736,0.057,0.415
20000,8,1.724,0.054,0.416
20000,8,1.653,0.058,0.415
20000,8,1.597,0.052,0.416
20000,8,1.537,0.053,0.417
20000,8,1.636,0.050,0.416
20000,8,1.884,0.050,0.417
20000,8,1.740,0.057,0.415
20000,8,1.643,0.054,0.412
20000,8,1.694,0.054,0.411
20000,8,1.778,0.059,0.416
20000,8,1.855,0.067,0.415
20000,8,1.621,0.054,0.416
20000,8,1.619,0.054,0.412
20000,8,1.610,0.055,0.415
20000,8,1.569,0.054,0.410
20000,8,1.663,0.056,0.411
20000,8,1.660,0.062,0.417
20000,8,1.557,0.054,0.416
20000,8,1.562,0.053,0.415
20000,8,1.761,0.050,0.412
20000,8,1.673,0.057,0.411
20000,8,1.629,0.054,0.411
20000,8,1.742,0.055,0.415
20000,8,1.688,0.056,0.417
20000,8,1.747,0.058,0.415
20000,8,1.611,0.052,0.416
20000,8,1.716,0.053,0.415
20000,8,1.765,0.059,0.416
20000,8,1.728,0.055,0.415
20000,8,1.689,0.055,0.415
20000,8,1.667,0.054,0.416
20000,8,1.718,0.058,0.417
20000,8,1.586,0.063,0.410
20000,8,1.657,0.058,0.415
20000,8,1.563,0.055,0.416
20000,8,1.584,0.053,0.416
20000,8,1.679,0.055,0.416
20000,8,1.547,0.050,0.415
20000,8,1.519,0.049,0.414
20000,8,1.577,0.047,0.416
20000,8,1.521,0.049,0.417
20000,8,1.518,0.046,0.414
20000,8,1.519,0.047,0.416
20000,8,3.643,0.045,0.416
20000,8,1.674,0.052,0.416
20000,8,1.696,0.063,0.415
20000,8,1.689,0.067,0.415
20000,8,3.587,0.064,0.416
20000,8,1.625,0.066,0.416
20000,8,1.920,0.056,0.415
20000,8,2.011,0.081,0.416
20000,8,2.019,0.112,0.415
20000,8,1.948,0.091,0.412
20000,8,1.992,0.091,0.414
20000,8,1.991,0.075,0.415
20000,8,1.995,0.083,0.416
20000,8,1.788,0.077,0.415
20000,8,1.777,0.068,0.414
20000,8,1.766,0.062,0.414
20000,8,1.899,0.075,0.416
20000,8,1.430,0.057,0.415
20000,8,1.571,0.069,0.415
20000,8,3.570,0.085,0.414
20000,8,1.447,0.064,0.415
20000,8,1.448,0.074,0.415
20000,8,1.435,0.064,0.416
20000,8,34.711,0.068,0.415
20000,8,1.678,0.096,0.415
20000,8,1.491,0.064,0.414
20000,8,1.719,0.066,0.415
20000,8,1.529,0.057,0.415
20000,8,1.631,0.073,0.414
20000,8,1.608,0.068,0.411
20000,8,1.552,0.068,0.415
20000,8,9.277,0.083,0.416
20000,8,1.624,0.072,0.414
20000,8,3.623,2.132,0.415
20000,8,3.547,2.083,0.415
20000,8,3.363,0.059,0.416
20000,8,1.246,0.053,0.415
20000,8,1.220,0.051,0.415
20000,8,1.426,0.046,0.415
20000,8,1.378,0.055,0.416
20000,8,1.270,0.052,0.414
20000,8,1.283,0.049,0.416
20000,8,1.323,0.047,0.424
20000,8,1.315,0.055,0.428
20000,8,1.257,0.051,0.429
20000,8,1.260,0.046,0.429
20000,8,1.224,0.045,0.429
20000,8,1.235,0.046,0.424
20000,8,1.280,0.044,0.429
20000,8,1.252,0.045,0.424
20000,8,1.223,0.044,0.428
20000,8,1.352,0.069,0.423
20000,8,1.236,0.047,0.428
20000,8,1.264,0.045,0.430
20000,8,1.270,0.048,0.429
20000,8,1.274,0.051,0.428
20000,8,1.399,0.047,0.429
20000,8,1.421,0.050,0.427
20000,8,1.584,0.047,0.428
20000,8,1.558,0.049,0.429
20000,8,1.588,0.047,0.429
20000,8,1.557,0.046,0.428
20000,8,1.552,0.047,0.429
20000,8,1.575,0.046,0.429
20000,8,1.628,0.061,0.429
20000,8,1.559,0.048,0.428
20000,8,1.574,0.048,0.428
20000,8,1.702,0.046,0.430
20000,8,1.725,0.052,0.428
20000,8,1.588,0.052,0.425
20000,8,1.585,0.045,0.428
20000,8,1.596,0.051,0.427
20000,8,1.550,0.057,0.428
20000,8,1.546,0.047,0.427
20000,8,1.526,0.046,0.429
20000,8,1.548,0.046,0.428
20000,8,1.540,0.047,0.429
20000,8,1.511,0.047,0.430
20000,8,1.609,0.047,0.428
20000,8,1.578,0.048,0.429
20000,8,1.553,0.046,0.428
20000,8,1.555,0.058,0.428
20000,8,1.639,0.050,0.428
20000,8,1.579,0.046,0.428
20000,8,1.539,0.045,0.427
20000,8,1.528,0.047,0.429
20000,8,1.605,0.045,0.429
20000,8,1.579,0.050,0.429
20000,8,1.618,0.047,0.428
20000,8,1.612,0.047,0.423
20000,8,1.583,0.046,0.428
20000,8,1.537,0.048,0.428
20000,8,1.544,0.046,0.429
20000,8,1.574,0.058,0.428
20000,8,1.567,0.049,0.429
20000,8,1.551,0.048,0.427
20000,8,1.529,0.045,0.429
20000,8,1.563,0.046,0.428
20000,8,1.642,0.048,0.428
20000,8,1.807,0.047,0.428
20000,8,1.604,0.053,0.428
20000,8,1.605,0.051,0.430
20000,8,1.584,0.049,0.429
20000,8,1.666,0.050,0.428
20000,8,1.591,0.048,0.430
20000,8,1.542,0.049,0.430
20000,8,1.548,0.047,0.428
20000,8,1.536,0.046,0.428
20000,8,1.645,0.058,0.428
20000,8,1.896,0.052,0.423
20000,8,1.711,0.051,0.429
20000,8,1.949,0.053,0.429
20000,8,1.738,0.048,0.424
20000,8,1.973,0.056,0.428
20000,8,2.011,0.052,0.427
20000,8,1.827,0.066,0.429
20000,8,1.762,0.050,0.425
20000,8,1.773,0.048,0.429
20000,8,1.751,0.048,0.429
20000,8,1.502,0.047,0.430
20000,8,1.440,0.050,0.429
20000,8,1.408,0.047,0.430
20000,8,3.491,0.048,0.428
20000,8,1.456,0.057,0.428
20000,8,1.395,0.049,0.428
20000,8,1.435,0.050,0.428
20000,8,1.414,0.049,0.429
20000,8,1.461,0.047,0.429
20000,8,1.461,0.052,0.429
20000,8,1.441,0.065,0.424
20000,8,1.424,0.050,0.429
20000,8,7.816,0.045,0.429
20000,8,1.497,0.050,0.429
20000,8,5.508,0.048,0.429
20000,8,3.522,0.057,0.429
20000,8,9.963,0.056,0.430
20000,8,1.383,0.055,0.429
20000,8,1.272,0.055,0.429
20000,8,1.320,0.054,0.429
20000,8,1.272,0.050,0.429
20000,8,1.256,0.054,0.429
20000,8,1.384,0.052,0.429
20000,8,1.281,0.051,0.430
20000,8,1.247,0.051,0.428
20000,8,1.293,0.055,0.428
20000,8,1.301,0.052,0.428
20000,8,1.266,0.052,0.429
20000,8,1.239,0.050,0.429
20000,8,1.394,0.050,0.429
20000,8,1.338,0.057,0.423
20000,8,1.273,0.053,0.425
20000,8,1.267,0.054,0.429
20000,8,1.285,0.051,0.429
20000,8,1.294,0.052,0.428
20000,8,1.250,0.052,0.428
20000,8,1.342,0.049,0.429
20000,8,1.320,0.054,0.425
20000,8,1.576,0.050,0.423
20000,8,1.596,0.051,0.430
20000,8,1.627,0.051,0.429
20000,8,1.599,0.049,0.428
20000,8,1.614,0.050,0.428
20000,8,1.639,0.050,0.429
20000,8,1.623,0.059,0.424
20000,8,1.606,0.055,0.430
20000,8,1.564,0.051,0.429
20000,8,1.608,0.053,0.428
20000,8,1.562,0.050,0.429
20000,8,1.658,0.063,0.429
20000,8,1.600,0.056,0.425
20000,8,1.601,0.053,0.429
20000,8,1.596,0.058,0.429
20000,12,1.688,0.060,0.429
20000,12,56.709,0.059,0.429
20000,12,1.629,0.101,0.428
20000,12,1.536,0.080,0.428
20000,12,1.511,0.076,0.428
20000,12,1.418,0.068,0.428
20000,12,1.532,0.068,0.428
20000,12,1.485,0.076,0.427
20000,12,1.428,0.067,0.430
20000,12,1.433,0.068,0.428
20000,12,1.403,0.065,0.429
20000,12,1.366,0.070,0.429
20000,12,1.390,0.063,0.428
20000,12,1.393,0.065,0.428
20000,12,1.395,0.073,0.429
20000,12,1.440,0.073,0.428
20000,12,1.437,0.061,0.428
20000,12,1.441,0.060,0.425
20000,12,1.393,0.064,0.428
20000,12,1.391,0.064,0.429
20000,12,1.367,0.058,0.428
20000,12,1.361,0.069,0.429
20000,12,1.371,0.059,0.429
20000,12,1.406,0.059,0.430
20000,12,1.435,0.074,0.423
20000,12,1.376,0.062,0.428
20000,12,1.403,0.069,0.444
20000,12,1.363,0.059,0.443
20000,12,1.373,0.059,0.444
20000,12,1.371,0.060,0.444
20000,12,1.382,0.058,0.443
20000,12,1.403,0.061,0.443
20000,12,1.422,0.068,0.443
20000,12,1.391,0.058,0.444
20000,12,1.411,0.061,0.443
20000,12,1.365,0.060,0.443
20000,12,1.381,0.059,0.444
20000,12,1.380,0.059,0.439
20000,12,1.387,0.060,0.443
20000,12,1.453,0.069,0.443
20000,12,1.484,0.064,0.443
20000,12,1.360,0.062,0.444
20000,12,1.341,0.058,0.444
20000,12,1.607,0.078,0.443
20000,12,1.391,0.065,0.442
20000,12,1.374,0.061,0.443
20000,12,1.400,0.059,0.444
20000,12,1.492,0.059,0.442
20000,12,1.512,0.069,0.443
20000,12,1.405,0.064,0.443
20000,12,1.479,0.070,0.444
20000,12,1.389,0.062,0.444
20000,12,1.367,0.060,0.443
20000,12,1.397,0.059,0.444
20000,12,1.437,0.061,0.442
20000,12,1.391,0.063,0.445
20000,12,1.399,0.062,0.444
20000,12,1.416,0.063,0.439
20000,12,1.376,0.061,0.443
20000,12,1.390,0.058,0.444
20000,12,1.404,0.059,0.439
20000,12,1.410,0.061,0.443
20000,12,1.426,0.058,0.440
20000,12,1.372,0.060,0.443
20000,12,1.552,0.057,0.444
20000,12,1.709,0.067,0.443
20000,12,1.714,0.069,0.444
20000,12,1.677,0.060,0.442
20000,12,1.677,0.057,0.444
20000,12,1.687,0.057,0.443
20000,12,1.744,0.057,0.443
20000,12,1.689,0.057,0.444
20000,12,1.836,0.063,0.443
20000,12,1.676,0.061,0.443
20000,12,1.630,0.061,0.443
20000,12,1.890,0.058,0.443
20000,12,1.810,0.063,0.445
20000,12,1.754,0.066,0.440
20000,12,1.746,0.061,0.444
20000,12,1.772,0.067,0.443
20000,12,1.809,0.062,0.439
20000,12,1.760,0.060,0.444
20000,12,1.859,0.092,0.444
20000,12,1.862,0.081,0.443
20000,12,3.934,0.081,0.444
20000,12,1.869,0.107,0.444
20000,12,1.885,0.092,0.443
20000,12,1.841,0.090,0.444
20000,12,1.837,0.094,0.444
20000,12,1.820,0.089,0.443
20000,12,1.874,0.096,0.443
20000,12,1.871,0.081,0.443
20000,12,1.639,0.084,0.444
20000,12,1.556,0.093,0.444
20000,12,11.120,2.157,0.443
20000,12,1.718,0.101,0.443
20000,12,1.611,0.081,0.439
20000,12,5.698,2.143,0.440
20000,12,5.675,0.079,0.444
20000,12,5.571,2.130,0.445
20000,12,1.407,0.078,0.444
20000,12,1.538,0.081,0.443
20000,12,1.413,0.075,0.444
20000,12,1.359,0.074,0.443
20000,12,1.354,0.073,0.444
20000,12,1.391,0.070,0.443
20000,12,1.401,0.071,0.444
20000,12,1.356,0.069,0.444
20000,12,1.343,0.067,0.444
20000,12,1.356,0.079,0.443
20000,12,1.367,0.065,0.443
20000,12,1.361,0.065,0.442
20000,12,1.336,0.064,0.443
20000,12,1.337,0.064,0.443
20000,12,1.385,0.065,0.444
20000,12,21.089,19.407,0.443
20000,12,1.431,0.073,0.443
20000,12,1.357,0.060,0.443
20000,12,1.307,0.059,0.444
20000,12,1.313,0.059,0.444
20000,12,1.388,0.059,0.443
20000,12,1.369,0.067,0.444
20000,12,1.318,0.059,0.443
20000,12,1.377,0.058,0.443
20000,12,1.296,0.058,0.444
20000,12,1.292,0.059,0.443
20000,12,1.299,0.060,0.444
20000,12,1.284,0.056,0.444
20000,12,1.352,0.059,0.444
20000,12,1.340,0.058,0.443
20000,12,1.346,0.058,0.443
20000,12,1.328,0.061,0.443
20000,12,1.325,0.059,0.443
20000,12,1.302,0.058,0.444
20000,12,1.311,0.058,0.444
20000,12,1.323,0.060,0.444
20000,12,1.365,0.065,0.444
20000,12,1.450,0.059,0.439
20000,12,1.381,0.059,0.444
20000,12,1.380,0.060,0.444
20000,12,1.379,0.058,0.443
20000,12,1.384,0.062,0.444
20000,12,1.449,0.060,0.443
20000,12,1.346,0.059,0.443
20000,12,1.450,0.067,0.444
20000,12,1.385,0.057,0.444
20000,12,1.384,0.056,0.444
20000,12,1.371,0.058,0.443
20000,12,1.375,0.058,0.443
20000,12,1.402,0.073,0.444
20000,12,1.374,0.058,0.442
20000,12,1.401,0.057,0.443
20000,12,1.401,0.058,0.438
20000,12,1.415,0.073,0.443
20000,12,1.421,0.062,0.444
20000,12,1.378,0.056,0.444
20000,12,1.410,0.059,0.444
20000,12,1.351,0.057,0.439
20000,12,1.377,0.059,0.443
20000,12,1.408,0.058,0.443
20000,12,1.416,0.059,0.444
20000,12,1.377,0.058,0.444
20000,12,1.369,0.059,0.445
20000,12,1.360,0.058,0.444
20000,12,1.547,0.060,0.443
20000,12,1.728,0.058,0.444
20000,12,1.745,0.062,0.443
20000,12,1.659,0.070,0.442
20000,12,1.638,0.059,0.443
20000,12,1.681,0.059,0.439
20000,12,1.662,0.060,0.444
20000,12,1.977,0.057,0.444
20000,12,1.769,0.067,0.445
20000,12,1.860,0.063,0.444
20000,12,1.786,0.069,0.444
20000,12,1.988,0.061,0.444
20000,12,1.824,0.065,0.444
20000,12,1.748,0.064,0.438
20000,12,1.732,0.060,0.444
20000,12,1.744,0.060,0.443
20000,12,1.756,0.062,0.443
20000,12,1.789,0.059,0.444
20000,12,2.103,0.101,0.445
20000,12,2.009,0.089,0.444
20000,12,1.896,0.099,0.443
20000,12,1.910,0.092,0.444
20000,12,1.941,0.102,0.444
20000,12,1.927,0.088,0.443
20000,12,1.911,0.079,0.444
20000,12,1.933,0.082,0.442
20000,12,11.110,8.736,0.444
20000,12,1.943,0.106,0.443
20000,12,3.872,0.065,0.444
20000,12,4.134,0.071,0.443
20000,12,4.104,0.077,0.444
20000,12,1.430,0.075,0.440
20000,12,1.553,0.082,0.445
20000,12,1.426,0.077,0.438
20000,12,1.376,0.070,0.443
20000,12,1.342,0.069,0.443
20000,12,1.330,0.082,0.444
20000,12,1.352,0.066,0.439
20000,12,1.454,0.063,0.444
20000,12,1.389,0.073,0.444
20000,12,1.404,0.067,0.444
20000,12,1.416,0.073,0.444
20000,12,1.371,0.071,0.443
20000,12,1.359,0.071,0.443
20000,12,1.342,0.069,0.443
20000,12,1.354,0.071,0.444
20000,12,1.346,0.066,0.444
20000,12,1.434,0.069,0.443
20000,12,1.408,0.081,0.443
20000,12,1.336,0.067,0.442
20000,12,1.362,0.069,0.444
20000,12,1.471,0.098,0.439
20000,12,1.365,0.064,0.443
20000,12,1.352,0.068,0.439
20000,12,1.316,0.065,0.444
20000,12,1.486,0.065,0.443
20000,12,1.365,0.071,0.443
20000,12,1.344,0.068,0.443
20000,12,1.355,0.069,0.444
20000,12,1.349,0.068,0.443
20000,12,1.372,0.067,0.444
20000,12,1.352,0.066,0.443
20000,12,1.375,0.064,0.444
20000,12,1.501,0.072,0.445
20000,12,1.392,0.072,0.438
20000,12,1.368,0.066,0.443
20000,12,1.355,0.065,0.443
20000,12,1.351,0.066,0.444
20000,12,1.452,0.067,0.443
20000,12,1.378,0.068,0.442
20000,12,1.363,0.063,0.444
20000,12,1.369,0.078,0.444
20000,12,1.378,0.069,0.442
20000,12,1.425,0.069,0.438
20000,12,1.363,0.065,0.440
20000,12,1.461,0.093,0.444
20000,12,1.374,0.065,0.443
20000,12,1.373,0.063,0.444
20000,12,1.352,0.067,0.444
20000,12,1.336,0.064,0.444
20000,12,1.354,0.063,0.444
20000,12,38.396,0.067,0.443
20000,12,1.492,0.086,0.445
20000,12,1.329,0.060,0.444
20000,12,1.416,0.059,0.444
20000,12,1.467,0.063,0.443
20000,12,1.387,0.060,0.443
20000,12,1.375,0.058,0.443
20000,12,1.368,0.059,0.444
20000,12,1.372,0.056,0.444
20000,12,1.372,0.059,0.444
20000,12,1.324,0.057,0.444
20000,12,1.371,0.059,0.443
20000,12,1.329,0.059,0.439
20000,12,1.284,0.055,0.443
20000,12,1.303,0.057,0.443
20000,12,1.445,0.057,0.444
20000,12,1.475,0.066,0.443
20000,12,1.478,0.064,0.444
20000,12,1.333,0.062,0.445
20000,12,1.798,0.060,0.444
20000,12,1.662,0.091,0.444
20000,12,1.676,0.085,0.444
20000,12,1.663,0.086,0.443
20000,12,1.626,0.084,0.444
20000,12,1.677,0.081,0.444
20000,12,1.564,0.081,0.443
20000,12,1.541,0.066,0.445
20000,12,1.452,0.057,0.443
20000,12,3.571,0.059,0.444
20000,12,1.537,0.065,0.445
20000,12,1.461,0.058,0.444
20000,12,1.634,0.079,0.444
20000,12,1.482,0.061,0.438
20000,12,1.480,0.060,0.444
20000,12,1.502,0.062,0.442
20000,12,1.478,0.063,0.444
20000,12,1.509,0.073,0.443
20000,12,1.449,0.061,0.443
20000,12,3.537,2.118,0.443
20000,12,1.439,0.060,0.443
20000,12,1.469,0.061,0.443
20000,12,1.525,0.063,0.443
20000,12,7.810,0.070,0.443
20000,12,1.896,0.063,0.444
20000,12,4.010,2.125,0.445
20000,12,5.966,2.132,0.443
20000,12,3.791,0.074,0.443
20000,12,1.372,0.074,0.446
20000,12,1.347,0.068,0.443
20000,12,1.381,0.070,0.443
20000,12,1.361,0.069,0.443
20000,12,1.510,0.073,0.444
20000,12,1.375,0.073,0.439
20000,12,1.355,0.070,0.444
20000,12,1.349,0.070,0.444
20000,18,1.387,0.077,0.445
20000,18,1.408,0.080,0.444
20000,18,1.401,0.080,0.443
20000,18,1.490,0.081,0.440
20000,18,1.433,0.083,0.444
20000,18,1.456,0.078,0.444
20000,18,1.466,0.083,0.444
20000,18,1.415,0.078,0.444
20000,18,1.411,0.087,0.443
20000,18,1.446,0.081,0.445
20000,18,1.413,0.079,0.444
20000,18,1.432,0.084,0.444
20000,18,1.425,0.082,0.443
20000,18,1.410,0.078,0.442
20000,18,1.476,0.081,0.445
20000,18,23.451,21.785,0.443
20000,18,1.615,0.080,0.444
20000,18,1.473,0.086,0.439
20000,18,1.422,0.082,0.443
20000,18,1.434,0.082,0.443
20000,18,1.416,0.078,0.445
20000,18,1.538,0.095,0.444
20000,18,1.728,0.082,0.444
20000,18,1.645,0.085,0.445
20000,18,1.636,0.087,0.443
20000,18,1.582,0.083,0.443
20000,18,1.572,0.079,0.445
20000,18,1.547,0.076,0.444
20000,18,1.521,0.075,0.443
20000,18,3.660,0.076,0.444
20000,18,1.540,0.080,0.445
20000,18,1.602,0.094,0.443
20000,18,1.566,0.080,0.443
20000,18,1.656,0.079,0.443
20000,18,1.600,0.079,0.443
20000,18,3.653,0.081,0.445
20000,18,1.768,0.082,0.443
20000,18,1.575,0.082,0.439
20000,18,1.623,0.085,0.438
20000,18,1.615,0.086,0.443
20000,18,1.579,0.083,0.444
20000,18,1.619,0.084,0.443
20000,18,10.744,2.156,0.443
20000,18,2.442,0.084,0.445
20000,18,4.200,0.087,0.444
20000,18,6.248,2.159,0.444
20000,18,5.718,2.174,0.440
20000,18,1.483,0.098,0.444
20000,18,1.450,0.095,0.438
20000,18,1.435,0.086,0.444
20000,18,1.688,0.096,0.443
20000,18,1.623,0.095,0.445
20000,18,1.450,0.103,0.445
20000,18,1.426,0.092,0.443
20000,18,1.425,0.087,0.444
20000,18,1.429,0.094,0.443
20000,18,1.447,0.086,0.443
20000,18,1.452,0.087,0.439
20000,18,1.457,0.093,0.443
20000,18,1.480,0.088,0.444
20000,18,1.478,0.098,0.444
20000,18,1.532,0.098,0.445
20000,18,1.486,0.095,0.443
20000,18,1.462,0.095,0.443
20000,18,1.435,0.083,0.444
20000,18,1.409,0.079,0.445
20000,18,1.562,0.081,0.443
20000,18,1.455,0.095,0.443
20000,18,1.436,0.083,0.444
20000,18,1.435,0.082,0.443
20000,18,1.460,0.083,0.444
20000,18,1.419,0.081,0.443
20000,18,1.419,0.084,0.444
20000,18,1.491,0.086,0.444
20000,18,1.528,0.088,0.444
20000,18,1.431,0.082,0.444
20000,18,1.452,0.084,0.444
20000,18,1.419,0.083,0.438
20000,18,1.400,0.080,0.443
20000,18,1.417,0.079,0.445
20000,18,1.439,0.083,0.444
20000,18,1.454,0.082,0.443
20000,18,1.419,0.083,0.438
20000,18,1.446,0.089,0.445
20000,18,1.815,0.081,0.439
20000,18,1.527,0.078,0.444
20000,18,1.451,0.086,0.443
20000,18,1.408,0.077,0.444
20000,18,1.425,0.077,0.443
20000,18,1.589,0.110,0.443
20000,18,1.566,0.131,0.444
20000,18,1.571,0.118,0.444
20000,18,1.560,0.115,0.444
20000,18,1.536,0.114,0.444
20000,18,1.622,0.112,0.446
20000,18,1.559,0.129,0.443
20000,18,1.629,0.117,0.443
20000,18,1.605,0.127,0.440
20000,18,1.565,0.115,0.444
20000,18,1.600,0.116,0.444
20000,18,1.566,0.116,0.444
20000,18,1.569,0.119,0.444
20000,18,1.609,0.136,0.443
20000,18,1.548,0.114,0.443
20000,18,1.536,0.106,0.444
20000,18,1.578,0.122,0.444
20000,18,1.573,0.117,0.445
20000,18,1.725,0.123,0.443
20000,18,26.176,0.129,0.445
20000,18,1.535,0.090,0.444
20000,18,1.452,0.081,0.444
20000,18,1.466,0.082,0.444
20000,18,1.415,0.078,0.444
20000,18,1.527,0.076,0.444
20000,18,1.432,0.082,0.444
20000,18,1.412,0.078,0.443
20000,18,1.433,0.089,0.443
20000,18,1.748,0.076,0.439
20000,18,1.654,0.087,0.444
20000,18,1.632,0.086,0.444
20000,18,1.868,0.082,0.444
20000,18,1.851,0.077,0.444
20000,18,1.884,0.080,0.445
20000,18,1.923,0.077,0.444
20000,18,4.066,0.087,0.444
20000,18,1.932,0.083,0.443
20000,18,1.988,0.080,0.445
20000,18,1.858,0.077,0.443
20000,18,1.865,0.077,0.440
20000,18,2.006,0.082,0.445
20000,18,3.897,0.081,0.443
20000,18,1.862,0.082,0.444
20000,18,1.863,0.084,0.444
20000,18,1.858,0.084,0.444
20000,18,1.875,0.084,0.443
20000,18,9.186,0.079,0.443
20000,18,2.209,0.084,0.443
20000,18,6.244,2.163,0.440
20000,18,6.123,2.161,0.444
20000,18,3.569,0.104,0.443
20000,18,1.458,0.094,0.444
20000,18,1.730,0.091,0.444
20000,18,1.539,0.098,0.443
20000,18,1.446,0.086,0.444
20000,18,1.434,0.087,0.439
20000,18,1.465,0.091,0.443
20000,18,1.528,0.090,0.443
20000,18,1.445,0.088,0.443
20000,18,1.463,0.081,0.444
20000,18,1.502,0.098,0.444
20000,18,1.484,0.090,0.444
20000,18,1.482,0.094,0.445
20000,18,1.460,0.091,0.444
20000,18,1.485,0.093,0.444
20000,18,1.449,0.089,0.439
20000,18,1.445,0.089,0.443
20000,18,1.486,0.082,0.443
20000,18,1.510,0.088,0.440
20000,18,1.430,0.083,0.444
20000,18,1.420,0.090,0.444
20000,18,1.412,0.082,0.444
20000,18,1.407,0.082,0.444
20000,18,1.417,0.080,0.444
20000,18,1.532,0.081,0.444
20000,18,1.499,0.080,0.444
20000,18,1.493,0.078,0.445
20000,18,1.461,0.079,0.443
20000,18,1.464,0.081,0.443
20000,18,1.524,0.080,0.440
20000,18,1.486,0.076,0.439
20000,18,1.419,0.079,0.444
20000,18,1.450,0.078,0.438
20000,18,1.401,0.086,0.445
20000,18,1.440,0.078,0.443
20000,18,1.491,0.087,0.443
20000,18,1.407,0.081,0.444
20000,18,1.471,0.080,0.444
20000,18,1.490,0.085,0.440
20000,18,1.520,0.077,0.440
20000,18,1.593,0.119,0.444
20000,18,1.578,0.128,0.443
20000,18,1.535,0.121,0.444
20000,18,1.536,0.124,0.445
20000,18,1.543,0.112,0.444
20000,18,1.528,0.116,0.444
20000,18,1.529,0.116,0.444
20000,18,1.587,0.119,0.443
20000,18,1.562,0.119,0.443
20000,18,1.792,0.157,0.440
20000,18,1.853,0.129,0.443
20000,18,1.891,0.139,0.444
20000,18,1.947,0.141,0.439
20000,18,1.865,0.130,0.444
20000,18,1.884,0.120,0.444
20000,18,1.882,0.116,0.444
20000,18,1.840,0.113,0.444
20000,18,1.878,0.132,0.443
20000,18,2.007,0.117,0.441
20000,18,2.088,0.115,0.460
20000,18,1.871,0.108,0.459
20000,18,1.867,0.116,0.461
20000,18,1.877,0.117,0.459
20000,18,1.952,0.137,0.460
20000,18,44.119,41.943,0.459
20000,18,1.898,0.093,0.458
20000,18,1.857,0.110,0.459
20000,18,1.966,0.082,0.459
20000,18,2.037,0.080,0.460
20000,18,1.914,0.086,0.460
20000,18,1.940,0.084,0.458
20000,18,2.014,0.083,0.459
20000,18,2.173,0.082,0.458
20000,18,1.992,0.087,0.459
20000,18,1.931,0.080,0.454
20000,18,3.994,0.077,0.460
20000,18,1.924,0.077,0.460
20000,18,1.984,0.075,0.459
20000,18,1.935,0.077,0.455
20000,18,1.880,0.079,0.459
20000,18,2.011,0.079,0.459
20000,18,4.028,0.088,0.460
20000,18,1.916,0.087,0.459
20000,18,1.868,0.084,0.459
20000,18,1.851,0.082,0.458
20000,18,1.635,0.082,0.458
20000,18,8.623,0.107,0.460
20000,18,5.768,2.152,0.459
20000,18,5.716,0.087,0.459
20000,18,4.070,0.100,0.458
20000,18,1.456,0.087,0.458
20000,18,1.561,0.094,0.459
20000,18,1.518,0.088,0.460
20000,18,1.517,0.089,0.459
20000,18,1.451,0.086,0.459
20000,18,1.434,0.089,0.460
20000,18,1.436,0.087,0.459
20000,18,1.463,0.081,0.458
20000,18,1.460,0.091,0.454
20000,18,1.458,0.084,0.460
20000,18,1.532,0.095,0.457
20000,18,1.504,0.086,0.459
20000,18,1.458,0.088,0.457
20000,18,1.426,0.079,0.459
20000,18,1.429,0.076,0.453
20000,18,1.421,0.077,0.459
20000,18,1.423,0.075,0.457
20000,18,1.454,0.079,0.459
20000,18,1.426,0.080,0.459
20000,18,1.441,0.082,0.459
20000,18,1.464,0.089,0.459
20000,18,1.409,0.084,0.459
20000,18,1.434,0.080,0.460
20000,18,1.410,0.077,0.456
20000,18,1.436,0.079,0.459
20000,18,1.478,0.077,0.459
20000,18,1.431,0.078,0.459
20000,18,1.438,0.076,0.459
20000,18,1.440,0.082,0.454
20000,18,1.407,0.076,0.459
20000,18,1.409,0.088,0.459
20000,18,1.465,0.075,0.456
20000,18,1.442,0.076,0.460
20000,18,1.430,0.077,0.459
20000,18,1.523,0.076,0.458
20000,18,1.472,0.085,0.460
20000,18,1.559,0.077,0.459
20000,18,1.456,0.083,0.460
20000,18,1.432,0.079,0.460
20000,18,1.425,0.076,0.460
20000,18,1.464,0.075,0.458
20000,18,1.425,0.080,0.459
20000,18,1.513,0.076,0.460
20000,18,1.420,0.083,0.459
20000,18,1.440,0.081,0.459
20000,18,1.411,0.087,0.459
20000,18,1.410,0.077,0.460
20000,18,1.480,0.082,0.458
20000,18,1.438,0.079,0.455
20000,18,1.424,0.076,0.459
20000,18,1.442,0.080,0.460
20000,18,1.421,0.078,0.459
20000,18,1.431,0.077,0.459
20000,18,1.477,0.084,0.474
20000,18,1.545,0.084,0.473
20000,18,1.469,0.079,0.474
20000,18,1.447,0.091,0.473
20000,18,1.453,0.078,0.474
20000,18,1.478,0.080,0.474
20000,18,1.432,0.078,0.474
20000,18,1.463,0.078,0.475
20000,18,1.434,0.076,0.475
20000,18,1.546,0.078,0.475
20000,18,1.454,0.081,0.474
20000,18,1.442,0.079,0.474
20000,18,1.495,0.081,0.474
20000,18,1.449,0.082,0.474
20000,18,1.639,0.080,0.476
20000,18,24.673,0.078,0.468
20000,18,2.020,0.091,0.473
20000,18,1.992,0.085,0.476
20000,27,1.578,0.107,0.474
20000,27,1.569,0.111,0.474
20000,27,1.582,0.120,0.473
20000,27,1.598,0.107,0.474
20000,27,1.644,0.109,0.474
20000,27,1.619,0.118,0.473
20000,27,1.594,0.106,0.474
20000,27,1.575,0.110,0.475
20000,27,1.634,0.107,0.473
20000,27,1.612,0.112,0.475
20000,27,1.592,0.107,0.475
20000,27,1.685,0.106,0.475
20000,27,1.577,0.109,0.474
20000,27,1.655,0.109,0.474
20000,27,1.585,0.106,0.473
20000,27,1.592,0.115,0.474
20000,27,1.595,0.112,0.474
20000,27,1.611,0.112,0.470
20000,27,1.590,0.105,0.474
20000,27,1.688,0.115,0.474
20000,27,1.571,0.113,0.470
20000,27,1.576,0.112,0.473
20000,27,1.584,0.110,0.473
20000,27,38.872,0.109,0.474
20000,27,1.922,0.165,0.474
20000,27,1.649,0.129,0.475
20000,27,1.910,0.121,0.470
20000,27,1.649,0.125,0.474
20000,27,1.713,0.116,0.470
20000,27,1.896,0.112,0.474
20000,27,1.937,0.119,0.470
20000,27,1.938,0.121,0.471
20000,27,2.236,0.118,0.469
20000,27,1.921,0.119,0.473
20000,27,1.934,0.116,0.473
20000,27,2.072,0.115,0.473
20000,27,1.912,0.116,0.473
20000,27,1.906,0.114,0.468
20000,27,1.863,0.116,0.474
20000,27,1.867,0.111,0.474
20000,27,1.843,0.113,0.474
20000,27,1.937,0.120,0.474
20000,27,1.913,0.130,0.475
20000,27,1.908,0.113,0.475
20000,27,1.920,0.114,0.474
20000,27,1.875,0.111,0.474
20000,27,2.360,0.111,0.474
20000,27,2.044,0.128,0.474
20000,27,2.020,0.121,0.473
20000,27,2.125,0.111,0.474
20000,27,2.087,0.106,0.474
20000,27,4.218,0.107,0.474
20000,27,2.174,0.107,0.474
20000,27,2.132,0.118,0.474
20000,27,2.069,0.108,0.474
20000,27,4.155,0.107,0.474
20000,27,2.240,0.112,0.473
20000,27,2.136,0.111,0.470
20000,27,2.165,0.116,0.474
20000,27,2.108,0.114,0.474
20000,27,4.209,0.130,0.474
20000,27,10.541,0.126,0.474
20000,27,2.877,0.115,0.473
20000,27,8.149,2.183,0.474
20000,27,6.178,0.128,0.474
20000,27,3.783,2.199,0.474
20000,27,1.730,0.128,0.475
20000,27,1.731,0.122,0.474
20000,27,1.708,0.133,0.472
20000,27,1.687,0.121,0.474
20000,27,1.735,0.138,0.474
20000,27,1.775,0.125,0.474
20000,27,1.760,0.146,0.473
20000,27,1.699,0.118,0.474
20000,27,1.699,0.123,0.473
20000,27,1.736,0.118,0.474
20000,27,1.703,0.126,0.474
20000,27,1.724,0.123,0.470
20000,27,1.717,0.118,0.474
20000,27,1.834,0.142,0.473
20000,27,1.710,0.130,0.473
20000,27,1.762,0.161,0.474
20000,27,1.680,0.116,0.474
20000,27,1.718,0.135,0.473
20000,27,1.672,0.114,0.474
20000,27,1.714,0.133,0.474
20000,27,1.705,0.115,0.474
20000,27,1.717,0.126,0.475
20000,27,24.394,22.652,0.493
20000,27,1.729,0.143,0.492
20000,27,1.604,0.111,0.491
20000,27,1.642,0.104,0.491
20000,27,1.612,0.115,0.492
20000,27,1.599,0.106,0.493
20000,27,1.667,0.106,0.493
20000,27,1.619,0.109,0.492
20000,27,1.628,0.108,0.491
20000,27,1.716,0.109,0.487
20000,27,1.606,0.111,0.491
20000,27,1.632,0.110,0.492
20000,27,1.592,0.108,0.492
20000,27,1.653,0.106,0.491
20000,27,1.619,0.106,0.491
20000,27,1.603,0.116,0.491
20000,27,1.675,0.111,0.487
20000,27,1.590,0.110,0.491
20000,27,1.599,0.104,0.491
20000,27,1.672,0.109,0.492
20000,27,1.628,0.112,0.492
20000,27,1.630,0.109,0.491
20000,27,1.603,0.107,0.492
20000,27,1.588,0.108,0.490
20000,27,1.590,0.106,0.491
20000,27,1.743,0.107,0.492
20000,27,1.665,0.151,0.492
20000,27,1.656,0.111,0.491
20000,27,1.634,0.107,0.492
20000,27,1.852,0.116,0.487
20000,27,1.640,0.142,0.492
20000,27,1.613,0.121,0.492
20000,27,1.589,0.102,0.491
20000,27,1.667,0.106,0.492
20000,27,1.567,0.104,0.491
20000,27,1.586,0.119,0.492
20000,27,1.659,0.102,0.491
20000,27,1.581,0.103,0.491
20000,27,1.573,0.102,0.488
20000,27,1.566,0.105,0.492
20000,27,1.747,0.128,0.488
20000,27,1.648,0.107,0.491
20000,27,1.637,0.106,0.492
20000,27,1.688,0.113,0.491
20000,27,3.848,0.106,0.493
20000,27,1.877,0.109,0.492
20000,27,2.115,0.109,0.492
20000,27,1.988,0.106,0.492
20000,27,4.434,0.107,0.492
20000,27,2.143,0.129,0.487
20000,27,2.090,0.111,0.491
20000,27,2.161,0.108,0.491
20000,27,2.360,0.155,0.492
20000,27,4.546,0.164,0.491
20000,27,2.296,0.168,0.491
20000,27,2.437,0.159,0.492
20000,27,2.467,0.166,0.491
20000,27,4.372,0.164,0.492
20000,27,2.301,0.175,0.492
20000,27,2.317,0.177,0.492
20000,27,2.294,0.163,0.491
20000,27,2.243,0.173,0.491
20000,27,12.959,0.170,0.492
20000,27,2.301,0.170,0.492
20000,27,6.608,2.276,0.492
20000,27,44.123,2.196,0.492
20000,27,1.917,0.136,0.492
20000,27,2.226,0.126,0.492
20000,27,1.659,0.114,0.490
20000,27,1.617,0.113,0.487
20000,27,1.603,0.107,0.491
20000,27,1.633,0.105,0.510
20000,27,1.635,0.107,0.511
20000,27,1.755,0.115,0.510
20000,27,1.676,0.107,0.510
20000,27,1.667,0.107,0.506
20000,27,1.626,0.107,0.509
20000,27,1.633,0.107,0.510
20000,27,1.628,0.106,0.511
20000,27,1.640,0.103,0.509
20000,27,1.606,0.107,0.511
20000,27,1.668,0.106,0.505
20000,27,1.623,0.107,0.511
20000,27,1.624,0.106,0.509
20000,27,1.624,0.103,0.509
20000,27,1.646,0.108,0.511
20000,27,1.631,0.113,0.511
20000,27,1.707,0.123,0.509
20000,27,1.664,0.106,0.510
20000,27,1.669,0.115,0.505
20000,27,1.609,0.106,0.511
20000,27,1.605,0.106,0.510
20000,27,1.613,0.106,0.509
20000,27,1.617,0.107,0.510
20000,27,1.692,0.102,0.510
20000,27,1.609,0.107,0.511
20000,27,1.645,0.109,0.510
20000,27,1.615,0.108,0.510
20000,27,1.635,0.103,0.510
20000,27,1.618,0.106,0.510
20000,27,1.639,0.119,0.509
20000,27,1.611,0.107,0.510
20000,27,1.649,0.107,0.511
20000,27,1.704,0.105,0.505
20000,27,1.660,0.112,0.511
20000,27,1.676,0.107,0.511
20000,27,1.756,0.116,0.510
20000,27,1.657,0.103,0.510
20000,27,1.648,0.105,0.510
20000,27,1.669,0.105,0.505
20000,27,1.618,0.104,0.510
20000,27,1.674,0.107,0.510
20000,27,1.623,0.105,0.511
20000,27,1.630,0.116,0.510
20000,27,1.592,0.106,0.511
20000,27,1.668,0.109,0.506
20000,27,1.682,0.105,0.511
20000,27,1.612,0.104,0.510
20000,27,1.645,0.106,0.511
20000,27,1.626,0.108,0.510
20000,27,1.659,0.105,0.510
20000,27,1.618,0.105,0.510
20000,27,1.688,0.107,0.511
20000,27,1.965,0.107,0.509
20000,27,1.920,0.106,0.512
20000,27,2.163,0.110,0.509
20000,27,2.022,0.105,0.511
20000,27,1.953,0.106,0.510
20000,27,1.961,0.106,0.510
20000,27,2.053,0.105,0.507
20000,27,1.985,0.106,0.512
20000,27,28.380,0.108,0.511
20000,27,2.288,0.134,0.511
20000,27,2.108,0.126,0.506
20000,27,2.057,0.113,0.510
20000,27,1.975,0.113,0.506
20000,27,1.942,0.111,0.510
20000,27,1.924,0.109,0.510
20000,27,2.345,0.119,0.510
20000,27,2.398,0.117,0.512
20000,27,2.172,0.114,0.510
20000,27,2.148,0.108,0.511
20000,27,2.273,0.106,0.510
20000,27,4.297,0.110,0.511
20000,27,2.149,0.108,0.511
20000,27,2.145,0.103,0.510
20000,27,2.133,0.115,0.511
20000,27,4.274,0.103,0.510
20000,27,2.432,0.112,0.511
20000,27,2.167,0.113,0.504
20000,27,2.091,0.118,0.510
20000,27,2.072,0.113,0.510
20000,27,4.276,0.119,0.507
20000,27,10.313,0.113,0.510
20000,27,6.442,0.109,0.510
20000,27,6.482,2.192,0.511
20000,27,5.922,2.186,0.510
20000,27,1.710,0.132,0.510
20000,27,1.800,0.165,0.511
20000,27,1.692,0.134,0.511
20000,27,1.671,0.126,0.510
20000,27,2.187,0.127,0.510
20000,27,1.664,0.131,0.510
20000,27,1.699,0.130,0.510
20000,27,1.682,0.122,0.510
20000,27,1.748,0.126,0.510
20000,27,1.695,0.123,0.509
20000,27,1.686,0.126,0.510
20000,27,1.718,0.136,0.510
20000,27,1.625,0.108,0.507
20000,27,1.626,0.111,0.510
20000,27,1.798,0.117,0.506
20000,27,1.749,0.117,0.510
20000,27,1.695,0.129,0.510
20000,27,1.631,0.111,0.510
20000,27,1.660,0.108,0.511
20000,27,1.635,0.110,0.511
20000,27,1.622,0.107,0.510
20000,27,1.720,0.106,0.506
20000,27,1.630,0.111,0.510
20000,27,1.613,0.111,0.510
20000,27,1.674,0.111,0.511
20000,27,1.629,0.107,0.510
20000,27,1.616,0.103,0.510
20000,27,1.617,0.102,0.511
20000,27,1.609,0.102,0.511
20000,27,1.637,0.115,0.511
20000,27,1.634,0.106,0.510
20000,27,1.650,0.103,0.510
20000,27,1.630,0.105,0.506
20000,27,1.617,0.105,0.511
20000,27,1.661,0.104,0.511
20000,27,1.598,0.102,0.512
20000,27,1.638,0.100,0.512
20000,27,1.605,0.100,0.511
20000,27,1.598,0.103,0.512
20000,27,39.430,0.105,0.512
20000,27,1.806,0.127,0.506
20000,27,1.803,0.106,0.510
20000,27,1.706,0.108,0.510
20000,27,1.672,0.106,0.510
20000,27,1.707,0.105,0.510
20000,27,1.648,0.102,0.510
20000,27,1.658,0.104,0.510
20000,27,1.679,0.103,0.511
20000,27,1.688,0.103,0.510
20000,27,1.654,0.104,0.510
20000,27,1.661,0.103,0.509
20000,27,1.776,0.106,0.512
20000,27,1.641,0.106,0.506
20000,27,1.676,0.105,0.511
20000,27,1.678,0.107,0.511
20000,40,1.953,0.148,0.530
20000,40,1.941,0.150,0.531
20000,40,1.904,0.161,0.530
20000,40,1.881,0.160,0.532
20000,40,2.008,0.148,0.531
20000,40,1.968,0.197,0.527
20000,40,1.916,0.150,0.530
20000,40,1.891,0.149,0.531
20000,40,1.991,0.142,0.531
20000,40,1.990,0.150,0.531
20000,40,1.907,0.146,0.530
20000,40,1.858,0.146,0.532
20000,40,1.895,0.149,0.530
20000,40,1.894,0.155,0.530
20000,40,1.873,0.145,0.530
20000,40,1.888,0.155,0.530
20000,40,1.949,0.161,0.531
20000,40,1.923,0.157,0.528
20000,40,1.873,0.142,0.530
20000,40,1.880,0.145,0.531
20000,40,1.869,0.144,0.526
20000,40,1.886,0.149,0.531
20000,40,1.993,0.145,0.531
20000,40,1.935,0.163,0.531
20000,40,1.896,0.144,0.531
20000,40,1.935,0.149,0.530
20000,40,1.887,0.149,0.531
20000,40,1.883,0.150,0.530
20000,40,1.955,0.157,0.531
20000,40,1.882,0.162,0.530
20000,40,1.981,0.144,0.531
20000,40,1.911,0.148,0.530
20000,40,1.884,0.151,0.531
20000,40,1.946,0.149,0.531
20000,40,2.297,0.151,0.530
20000,40,2.187,0.149,0.531
20000,40,2.399,0.153,0.531
20000,40,2.283,0.154,0.526
20000,40,2.143,0.149,0.530
20000,40,2.392,0.189,0.531
20000,40,41.994,0.237,0.551
20000,40,2.390,0.211,0.552
20000,40,2.245,0.159,0.553
20000,40,2.196,0.158,0.553
20000,40,2.189,0.145,0.553
20000,40,2.165,0.148,0.553
20000,40,2.261,0.149,0.554
20000,40,2.196,0.146,0.555
20000,40,2.423,0.161,0.553
20000,40,2.333,0.146,0.554
20000,40,2.188,0.144,0.554
20000,40,2.620,0.235,0.553
20000,40,2.178,0.151,0.553
20000,40,2.254,0.150,0.553
20000,40,2.244,0.145,0.553
20000,40,2.175,0.150,0.553
20000,40,2.479,0.144,0.554
20000,40,2.434,0.166,0.548
20000,40,2.346,0.155,0.553
20000,40,2.339,0.145,0.553
20000,40,4.385,2.205,0.553
20000,40,2.422,0.160,0.553
20000,40,2.537,0.148,0.553
20000,40,4.396,2.202,0.552
20000,40,2.333,0.148,0.547
20000,40,2.303,0.148,0.553
20000,40,4.467,0.153,0.552
20000,40,2.336,0.169,0.553
20000,40,2.288,0.154,0.553
20000,40,13.769,0.141,0.553
20000,40,2.522,0.150,0.552
20000,40,10.946,2.250,0.553
20000,40,8.296,2.249,0.552
20000,40,2.048,0.177,0.552
20000,40,1.985,0.177,0.554
20000,40,1.941,0.167,0.554
20000,40,2.064,0.190,0.553
20000,40,1.991,0.172,0.549
20000,40,1.941,0.173,0.553
20000,40,2.008,0.167,0.553
20000,40,1.994,0.189,0.552
20000,40,1.988,0.166,0.553
20000,40,1.982,0.174,0.552
20000,40,1.939,0.162,0.554
20000,40,1.988,0.179,0.553
20000,40,27.749,0.173,0.551
20000,40,2.126,0.172,0.551
20000,40,2.388,0.190,0.552
20000,40,1.898,0.152,0.553
20000,40,1.894,0.153,0.552
20000,40,1.874,0.149,0.553
20000,40,1.877,0.147,0.549
20000,40,1.853,0.160,0.554
20000,40,1.874,0.151,0.550
20000,40,1.865,0.140,0.554
20000,40,1.838,0.140,0.553
20000,40,1.901,0.142,0.553
20000,40,1.858,0.147,0.548
20000,40,1.842,0.141,0.552
20000,40,1.855,0.142,0.553
20000,40,1.853,0.153,0.553
20000,40,1.805,0.144,0.554
20000,40,1.855,0.160,0.553
20000,40,1.836,0.142,0.553
20000,40,1.839,0.156,0.551
20000,40,1.873,0.145,0.553
20000,40,1.893,0.145,0.577
20000,40,1.866,0.166,0.576
20000,40,1.863,0.144,0.577
20000,40,1.904,0.144,0.579
20000,40,1.865,0.146,0.577
20000,40,1.861,0.144,0.579
20000,40,1.881,0.161,0.578
20000,40,1.850,0.143,0.577
20000,40,1.887,0.145,0.578
20000,40,1.870,0.158,0.577
20000,40,1.919,0.143,0.577
20000,40,1.895,0.149,0.573
20000,40,2.047,0.145,0.578
20000,40,1.860,0.144,0.577
20000,40,2.117,0.182,0.578
20000,40,2.173,0.219,0.577
20000,40,2.141,0.235,0.577
20000,40,2.140,0.227,0.577
20000,40,2.138,0.230,0.576
20000,40,2.095,0.225,0.577
20000,40,2.140,0.227,0.578
20000,40,2.178,0.221,0.578
20000,40,2.398,0.244,0.577
20000,40,2.156,0.230,0.577
20000,40,2.149,0.227,0.578
20000,40,42.645,0.236,0.577
20000,40,2.199,0.168,0.578
20000,40,1.977,0.155,0.578
20000,40,1.899,0.151,0.576
20000,40,2.163,0.151,0.577
20000,40,2.314,0.149,0.579
20000,40,2.193,0.150,0.574
20000,40,2.201,0.158,0.577
20000,40,2.178,0.148,0.577
20000,40,2.244,0.150,0.577
20000,40,2.551,0.157,0.577
20000,40,2.512,0.158,0.578
20000,40,2.419,0.158,0.579
20000,40,2.380,0.149,0.577
20000,40,2.389,0.139,0.579
20000,40,2.562,0.149,0.577
20000,40,2.326,0.142,0.579
20000,40,4.378,2.206,0.578
20000,40,2.281,0.146,0.577
20000,40,2.397,0.147,0.578
20000,40,4.537,0.167,0.577
20000,40,2.356,0.157,0.578
20000,40,2.325,0.149,0.576
20000,40,12.567,0.150,0.579
20000,40,11.002,2.259,0.578
20000,40,8.500,2.235,0.578
20000,40,2.210,0.191,0.574
20000,40,2.075,0.172,0.578
20000,40,2.058,0.170,0.579
20000,40,2.004,0.172,0.578
20000,40,2.026,0.166,0.579
20000,40,1.990,0.177,0.578
20000,40,1.977,0.170,0.578
20000,40,1.966,0.170,0.577
20000,40,1.967,0.168,0.576
20000,40,2.007,0.169,0.577
20000,40,1.961,0.172,0.577
20000,40,1.960,0.169,0.577
20000,40,1.982,0.186,0.579
20000,40,1.912,0.174,0.577
20000,40,1.897,0.145,0.578
20000,40,1.935,0.168,0.579
20000,40,1.907,0.150,0.579
20000,40,1.939,0.151,0.579
20000,40,1.914,0.147,0.579
20000,40,29.622,0.148,0.578
20000,40,2.275,0.162,0.573
20000,40,1.926,0.161,0.579
20000,40,1.910,0.159,0.578
20000,40,1.899,0.148,0.575
20000,40,1.969,0.148,0.579
20000,40,2.022,0.152,0.577
20000,40,1.895,0.150,0.578
20000,40,1.886,0.149,0.578
20000,40,1.876,0.145,0.579
20000,40,1.901,0.149,0.577
20000,40,1.911,0.152,0.578
20000,40,1.890,0.150,0.576
20000,40,1.916,0.153,0.577
20000,40,1.871,0.147,0.578
20000,40,1.885,0.155,0.578
20000,40,1.889,0.150,0.577
20000,40,1.941,0.147,0.576
20000,40,1.877,0.146,0.576
20000,40,2.002,0.216,0.577
20000,40,1.941,0.147,0.578
20000,40,1.920,0.142,0.572
20000,40,1.877,0.146,0.579
20000,40,1.874,0.146,0.577
20000,40,1.903,0.148,0.578
20000,40,1.937,0.146,0.578
20000,40,1.913,0.149,0.577
20000,40,1.947,0.160,0.578
20000,40,2.039,0.169,0.577
20000,40,1.948,0.162,0.578
20000,40,1.957,0.173,0.578
20000,40,2.059,0.160,0.577
20000,40,1.947,0.168,0.578
20000,40,1.922,0.162,0.578
20000,40,1.933,0.146,0.578
20000,40,1.958,0.150,0.574
20000,40,1.960,0.152,0.577
20000,40,2.001,0.149,0.579
20000,40,1.901,0.150,0.579
20000,40,2.184,0.147,0.578
20000,40,1.929,0.149,0.578
20000,40,1.882,0.151,0.574
20000,40,1.881,0.151,0.578
20000,40,2.045,0.154,0.578
20000,40,1.964,0.156,0.578
20000,40,1.917,0.165,0.578
20000,40,43.982,0.148,0.577
20000,40,2.200,0.172,0.577
20000,40,2.036,0.155,0.579
20000,40,2.255,0.155,0.577
20000,40,2.227,0.193,0.578
20000,40,2.194,0.159,0.577
20000,40,2.118,0.154,0.579
20000,40,4.176,2.208,0.576
20000,40,2.543,0.148,0.604
20000,40,2.159,0.147,0.607
20000,40,4.232,2.210,0.601
20000,40,2.107,0.151,0.606
20000,40,2.127,0.150,0.604
20000,40,4.166,2.225,0.605
20000,40,2.115,0.159,0.606
20000,40,2.109,0.161,0.600
20000,40,4.191,0.162,0.605
20000,40,10.705,0.164,0.605
20000,40,4.216,0.170,0.604
20000,40,10.631,2.247,0.605
20000,40,6.252,2.241,0.600
20000,40,2.090,0.192,0.606
20000,40,2.058,0.173,0.605
20000,40,2.083,0.186,0.605
20000,40,2.083,0.186,0.606
20000,40,2.069,0.169,0.607
20000,40,2.037,0.174,0.604
20000,40,2.094,0.168,0.604
20000,40,2.049,0.180,0.607
20000,40,2.040,0.173,0.605
20000,40,2.010,0.176,0.604
20000,40,1.966,0.156,0.607
20000,40,1.966,0.164,0.605
20000,40,1.964,0.158,0.602
20000,40,2.013,0.155,0.605
20000,40,2.086,0.222,0.599
20000,40,1.927,0.151,0.604
20000,40,1.936,0.162,0.603
20000,40,1.988,0.157,0.604
20000,40,1.976,0.153,0.605
20000,40,1.968,0.156,0.605
20000,40,1.966,0.157,0.604
20000,40,2.001,0.156,0.606
20000,40,1.994,0.173,0.603
20000,40,1.993,0.161,0.604
20000,40,33.455,0.158,0.604
20000,40,2.118,0.165,0.607
20000,40,1.983,0.157,0.606
20000,40,1.983,0.153,0.604
20000,40,1.997,0.149,0.605
20000,40,1.962,0.154,0.606
20000,40,2.004,0.143,0.604
20000,40,1.969,0.144,0.607
20000,40,1.955,0.141,0.606
20000,40,1.979,0.142,0.606
20000,40,1.956,0.142,0.601
20000,40,1.954,0.148,0.604
20000,40,1.997,0.145,0.605
20000,40,1.970,0.147,0.605
20000,40,1.949,0.140,0.604
20000,40,1.950,0.145,0.605
20000,40,1.992,0.166,0.603
20000,40,1.957,0.147,0.604
20000,40,1.990,0.147,0.606
20000,40,2.276,0.141,0.605
20000,40,1.975,0.144,0.606
20000,40,1.962,0.147,0.606
20000,40,1.945,0.143,0.604
20000,40,2.008,0.145,0.606
20000,40,2.023,0.148,0.605
20000,40,1.964,0.149,0.606
20000,40,1.959,0.149,0.605
20000,40,1.997,0.149,0.605
20000,40,1.971,0.150,0.605
20000,40,1.968,0.151,0.607
20000,40,2.009,0.157,0.602
20000,40,1.979,0.148,0.605
20000,40,1.972,0.144,0.602
20000,60,2.334,0.226,0.635
20000,60,2.386,0.237,0.636
20000,60,2.302,0.211,0.637
20000,60,2.269,0.209,0.634
20000,60,2.462,0.239,0.635
20000,60,2.272,0.211,0.635
20000,60,2.268,0.205,0.635
20000,60,2.224,0.221,0.634
20000,60,2.264,0.219,0.635
20000,60,2.355,0.216,0.636
20000,60,2.323,0.234,0.631
20000,60,2.344,0.227,0.635
20000,60,2.369,0.229,0.632
20000,60,2.344,0.236,0.635
20000,60,2.354,0.218,0.635
20000,60,2.311,0.219,0.635
20000,60,2.339,0.230,0.635
20000,60,2.352,0.228,0.634
20000,60,2.332,0.235,0.634
20000,60,2.331,0.227,0.636
20000,60,2.292,0.220,0.635
20000,60,2.339,0.221,0.636
20000,60,2.337,0.239,0.635
20000,60,2.357,0.225,0.634
20000,60,2.290,0.226,0.634
20000,60,2.329,0.235,0.635
20000,60,2.354,0.228,0.632
20000,60,2.294,0.216,0.635
20000,60,2.348,0.249,0.636
20000,60,2.326,0.214,0.634
20000,60,42.710,0.213,0.635
20000,60,2.391,0.228,0.636
20000,60,2.276,0.203,0.635
20000,60,2.293,0.217,0.635
20000,60,2.245,0.207,0.634
20000,60,2.260,0.215,0.635
20000,60,2.312,0.202,0.635
20000,60,2.349,0.228,0.631
20000,60,2.268,0.209,0.635
20000,60,2.261,0.212,0.635
20000,60,2.261,0.216,0.635
20000,60,2.253,0.208,0.635
20000,60,2.273,0.208,0.634
20000,60,2.333,0.209,0.636
20000,60,2.288,0.209,0.636
20000,60,2.245,0.206,0.635
20000,60,2.265,0.213,0.634
20000,60,2.278,0.217,0.635
20000,60,2.240,0.212,0.634
20000,60,2.250,0.208,0.633
20000,60,2.680,0.212,0.635
20000,60,2.399,0.216,0.636
20000,60,2.241,0.226,0.634
20000,60,2.513,0.208,0.635
20000,60,2.510,0.217,0.635
20000,60,2.678,0.221,0.635
20000,60,4.865,2.271,0.634
20000,60,2.965,0.211,0.631
20000,60,4.732,2.266,0.637
20000,60,2.722,0.209,0.636
20000,60,4.758,2.281,0.636
20000,60,30.735,27.696,0.667
20000,60,5.013,2.283,0.668
20000,60,2.847,0.206,0.668
20000,60,12.317,0.211,0.666
20000,60,17.779,2.296,0.666
20000,60,2.645,0.256,0.667
20000,60,2.340,0.218,0.666
20000,60,2.327,0.210,0.667
20000,60,2.349,0.222,0.667
20000,60,2.462,0.212,0.668
20000,60,2.328,0.213,0.663
20000,60,2.323,0.213,0.667
20000,60,2.386,0.212,0.666
20000,60,2.363,0.217,0.667
20000,60,2.508,0.210,0.667
20000,60,2.295,0.207,0.668
20000,60,2.616,0.209,0.664
20000,60,2.248,0.212,0.668
20000,60,2.239,0.212,0.666
20000,60,2.316,0.203,0.669
20000,60,2.293,0.206,0.667
20000,60,2.257,0.209,0.668
20000,60,2.229,0.202,0.666
20000,60,2.284,0.209,0.668
20000,60,2.245,0.206,0.668
20000,60,2.247,0.217,0.668
20000,60,2.250,0.209,0.668
20000,60,2.230,0.201,0.666
20000,60,2.297,0.206,0.667
20000,60,2.399,0.214,0.668
20000,60,2.382,0.281,0.667
20000,60,43.038,40.484,0.669
20000,60,2.419,0.225,0.667
20000,60,2.388,0.240,0.667
20000,60,2.279,0.206,0.665
20000,60,2.326,0.211,0.667
20000,60,2.323,0.205,0.662
20000,60,2.251,0.200,0.666
20000,60,2.278,0.206,0.667
20000,60,2.232,0.200,0.667
20000,60,2.245,0.203,0.667
20000,60,2.283,0.204,0.668
20000,60,2.269,0.218,0.666
20000,60,2.358,0.202,0.667
20000,60,2.297,0.201,0.702
20000,60,2.313,0.223,0.703
20000,60,2.277,0.206,0.700
20000,60,2.269,0.206,0.701
20000,60,2.283,0.208,0.702
20000,60,2.275,0.214,0.705
20000,60,2.306,0.200,0.703
20000,60,2.277,0.204,0.702
20000,60,2.327,0.194,0.705
20000,60,2.274,0.203,0.703
20000,60,2.409,0.263,0.702
20000,60,2.502,0.217,0.700
20000,60,2.320,0.212,0.699
20000,60,2.315,0.211,0.704
20000,60,2.326,0.212,0.705
20000,60,2.312,0.207,0.703
20000,60,2.269,0.200,0.703
20000,60,2.276,0.210,0.703
20000,60,28.814,0.201,0.702
20000,60,2.586,0.223,0.704
20000,60,2.330,0.215,0.701
20000,60,2.376,0.228,0.702
20000,60,2.355,0.213,0.702
20000,60,2.630,0.214,0.703
20000,60,2.629,0.213,0.701
20000,60,2.622,0.224,0.701
20000,60,2.616,0.206,0.703
20000,60,2.616,0.202,0.702
20000,60,2.636,0.208,0.702
20000,60,3.034,0.207,0.702
20000,60,2.973,0.214,0.705
20000,60,2.843,0.207,0.701
20000,60,4.855,2.259,0.701
20000,60,2.763,0.199,0.704
20000,60,4.906,2.265,0.702
20000,60,3.005,0.214,0.703
20000,60,4.926,0.228,0.701
20000,60,2.735,0.220,0.704
20000,60,4.836,0.218,0.702
20000,60,11.850,0.220,0.702
20000,60,9.414,0.216,0.702
20000,60,13.067,4.381,0.702
20000,60,2.595,0.278,0.701
20000,60,2.483,0.244,0.702
20000,60,2.508,0.236,0.700
20000,60,2.466,0.238,0.701
20000,60,2.458,0.243,0.701
20000,60,2.472,0.239,0.704
20000,60,2.453,0.253,0.701
20000,60,42.850,40.159,0.705
20000,60,2.468,0.210,0.701
20000,60,2.396,0.201,0.701
20000,60,2.325,0.203,0.699
20000,60,2.304,0.200,0.703
20000,60,2.282,0.199,0.702
20000,60,2.461,0.253,0.703
20000,60,2.301,0.204,0.703
20000,60,2.282,0.205,0.701
20000,60,2.268,0.206,0.702
20000,60,2.311,0.197,0.700
20000,60,2.311,0.196,0.702
20000,60,2.262,0.212,0.701
20000,60,2.255,0.202,0.700
20000,60,2.315,0.198,0.704
20000,60,2.271,0.203,0.700
20000,60,2.357,0.200,0.703
20000,60,2.407,0.208,0.702
20000,60,2.290,0.211,0.700
20000,60,2.279,0.200,0.702
20000,60,2.283,0.201,0.703
20000,60,2.330,0.206,0.698
20000,60,2.325,0.203,0.702
20000,60,2.282,0.203,0.700
20000,60,2.258,0.205,0.702
20000,60,2.327,0.214,0.703
20000,60,2.319,0.228,0.701
20000,60,2.287,0.198,0.702
20000,60,2.265,0.213,0.701
20000,60,2.275,0.195,0.702
20000,60,2.289,0.203,0.703
20000,60,28.692,0.206,0.702
20000,60,2.558,0.228,0.703
20000,60,2.364,0.220,0.703
20000,60,2.316,0.222,0.701
20000,60,2.314,0.218,0.701
20000,60,2.338,0.223,0.702
20000,60,2.288,0.211,0.701
20000,60,2.282,0.211,0.701
20000,60,2.304,0.224,0.704
20000,60,2.331,0.214,0.701
20000,60,2.277,0.205,0.705
20000,60,2.513,0.220,0.704
20000,60,2.451,0.215,0.700
20000,60,2.357,0.202,0.701
20000,60,2.274,0.207,0.700
20000,60,2.366,0.201,0.702
20000,60,2.308,0.216,0.702
20000,60,2.571,0.199,0.705
20000,60,2.290,0.217,0.702
20000,60,2.315,0.200,0.704
20000,60,2.314,0.203,0.703
20000,60,2.377,0.208,0.703
20000,60,2.281,0.201,0.704
20000,60,2.303,0.198,0.702
20000,60,2.344,0.202,0.701
20000,60,2.348,0.207,0.703
20000,60,2.313,0.204,0.704
20000,60,2.263,0.202,0.703
20000,60,2.274,0.202,0.704
20000,60,2.571,0.207,0.704
20000,60,2.469,0.217,0.703
20000,60,44.839,0.208,0.743
20000,60,5.192,2.285,0.738
20000,60,3.024,0.223,0.742
20000,60,5.003,2.291,0.742
20000,60,2.909,0.215,0.742
20000,60,4.882,0.217,0.742
20000,60,2.808,0.220,0.742
20000,60,4.981,0.218,0.743
20000,60,3.018,0.222,0.738
20000,60,14.535,0.221,0.740
20000,60,15.633,2.301,0.742
20000,60,4.864,2.336,0.743
20000,60,2.612,0.257,0.742
20000,60,2.608,0.263,0.742
20000,60,2.612,0.249,0.741
20000,60,2.565,0.257,0.741
20000,60,2.569,0.255,0.743
20000,60,2.429,0.206,0.742
20000,60,2.471,0.209,0.743
20000,60,2.770,0.300,0.742
20000,60,2.467,0.221,0.741
20000,60,2.473,0.210,0.739
20000,60,2.542,0.221,0.742
20000,60,2.510,0.209,0.742
20000,60,2.433,0.242,0.742
20000,60,2.425,0.211,0.741
20000,60,2.410,0.213,0.745
20000,60,2.451,0.207,0.742
20000,60,2.460,0.214,0.743
20000,60,2.642,0.211,0.744
20000,60,2.496,0.232,0.743
20000,60,29.253,26.669,0.743
20000,60,2.686,0.243,0.738
20000,60,2.541,0.225,0.742
20000,60,2.388,0.214,0.738
20000,60,2.389,0.212,0.742
20000,60,2.416,0.212,0.741
20000,60,2.413,0.225,0.743
20000,60,2.486,0.211,0.744
20000,60,2.418,0.229,0.741
20000,60,2.390,0.210,0.743
20000,60,2.333,0.210,0.737
20000,60,2.335,0.208,0.742
20000,60,2.338,0.210,0.744
20000,60,2.362,0.210,0.743
20000,60,2.467,0.211,0.742
20000,60,2.394,0.212,0.743
20000,60,2.388,0.241,0.743
20000,60,2.345,0.210,0.742
20000,60,2.333,0.214,0.741
20000,60,2.312,0.198,0.742
20000,60,2.338,0.208,0.743
20000,60,2.780,0.199,0.742
20000,60,2.393,0.206,0.742
20000,60,2.333,0.212,0.744
20000,60,2.310,0.202,0.742
20000,60,2.303,0.205,0.742
20000,60,2.299,0.213,0.743
20000,60,2.509,0.211,0.743
20000,60,2.419,0.210,0.743
20000,60,2.401,0.209,0.742
20000,60,2.335,0.204,0.739
20000,60,42.870,0.223,0.740
20000,60,2.773,0.249,0.742
20000,60,2.615,0.215,0.741
20000,60,2.469,0.214,0.743
20000,60,2.356,0.213,0.741
20000,60,2.339,0.211,0.742
20000,60,2.411,0.207,0.744
20000,60,2.323,0.204,0.740
20000,60,2.328,0.200,0.742
20000,60,2.375,0.214,0.743
20000,60,2.311,0.210,0.742
20000,60,2.328,0.207,0.742
20000,60,2.390,0.207,0.743
20000,60,2.368,0.218,0.742
20000,60,2.377,0.205,0.742
20000,60,2.331,0.206,0.741
20000,60,2.640,0.212,0.743
20000,60,2.526,0.216,0.741
20000,60,2.520,0.212,0.743
20000,60,4.526,2.266,0.739
20000,60,2.462,0.206,0.743
20000,60,4.603,2.269,0.741
20000,90,2.803,0.286,0.784
20000,90,2.828,0.286,0.787
20000,90,2.823,0.288,0.787
20000,90,2.885,0.290,0.787
20000,90,2.905,0.304,0.788
20000,90,2.834,0.305,0.788
20000,90,2.821,0.290,0.788
20000,90,2.809,0.284,0.787
20000,90,31.506,0.282,0.838
20000,90,2.996,0.328,0.839
20000,90,2.924,0.311,0.839
20000,90,2.938,0.314,0.839
20000,90,2.878,0.316,0.839
20000,90,2.897,0.313,0.838
20000,90,2.902,0.338,0.835
20000,90,2.840,0.298,0.839
20000,90,2.861,0.299,0.839
20000,90,3.104,0.294,0.836
20000,90,3.111,0.291,0.838
20000,90,3.271,0.306,0.841
20000,90,3.233,0.315,0.839
20000,90,3.252,0.299,0.840
20000,90,3.182,0.301,0.839
20000,90,3.161,0.296,0.841
20000,90,3.175,0.300,0.838
20000,90,3.227,0.311,0.839
20000,90,3.260,0.307,0.839
20000,90,3.159,0.303,0.840
20000,90,3.173,0.304,0.839
20000,90,45.216,0.294,0.840
20000,90,3.445,0.343,0.838
20000,90,3.343,0.304,0.838
20000,90,3.243,0.309,0.838
20000,90,3.179,0.314,0.839
20000,90,3.498,0.296,0.839
20000,90,3.494,0.318,0.840
20000,90,5.560,0.304,0.839
20000,90,5.361,0.298,0.836
20000,90,3.487,0.289,0.839
20000,90,5.496,2.393,0.837
20000,90,5.409,0.292,0.839
20000,90,3.405,0.305,0.839
20000,90,15.913,2.385,0.839
20000,90,20.511,8.700,0.838
20000,90,3.449,0.359,0.840
20000,90,3.262,0.380,0.840
20000,90,3.470,0.355,0.840
20000,90,3.117,0.352,0.840
20000,90,3.013,0.353,0.838
20000,90,3.089,0.380,0.839
20000,90,28.950,0.335,0.839
20000,90,3.128,0.330,0.839
20000,90,3.032,0.304,0.838
20000,90,2.931,0.297,0.839
20000,90,2.825,0.300,0.839
20000,90,2.817,0.304,0.837
20000,90,2.892,0.292,0.839
20000,90,2.879,0.294,0.836
20000,90,2.814,0.288,0.838
20000,90,2.807,0.293,0.840
20000,90,2.841,0.296,0.840
20000,90,2.860,0.312,0.840
20000,90,2.841,0.290,0.839
20000,90,2.812,0.290,0.839
20000,90,2.859,0.288,0.840
20000,90,2.866,0.294,0.838
20000,90,3.354,0.412,0.840
20000,90,3.366,0.468,0.835
20000,90,3.391,0.496,0.838
20000,90,3.408,0.482,0.840
20000,90,3.403,0.495,0.839
20000,90,53.285,0.474,0.840
20000,90,3.637,0.355,0.838
20000,90,3.037,0.330,0.839
20000,90,2.885,0.305,0.840
20000,90,2.974,0.294,0.840
20000,90,2.907,0.305,0.839
20000,90,2.923,0.302,0.893
20000,90,2.995,0.310,0.898
20000,90,3.010,0.302,0.898
20000,90,2.940,0.301,0.899
20000,90,2.927,0.291,0.893
20000,90,2.920,0.299,0.895
20000,90,2.903,0.292,0.896
20000,90,2.968,0.304,0.896
20000,90,2.891,0.293,0.899
20000,90,3.051,0.287,0.897
20000,90,3.012,0.309,0.896
20000,90,2.929,0.298,0.897
20000,90,3.007,0.302,0.897
20000,90,3.029,0.302,0.898
20000,90,3.008,0.317,0.897
20000,90,30.077,0.304,0.897
20000,90,3.264,0.328,0.899
20000,90,3.222,0.326,0.898
20000,90,3.011,0.315,0.898
20000,90,3.057,0.314,0.898
20000,90,3.013,0.309,0.894
20000,90,2.959,0.303,0.898
20000,90,3.000,0.303,0.898
20000,90,2.907,0.298,0.896
20000,90,3.083,0.370,0.900
20000,90,3.002,0.303,0.897
20000,90,2.902,0.292,0.899
20000,90,2.921,0.301,0.898
20000,90,3.006,0.324,0.896
20000,90,2.939,0.305,0.898
20000,90,3.022,0.331,0.898
20000,90,2.998,0.324,0.894
20000,90,2.957,0.303,0.898
20000,90,3.294,0.310,0.897
20000,90,3.195,0.317,0.898
20000,90,5.256,0.308,0.898
20000,90,48.900,0.307,0.898
20000,90,3.409,0.331,0.894
20000,90,5.207,2.385,0.898
20000,90,5.306,0.324,0.897
20000,90,3.182,0.334,0.896
20000,90,5.395,2.416,0.898
20000,90,15.089,0.328,0.898
20000,90,18.504,6.591,0.901
20000,90,3.327,0.396,0.899
20000,90,3.219,0.373,0.898
20000,90,2.992,0.370,0.896
20000,90,3.101,0.309,0.894
20000,90,3.005,0.320,0.898
20000,90,3.016,0.311,0.899
20000,90,2.965,0.308,0.897
20000,90,2.950,0.307,0.899
20000,90,2.936,0.305,0.897
20000,90,2.991,0.312,0.898
20000,90,2.964,0.296,0.898
20000,90,2.915,0.302,0.899
20000,90,2.908,0.299,0.899
20000,90,30.603,0.300,0.899
20000,90,3.054,0.327,0.895
20000,90,4.964,0.320,0.898
20000,90,2.987,0.322,0.895
20000,90,2.911,0.312,0.897
20000,90,2.983,0.298,0.898
20000,90,4.870,0.296,0.898
20000,90,2.972,0.298,0.898
20000,90,2.972,0.305,0.898
20000,90,2.906,0.287,0.897
20000,90,2.886,0.293,0.899
20000,90,2.884,0.293,0.898
20000,90,2.944,0.291,0.899
20000,90,2.896,0.306,0.899
20000,90,2.939,0.329,0.898
20000,90,2.866,0.304,0.897
20000,90,2.844,0.302,0.898
20000,90,2.873,0.309,0.899
20000,90,2.975,0.307,0.895
20000,90,2.897,0.304,0.898
20000,90,2.908,0.295,0.899
20000,90,43.340,40.067,0.897
20000,90,3.291,0.330,0.898
20000,90,3.104,0.318,0.895
20000,90,2.964,0.304,0.898
20000,90,3.004,0.310,0.898
20000,90,2.953,0.306,0.897
20000,90,3.011,0.306,0.898
20000,90,2.937,0.303,0.899
20000,90,2.925,0.303,0.897
20000,90,2.926,0.321,0.899
20000,90,2.950,0.294,0.898
20000,90,2.916,0.293,0.897
20000,90,2.973,0.295,0.897
20000,90,3.029,0.301,0.897
20000,90,2.929,0.298,0.898
20000,90,2.923,0.302,0.898
20000,90,2.933,0.291,0.898
20000,90,2.899,0.288,0.898
20000,90,2.919,0.290,0.900
20000,90,2.901,0.290,0.897
20000,90,2.946,0.295,0.897
20000,90,30.261,0.291,0.899
20000,90,3.539,0.323,0.896
20000,90,3.526,0.311,0.898
20000,90,3.139,0.318,0.900
20000,90,3.000,0.314,0.898
20000,90,2.937,0.315,0.898
20000,90,3.012,0.335,0.897
20000,90,3.002,0.309,0.897
20000,90,2.978,0.320,0.897
20000,90,2.885,0.305,0.899
20000,90,2.946,0.301,0.898
20000,90,3.188,0.297,0.896
20000,90,3.217,0.318,0.896
20000,90,5.292,0.297,0.899
20000,90,5.181,0.285,0.898
20000,90,3.193,0.290,0.897
20000,90,5.104,2.318,0.898
20000,90,5.314,0.309,0.897
20000,90,3.304,0.317,0.896
20000,90,16.965,2.465,0.898
20000,90,13.838,0.352,0.899
20000,90,49.466,6.584,0.895
20000,90,3.305,0.365,0.897
20000,90,3.179,0.323,0.898
20000,90,2.975,0.306,0.899
20000,90,3.014,0.321,0.898
20000,90,2.987,0.314,0.897
20000,90,3.039,0.334,0.895
20000,90,2.937,0.313,0.899
20000,90,2.944,0.297,0.899
20000,90,2.959,0.296,0.897
20000,90,2.945,0.305,0.899
20000,90,2.922,0.299,0.899
20000,90,2.997,0.318,0.899
20000,90,2.934,0.296,0.898
20000,90,2.977,0.293,0.900
20000,90,2.913,0.299,0.899
20000,90,2.887,0.301,0.897
20000,90,2.952,0.298,0.897
20000,90,2.916,0.309,0.899
20000,90,2.925,0.292,0.899
20000,90,2.921,0.298,0.895
20000,90,29.093,0.301,0.899
20000,90,3.123,0.315,0.899
20000,90,2.964,0.318,0.899
20000,90,3.002,0.314,0.897
20000,90,3.037,0.308,0.898
20000,90,2.994,0.312,0.899
20000,90,2.901,0.310,0.899
20000,90,2.891,0.311,0.895
20000,90,2.878,0.293,0.898
20000,90,2.891,0.294,0.897
20000,90,3.011,0.294,0.899
20000,90,2.946,0.302,0.898
20000,90,2.886,0.298,0.899
20000,90,2.872,0.295,0.896
20000,90,2.889,0.295,0.898
20000,90,3.036,0.297,0.900
20000,90,2.984,0.302,0.899
20000,90,2.933,0.303,0.899
20000,90,3.071,0.304,0.897
20000,90,2.968,0.300,0.895
20000,90,2.954,0.301,0.897
20000,90,43.443,0.294,0.899
20000,90,3.145,0.319,0.899
20000,90,3.011,0.313,0.897
20000,90,2.981,0.300,0.898
20000,90,2.992,0.305,0.898
20000,90,3.021,0.304,0.898
20000,90,3.022,0.300,0.897
20000,90,2.969,0.303,0.894
20000,90,2.989,0.298,0.897
20000,90,2.987,0.306,0.900
20000,90,2.966,0.300,0.898
20000,90,3.025,0.302,0.899
20000,90,3.031,0.299,0.898
20000,90,2.988,0.307,0.894
20000,90,3.241,0.304,0.894
20000,90,3.303,0.312,0.897
20000,90,3.284,0.305,0.895
20000,90,3.305,0.293,0.898
20000,90,3.313,0.294,0.897
20000,90,3.347,0.293,0.900
20000,90,3.352,0.293,0.899
20000,90,30.405,0.310,0.898
20000,90,3.460,0.318,0.898
20000,90,3.946,0.312,0.897
20000,90,3.400,0.318,0.896
20000,90,3.303,0.305,0.897
20000,90,3.535,0.304,0.898
20000,90,3.590,0.333,0.899
20000,90,5.545,0.302,0.897
20000,90,5.519,0.282,0.898
20000,90,3.455,0.298,0.899
20000,90,5.462,2.359,0.898
20000,90,5.547,0.317,0.899
20000,90,3.417,0.323,0.899
20000,90,15.725,2.370,0.898
20000,90,18.191,6.549,0.901
20000,90,3.434,0.374,0.896
20000,90,3.386,0.377,0.898
20000,90,3.315,0.368,0.897
20000,90,3.263,0.394,0.899
20000,90,3.192,0.341,0.897
20000,90,3.233,0.348,0.898
20000,90,44.641,41.398,0.898
20000,90,3.132,0.322,0.895
20000,90,2.990,0.299,0.899
20000,90,2.929,0.296,0.899
20000,90,2.951,0.296,0.897
20000,90,2.929,0.300,0.899
20000,90,3.062,0.308,0.899
20000,90,2.988,0.300,0.900
20000,90,3.087,0.345,0.897
20000,90,2.945,0.291,0.899
20000,90,2.916,0.295,0.899
20000,90,2.868,0.297,0.900
20000,90,2.971,0.334,0.898
20000,90,2.947,0.305,0.897
20000,90,2.952,0.309,0.900
20000,90,2.946,0.304,0.898
20000,90,2.922,0.313,0.895
20000,90,2.905,0.297,0.898
20000,90,3.214,0.298,0.899
20000,140,3.693,0.461,0.897
20000,140,54.013,0.461,0.898
20000,140,3.953,0.490,0.898
20000,140,4.018,0.486,0.898
20000,140,3.736,0.475,0.897
20000,140,3.731,0.440,0.899
20000,140,3.642,0.453,0.898
20000,140,4.157,0.491,0.899
20000,140,5.973,0.476,0.899
20000,140,6.041,0.446,0.898
20000,140,6.192,0.493,0.897
20000,140,6.266,0.470,0.897
20000,140,7.256,0.770,0.899
20000,140,20.282,0.732,0.898
20000,140,16.976,10.839,0.899
20000,140,29.752,0.639,0.899
20000,140,4.087,0.491,0.897
20000,140,3.990,0.495,0.894
20000,140,3.768,0.477,0.897
20000,140,3.823,0.464,0.898
20000,140,3.740,0.454,0.898
20000,140,3.665,0.448,0.898
20000,140,3.719,0.483,0.898
20000,140,3.744,0.477,0.900
20000,140,3.730,0.464,0.898
20000,140,3.674,0.455,0.898
20000,140,3.669,0.465,0.898
20000,140,4.296,0.449,0.898
20000,140,44.614,0.732,0.898
20000,140,4.094,0.507,0.897
20000,140,3.892,0.476,0.901
20000,140,3.900,0.467,0.897
20000,140,3.841,0.468,0.898
20000,140,3.710,0.463,0.899
20000,140,3.724,0.465,0.898
20000,140,3.739,0.498,0.897
20000,140,3.681,0.453,0.898
20000,140,3.701,0.467,0.893
20000,140,3.702,0.501,0.898
20000,140,3.752,0.478,0.898
20000,140,3.659,0.457,0.897
20000,140,3.742,0.475,0.899
20000,140,30.130,0.483,0.899
20000,140,3.962,0.495,0.899
20000,140,3.886,0.496,0.899
20000,140,3.719,0.480,0.899
20000,140,3.771,0.474,0.899
20000,140,3.704,0.462,0.898
20000,140,3.722,0.487,0.897
20000,140,3.659,0.441,0.897
20000,140,3.702,0.444,0.898
20000,140,3.631,0.449,0.897
20000,140,3.642,0.443,0.895
20000,140,3.682,0.448,0.896
20000,140,3.982,0.461,0.898
20000,140,44.062,0.464,0.898
20000,140,4.198,0.492,0.898
20000,140,3.882,0.470,0.896
20000,140,3.829,0.468,0.897
20000,140,3.939,0.469,0.897
20000,140,3.837,0.461,0.897
20000,140,3.991,0.471,0.898
20000,140,4.102,0.492,0.897
20000,140,3.904,0.457,0.894
20000,140,3.936,0.454,0.898
20000,140,3.930,0.461,0.899
20000,140,4.002,0.467,0.898
20000,140,4.286,0.462,0.899
20000,140,6.335,0.492,0.897
20000,140,33.758,0.450,0.898
20000,140,6.750,0.494,0.896
20000,140,6.489,0.506,0.897
20000,140,6.455,0.491,0.897
20000,140,17.123,0.515,0.899
20000,140,18.963,6.740,0.898
20000,140,4.327,0.583,0.898
20000,140,4.226,0.582,0.899
20000,140,3.831,0.492,0.894
20000,140,3.753,0.473,0.898
20000,140,3.736,0.478,0.898
20000,140,3.752,0.474,0.896
20000,140,3.737,0.468,0.899
20000,140,43.393,0.462,0.899
20000,140,4.070,0.497,0.898
20000,140,3.969,0.527,0.898
20000,140,3.800,0.482,0.899
20000,140,3.817,0.469,0.899
20000,140,3.706,0.464,0.895
20000,140,3.733,0.468,0.899
20000,140,3.669,0.460,0.899
20000,140,3.666,0.462,0.897
20000,140,3.763,0.464,0.896
20000,140,3.683,0.467,0.897
20000,140,3.765,0.469,0.899
20000,140,3.685,0.462,0.898
20000,140,3.671,0.458,0.898
20000,140,29.795,0.466,0.899
20000,140,3.854,0.503,0.895
20000,140,3.910,0.559,0.899
20000,140,3.833,0.496,0.894
20000,140,3.701,0.462,0.898
20000,140,3.685,0.478,0.898
20000,140,3.750,0.481,0.898
20000,140,3.696,0.472,0.898
20000,140,4.043,0.472,0.899
20000,140,3.685,0.476,0.898
20000,140,3.737,0.488,0.895
20000,140,3.658,0.461,0.896
20000,140,3.668,0.429,0.898
20000,140,47.010,0.445,0.895
20000,140,4.038,0.564,0.898
20000,140,3.784,0.479,0.898
20000,140,3.784,0.482,0.898
20000,140,3.707,0.460,0.898
20000,140,3.688,0.462,0.898
20000,140,3.646,0.452,0.897
20000,140,3.733,0.494,0.897
20000,140,3.734,0.443,0.895
20000,140,3.653,0.448,0.898
20000,140,3.606,0.450,0.898
20000,140,3.659,0.436,0.898
20000,140,4.051,0.453,0.899
20000,140,4.072,0.426,0.897
20000,140,33.185,0.469,0.897
20000,140,4.315,0.467,0.897
20000,140,4.372,0.481,0.898
20000,140,4.315,0.456,0.897
20000,140,4.085,0.446,0.896
20000,140,4.003,0.452,0.898
20000,140,3.940,0.441,0.897
20000,140,4.005,0.466,0.898
20000,140,4.254,0.481,0.898
20000,140,6.244,0.467,0.897
20000,140,6.478,0.435,0.899
20000,140,6.271,0.436,0.898
20000,140,6.236,0.460,0.899
20000,140,6.327,0.465,0.897
20000,140,49.547,42.901,0.895
20000,140,30.335,9.781,0.900
20000,140,3.933,0.482,0.897
20000,140,3.876,0.464,0.897
20000,140,3.799,0.462,0.897
20000,140,3.801,0.465,0.898
20000,140,3.766,0.460,0.898
20000,140,3.834,0.443,0.899
20000,140,3.796,0.447,0.897
20000,140,3.696,0.449,0.897
20000,140,3.618,0.466,0.898
20000,140,3.681,0.446,0.899
20000,140,3.616,0.452,0.896
20000,140,29.696,0.480,0.898
20000,140,3.970,0.452,0.898
20000,140,3.861,0.448,0.897
20000,140,3.826,0.436,0.897
20000,140,3.804,0.456,0.898
20000,140,3.686,0.449,0.898
20000,140,3.708,0.450,0.898
20000,140,3.725,0.469,0.894
20000,140,3.740,0.439,0.900
20000,140,3.748,0.440,0.897
20000,140,3.697,0.448,0.897
20000,140,4.489,0.660,0.897
20000,140,4.615,0.733,0.898
20000,140,4.879,0.740,0.898
20000,140,44.477,0.717,0.899
20000,140,3.846,0.522,0.898
20000,140,3.747,0.459,0.897
20000,140,3.654,0.446,0.897
20000,140,3.716,0.482,0.897
20000,140,3.654,0.451,0.898
20000,140,3.618,0.440,0.898
20000,140,3.597,0.435,0.899
20000,140,3.649,0.452,0.898
20000,140,3.641,0.428,0.897
20000,140,3.687,0.440,0.898
20000,140,3.684,0.444,0.898
20000,140,3.639,0.438,0.898
20000,140,3.664,0.443,0.895
20000,140,29.749,26.224,0.899
20000,140,3.809,0.467,0.898
20000,140,3.802,0.451,0.898
20000,140,3.696,0.447,0.898
20000,140,3.601,0.453,0.898
20000,140,3.624,0.441,0.899
20000,140,3.578,0.444,0.898
20000,140,3.697,0.435,0.898
20000,140,3.607,0.444,0.898
20000,140,3.593,0.443,0.897
20000,140,3.892,0.442,0.898
20000,140,4.025,0.436,0.898
20000,140,3.925,0.441,0.898
20000,140,45.436,0.438,0.898
20000,140,4.344,0.481,0.897
20000,140,4.091,0.470,0.898
20000,140,3.938,0.462,0.897
20000,140,4.189,0.438,0.893
20000,140,4.229,0.445,0.899
20000,140,3.931,0.450,0.894
20000,140,3.892,0.442,0.897
20000,140,4.108,0.433,0.898
20000,140,4.219,0.450,0.897
20000,140,4.242,0.457,0.898
20000,140,6.261,0.477,0.898
20000,140,6.244,0.444,0.900
20000,140,6.140,0.439,0.896
20000,140,32.905,0.468,0.897
20000,140,6.456,0.489,0.897
20000,140,17.346,0.467,0.896
20000,140,21.379,11.033,0.898
20000,140,3.841,0.557,0.899
20000,140,3.822,0.487,0.899
20000,140,3.766,0.455,0.897
20000,140,3.810,0.460,0.897
20000,140,3.661,0.449,0.898
20000,140,3.734,0.526,0.899
20000,140,3.702,0.444,0.896
20000,140,3.735,0.446,0.898
20000,140,3.657,0.453,0.893
20000,140,3.685,0.457,0.897
20000,140,52.836,49.086,0.897
20000,140,3.955,0.476,0.899
20000,140,3.848,0.486,0.898
20000,140,3.749,0.481,0.898
20000,140,3.717,0.479,0.897
20000,140,3.697,0.438,0.897
20000,140,4.043,0.426,0.897
20000,140,3.702,0.428,0.899
20000,140,3.625,0.444,0.899
20000,140,3.630,0.427,0.897
20000,140,3.628,0.441,0.896
20000,140,3.609,0.442,0.898
20000,140,4.024,0.437,0.897
20000,140,36.863,0.651,0.896
20000,140,7.414,0.682,0.898
20000,140,7.576,0.693,0.899
20000,140,7.577,0.708,0.897
20000,140,7.710,0.748,0.897
20000,140,17.625,0.730,0.895
20000,140,22.671,0.792,0.896
20000,140,4.473,0.565,0.898
20000,140,4.350,0.591,0.898
20000,140,3.983,0.495,0.899
20000,140,3.865,0.481,0.896
20000,140,3.989,0.480,0.897
20000,140,3.965,0.478,0.895
20000,140,4.412,0.502,0.897
20000,140,45.941,42.187,0.893
20000,140,3.828,0.450,0.897
20000,140,3.678,0.456,0.899
20000,140,3.758,0.455,0.898
20000,140,3.751,0.442,0.898
20000,140,3.628,0.446,0.898
20000,140,3.630,0.454,0.898
20000,140,3.662,0.446,0.898
20000,140,3.622,0.449,0.898
20000,140,3.627,0.441,0.897
20000,140,3.664,0.424,0.898
20000,140,3.750,0.435,0.894
20000,140,4.061,0.483,0.898
20000,140,31.466,0.480,0.898
20000,140,6.139,0.463,0.896
20000,140,6.167,0.445,0.898
20000,140,5.948,0.468,0.896
20000,140,5.887,0.472,0.897
20000,140,16.453,0.466,0.896
20000,140,19.981,0.648,0.897
20000,140,4.275,0.550,0.898
20000,140,4.194,0.559,0.897
20000,140,3.831,0.458,0.899
20000,140,3.791,0.460,0.898
20000,140,3.662,0.478,0.897
20000,140,3.886,0.464,0.899
20000,140,3.659,0.459,0.898
20000,140,43.800,0.447,0.896
20000,140,4.013,0.486,0.897
20000,140,3.831,0.472,0.897
20000,140,3.703,0.454,0.897
20000,140,3.653,0.459,0.893
20000,140,3.640,0.453,0.898
20000,140,3.743,0.449,0.897
20000,140,3.704,0.484,0.897
20000,140,3.690,0.452,0.898
20000,140,3.631,0.457,0.896
20000,140,3.657,0.444,0.897
20000,140,3.734,0.424,0.896
20000,140,3.728,0.436,0.897
20000,140,29.194,0.449,0.900
20000,140,7.771,0.674,0.898
20000,140,6.755,0.524,0.896
20000,140,6.468,0.467,0.897
20000,140,6.263,0.446,0.899
20000,140,6.244,0.467,0.899
20000,140,18.155,0.562,0.897
20000,140,16.678,8.809,0.896
20000,140,4.484,0.710,0.899
20000,140,3.938,0.524,0.897
20000,140,3.726,0.460,0.896
20000,140,4.092,0.477,0.896
20000,140,3.671,0.454,0.897
20000,140,3.660,0.455,0.895
20000,200,4.626,0.673,0.899
20000,200,4.559,0.627,0.899
20000,200,4.473,0.624,0.899
20000,200,4.446,0.614,0.899
20000,200,4.999,0.615,0.898
20000,200,7.430,0.650,0.897
20000,200,9.571,2.684,0.896
20000,200,7.413,0.624,0.898
20000,200,36.676,3.053,0.897
20000,200,28.006,0.681,0.898
20000,200,4.870,0.713,0.897
20000,200,4.662,0.663,0.898
20000,200,4.582,0.630,0.900
20000,200,4.496,0.641,0.898
20000,200,4.525,0.635,0.898
20000,200,4.760,0.620,0.898
20000,200,4.512,0.642,0.898
20000,200,4.442,0.621,0.894
20000,200,50.038,45.405,0.898
20000,200,4.846,0.677,0.898
20000,200,4.688,0.672,0.899
20000,200,4.623,0.630,0.900
20000,200,4.592,0.633,0.898
20000,200,4.522,0.637,0.898
20000,200,4.645,0.640,0.898
20000,200,4.499,0.647,0.898
20000,200,4.520,0.623,0.898
20000,200,30.115,0.690,0.897
20000,200,4.752,0.695,0.897
20000,200,4.605,0.677,0.899
20000,200,4.410,0.605,0.897
20000,200,4.466,0.624,0.897
20000,200,4.496,0.607,0.898
20000,200,4.864,0.626,0.899
20000,200,6.764,0.655,0.899
20000,200,8.948,2.665,0.897
20000,200,6.822,0.625,0.897
20000,200,50.669,43.950,0.896
20000,200,7.142,0.660,0.898
20000,200,28.449,11.246,0.897
20000,200,4.931,0.709,0.898
20000,200,4.695,0.663,0.898
20000,200,4.582,0.647,0.898
20000,200,4.562,0.649,0.898
20000,200,4.677,0.645,0.898
20000,200,4.575,0.637,0.899
20000,200,30.174,0.639,0.899
20000,200,4.796,0.662,0.897
20000,200,4.750,0.650,0.899
20000,200,4.625,0.638,0.897
20000,200,4.507,0.627,0.897
20000,200,4.480,0.598,0.895
20000,200,4.479,0.628,0.898
20000,200,4.467,0.613,0.898
20000,200,4.499,0.624,0.898
20000,200,4.469,0.622,0.898
20000,200,46.952,0.632,0.898
20000,200,5.038,0.676,0.894
20000,200,4.729,0.651,0.898
20000,200,4.679,0.644,0.897
20000,200,4.634,0.636,0.900
20000,200,4.499,0.634,0.898
20000,200,4.593,0.639,0.898
20000,200,4.553,0.646,0.898
20000,200,4.574,0.649,0.898
20000,200,30.591,0.638,0.898
20000,200,5.159,0.671,0.898
20000,200,5.085,0.662,0.898
20000,200,4.697,0.657,0.898
20000,200,4.532,0.661,0.898
20000,200,4.920,0.647,0.897
20000,200,4.841,0.616,0.898
20000,200,4.811,0.610,0.897
20000,200,4.826,0.630,0.897
20000,200,4.945,0.622,0.900
20000,200,45.672,0.656,0.899
20000,200,5.200,0.650,0.898
20000,200,5.188,0.653,0.895
20000,200,5.055,0.645,0.898
20000,200,4.948,0.637,0.897
20000,200,4.865,0.659,0.897
20000,200,4.865,0.627,0.899
20000,200,5.008,0.624,0.897
20000,200,4.789,0.632,0.898
20000,200,4.824,0.617,0.899
20000,200,33.085,28.484,0.897
20000,200,5.066,0.642,0.897
20000,200,4.945,0.645,0.900
20000,200,4.840,0.641,0.898
20000,200,4.795,0.632,0.899
20000,200,4.863,0.649,0.899
20000,200,4.702,0.634,0.899
20000,200,4.734,0.627,0.898
20000,200,4.815,0.619,0.897
20000,200,46.558,0.615,0.897
20000,200,5.326,0.677,0.898
20000,200,5.159,0.656,0.897
20000,200,5.144,0.645,0.895
20000,200,4.975,0.639,0.897
20000,200,4.918,0.646,0.898
20000,200,4.902,0.631,0.899
20000,200,4.922,0.629,0.897
20000,200,4.923,0.620,0.897
20000,200,6.139,0.636,0.898
20000,200,43.610,2.685,0.898
20000,200,7.512,0.670,0.899
20000,200,9.608,2.747,0.898
20000,200,19.538,0.716,0.898
20000,200,24.892,6.956,0.897
20000,200,5.599,0.811,0.900
20000,200,4.630,0.674,0.899
20000,200,4.800,0.718,0.899
20000,200,4.437,0.628,0.898
20000,200,42.252,0.638,0.898
20000,200,4.868,0.666,0.898
20000,200,4.571,0.644,0.898
20000,200,4.595,0.661,0.894
20000,200,4.486,0.620,0.893
20000,200,4.585,0.633,0.897
20000,200,4.551,0.652,0.898
20000,200,4.440,0.648,0.898
20000,200,4.447,0.633,0.898
20000,200,4.427,0.627,0.898
20000,200,29.709,0.638,0.894
20000,200,4.835,0.674,0.894
20000,200,4.734,0.673,0.898
20000,200,4.612,0.665,0.899
20000,200,4.413,0.637,0.897
20000,200,4.459,0.658,0.898
20000,200,4.462,0.642,0.897
20000,200,4.846,0.656,0.898
20000,200,6.791,0.668,0.897
20000,200,50.181,2.683,0.899
20000,200,7.234,0.703,0.897
20000,200,9.302,2.745,0.897
20000,200,16.783,0.703,0.898
20000,200,22.403,11.055,0.898
20000,200,5.168,0.855,0.894
20000,200,4.843,0.685,0.896
20000,200,4.661,0.672,0.898
20000,200,4.696,0.678,0.897
20000,200,4.666,0.679,0.898
20000,200,29.803,25.477,0.898
20000,200,4.829,0.675,0.898
20000,200,4.697,0.674,0.898
20000,200,4.761,0.665,0.896
20000,200,4.478,0.659,0.897
20000,200,4.498,0.666,0.898
20000,200,4.479,0.647,0.897
20000,200,4.728,0.657,0.897
20000,200,4.536,0.679,0.898
20000,200,45.177,0.675,0.899
20000,200,5.022,0.746,0.898
20000,200,4.753,0.662,0.899
20000,200,4.676,0.651,0.894
20000,200,4.769,0.660,0.898
20000,200,4.667,0.672,0.897
20000,200,4.516,0.658,0.894
20000,200,4.501,0.645,0.897
20000,200,4.480,0.632,0.898
20000,200,4.549,0.646,0.898
20000,200,29.939,0.630,0.896
20000,200,4.688,0.666,0.898
20000,200,4.567,0.624,0.897
20000,200,4.555,0.626,0.898
20000,200,4.545,0.613,0.898
20000,200,4.550,0.668,0.898
20000,200,4.961,0.627,0.898
20000,200,4.545,0.621,0.897
20000,200,4.690,0.685,0.897
20000,200,4.376,0.624,0.898
20000,200,47.799,43.164,0.898
20000,200,4.944,0.695,0.898
20000,200,4.821,0.629,0.898
20000,200,4.718,0.618,0.899
20000,200,4.620,0.629,0.898
20000,200,4.461,0.619,0.899
20000,200,4.735,0.612,0.895
20000,200,4.861,0.626,0.898
20000,200,4.837,0.633,0.893
20000,200,33.535,0.652,0.899
20000,200,5.091,0.656,0.897
20000,200,4.895,0.657,0.897
20000,200,4.773,0.638,0.900
20000,200,4.893,0.631,0.898
20000,200,4.829,0.648,0.896
20000,200,4.845,0.635,0.898
20000,200,4.900,0.666,0.897
20000,200,4.790,0.645,0.898
20000,200,4.930,0.645,0.897
20000,200,47.804,42.821,0.894
20000,200,5.009,0.663,0.897
20000,200,5.000,0.658,0.897
20000,200,4.872,0.659,0.897
20000,200,4.793,0.623,0.898
20000,200,4.894,0.637,0.898
20000,200,4.834,0.622,0.897
20000,200,4.909,0.648,0.895
20000,200,4.928,0.642,0.898
20000,200,33.496,0.614,0.897
20000,200,7.633,0.733,0.898
20000,200,9.461,2.723,0.898
20000,200,7.189,0.673,0.898
20000,200,9.569,2.735,0.898
20000,200,35.937,0.678,0.899
20000,200,5.581,0.755,0.898
20000,200,4.856,0.755,0.898
20000,200,4.451,0.643,0.898
20000,200,4.556,0.688,0.899
20000,200,45.818,41.227,0.898
20000,200,5.126,0.678,0.899
20000,200,4.664,0.684,0.899
20000,200,4.516,0.651,0.897
20000,200,4.486,0.626,0.897
20000,200,4.419,0.624,0.898
20000,200,4.456,0.616,0.898
20000,200,4.540,0.636,0.898
20000,200,4.555,0.619,0.895
20000,200,30.966,0.640,0.898
20000,200,4.638,0.672,0.899
20000,200,4.538,0.641,0.898
20000,200,4.539,0.659,0.898
20000,200,4.647,0.693,0.896
20000,200,4.453,0.638,0.898
20000,200,4.473,0.642,0.898
20000,200,4.789,0.632,0.898
20000,200,6.745,0.664,0.897
20000,200,9.021,2.689,0.898
20000,200,53.374,0.687,0.898
20000,200,9.285,2.748,0.897
20000,200,7.270,0.702,0.898
20000,200,28.646,11.037,0.898
20000,200,5.314,0.804,0.895
20000,200,4.689,0.708,0.895
20000,200,4.702,0.675,0.895
20000,200,4.641,0.649,0.897
20000,200,4.575,0.651,0.897
20000,200,29.652,0.633,0.894
20000,200,4.699,0.648,0.898
20000,200,4.732,0.679,0.898
20000,200,4.510,0.636,0.896
20000,200,4.450,0.624,0.899
20000,200,4.514,0.619,0.895
20000,200,4.516,0.634,0.898
20000,200,4.456,0.628,0.897
20000,200,4.431,0.636,0.896
20000,200,4.467,0.607,0.899
20000,200,44.813,0.626,0.898
20000,200,4.896,0.678,0.898
20000,200,4.688,0.764,0.898
20000,200,4.666,0.636,0.899
20000,200,4.526,0.639,0.898
20000,200,4.643,0.634,0.895
20000,200,4.505,0.638,0.898
20000,200,4.545,0.646,0.899
20000,200,4.437,0.618,0.898
20000,200,4.598,0.626,0.898
20000,200,30.899,26.450,0.894
20000,200,4.787,0.656,0.898
20000,200,4.658,0.652,0.899
20000,200,4.703,0.639,0.898
20000,200,4.803,0.638,0.897
20000,200,4.656,0.660,0.896
20000,200,4.518,0.644,0.897
20000,200,4.498,0.630,0.899
20000,200,4.930,0.633,0.897
20000,200,45.792,0.641,0.898
20000,200,4.734,0.674,0.899
20000,200,4.507,0.621,0.898
20000,200,4.592,0.639,0.898
20000,200,4.534,0.635,0.898
20000,200,4.445,0.633,0.899
20000,200,4.536,0.639,0.899
20000,200,4.471,0.641,0.896
20000,200,4.641,0.637,0.898
20000,200,4.811,0.652,0.895
20000,200,31.470,26.666,0.898
20000,200,5.401,0.682,0.895
20000,200,5.017,0.651,0.898
20000,200,4.980,0.646,0.898
20000,200,4.824,0.653,0.898
20000,200,4.883,0.638,0.898
20000,200,4.823,0.645,0.897
20000,200,4.937,0.635,0.898
20000,200,4.785,0.640,0.898
20000,200,45.951,0.656,0.899
20000,200,5.287,0.673,0.899
20000,200,5.048,0.669,0.899
20000,200,5.052,0.684,0.898
20000,200,4.986,0.656,0.895
20000,200,5.098,0.654,0.898
20000,200,4.887,0.642,0.898
20000,200,4.948,0.657,0.895
20000,200,4.884,0.650,0.900
20000,200,4.740,0.652,0.898
20000,200,32.326,27.154,0.899
20000,200,5.597,0.665,0.900
20000,200,8.555,0.977,0.896
20000,200,9.356,2.742,0.899
20000,200,7.513,0.719,0.898
20000,300,6.084,0.939,0.899
20000,300,50.093,44.270,0.898
20000,300,6.293,0.955,0.898
20000,300,6.167,0.954,0.898
20000,300,6.144,0.982,0.899
20000,300,6.072,0.950,0.897
20000,300,6.116,1.029,0.899
20000,300,34.327,1.006,0.899
20000,300,6.432,1.006,0.899
20000,300,6.112,1.013,0.899
20000,300,5.945,0.966,0.899
20000,300,6.028,0.961,0.899
20000,300,5.922,0.942,0.897
20000,300,47.221,0.952,0.899
20000,300,12.994,1.487,0.899
20000,300,11.018,3.276,0.898
20000,300,12.779,3.045,0.899
20000,300,34.185,11.153,0.896
20000,300,6.854,1.137,0.899
20000,300,6.694,1.146,0.898
20000,300,32.336,26.711,0.898
20000,300,6.207,0.984,0.899
20000,300,5.931,0.982,0.898
20000,300,5.879,0.960,0.899
20000,300,5.903,0.967,0.899
20000,300,5.961,0.981,0.899
20000,300,48.640,0.929,0.897
20000,300,6.560,1.104,0.897
20000,300,6.436,1.067,0.898
20000,300,6.233,1.004,0.899
20000,300,6.175,0.993,0.899
20000,300,6.335,1.036,0.898
20000,300,34.677,1.020,0.898
20000,300,7.683,1.229,0.897
20000,300,8.790,1.510,0.898
20000,300,7.466,1.297,0.898
20000,300,6.474,1.014,0.898
20000,300,7.258,1.088,0.895
20000,300,6.474,1.233,0.898
20000,300,49.234,43.642,0.898
20000,300,5.985,0.975,0.896
20000,300,6.053,0.953,0.899
20000,300,6.034,0.980,0.896
20000,300,5.965,0.967,0.898
20000,300,5.954,0.978,0.897
20000,300,32.409,0.979,0.897
20000,300,6.102,1.003,0.898
20000,300,5.943,0.973,0.899
20000,300,5.926,0.976,0.898
20000,300,6.164,0.995,0.897
20000,300,5.905,0.957,0.899
20000,300,47.676,0.977,0.899
20000,300,6.460,1.055,0.898
20000,300,6.374,0.981,0.896
20000,300,6.338,0.994,0.897
20000,300,6.439,0.981,0.899
20000,300,6.338,0.965,0.898
20000,300,6.349,0.968,0.898
20000,300,32.540,26.980,0.899
20000,300,7.702,1.003,0.904
20000,300,6.731,0.976,0.902
20000,300,6.081,0.976,0.898
20000,300,6.226,1.019,0.899
20000,300,6.357,0.980,0.899
20000,300,51.352,1.015,0.899
20000,300,6.529,1.058,0.899
20000,300,6.307,1.012,0.899
20000,300,6.367,0.973,0.898
20000,300,6.297,1.000,0.898
20000,300,6.340,1.031,0.897
20000,300,34.816,0.969,0.899
20000,300,6.852,1.074,0.898
20000,300,6.566,1.072,0.895
20000,300,6.351,1.018,0.898
20000,300,6.361,1.003,0.899
20000,300,7.125,0.995,0.898
20000,300,8.038,1.622,0.898
20000,300,46.366,40.362,0.895
20000,300,6.481,0.993,0.897
20000,300,6.514,1.007,0.898
20000,300,6.716,1.366,0.899
20000,300,6.499,0.911,0.900
20000,300,10.629,0.968,0.899
20000,300,36.874,2.965,0.898
20000,300,10.854,3.063,0.898
20000,300,38.675,15.580,0.898
20000,300,6.718,1.143,0.898
20000,300,6.493,0.949,0.898
20000,300,6.424,0.951,0.898
20000,300,47.968,1.553,0.898
20000,300,6.173,0.940,0.895
20000,300,6.256,0.937,0.898
20000,300,5.984,0.943,0.897
20000,300,6.023,0.941,0.899
20000,300,6.062,0.895,0.898
20000,300,6.060,0.912,0.898
20000,300,32.248,26.579,0.899
20000,300,6.486,0.961,0.895
20000,300,6.474,0.937,0.897
20000,300,6.183,0.926,0.899
20000,300,6.302,0.939,0.899
20000,300,6.188,0.912,0.900
20000,300,52.350,1.435,0.898
20000,300,6.456,0.963,0.899
20000,300,6.438,0.949,0.899
20000,300,10.622,0.994,0.898
20000,300,10.433,2.975,0.897
20000,300,10.468,3.013,0.898
20000,300,39.135,3.026,0.897
20000,300,28.928,23.523,0.896
20000,300,6.039,0.928,0.898
20000,300,5.989,0.921,0.898
20000,300,6.031,0.915,0.895
20000,300,5.911,0.916,0.898
20000,300,5.850,0.912,0.898
20000,300,43.454,0.907,0.898
20000,300,6.418,0.940,0.899
20000,300,6.201,0.955,0.895
20000,300,6.137,0.920,0.897
20000,300,6.018,0.957,0.897
20000,300,5.880,0.928,0.897
20000,300,5.916,0.916,0.898
20000,300,32.013,26.494,0.898
20000,300,6.289,0.973,0.898
20000,300,6.160,0.941,0.898
20000,300,6.088,0.928,0.897
20000,300,6.070,0.951,0.898
20000,300,6.075,0.938,0.899
20000,300,44.623,0.927,0.898
20000,300,6.300,0.973,0.898
20000,300,6.232,0.970,0.899
20000,300,6.206,0.939,0.899
20000,300,6.012,0.938,0.897
20000,300,6.058,0.944,0.898
20000,300,39.481,0.949,0.897
20000,300,10.858,0.998,0.897
20000,300,10.589,3.002,0.898
20000,300,10.545,3.003,0.895
20000,300,33.401,3.020,0.899
20000,300,9.796,3.315,0.896
20000,300,8.832,1.043,0.900
20000,300,45.406,39.694,0.898
20000,300,6.309,0.952,0.897
20000,300,6.149,0.935,0.898
20000,300,7.931,0.927,0.897
20000,300,6.087,0.936,0.898
20000,300,6.105,0.958,0.898
20000,300,30.954,0.976,0.899
20000,300,6.290,0.958,0.897
20000,300,6.100,0.929,0.898
20000,300,6.219,0.915,0.898
20000,300,6.012,0.926,0.898
20000,300,6.093,0.914,0.898
20000,300,6.021,0.911,0.898
20000,300,46.210,40.552,0.898
20000,300,6.513,0.949,0.898
20000,300,6.223,0.967,0.897
20000,300,6.099,0.935,0.894
20000,300,6.725,0.942,0.898
20000,300,12.379,1.395,0.898
20000,300,39.492,3.023,0.898
20000,300,10.720,3.099,0.898
20000,300,37.067,13.756,0.898
20000,300,6.232,1.007,0.899
20000,300,6.130,0.955,0.899
20000,300,6.302,0.990,0.898
20000,300,44.964,0.948,0.898
20000,300,6.356,0.948,0.898
20000,300,6.138,0.956,0.899
20000,300,5.945,0.921,0.897
20000,300,6.015,0.922,0.898
20000,300,5.973,0.933,0.899
20000,300,5.978,0.931,0.899
20000,300,33.117,27.051,0.899
20000,300,6.171,0.975,0.897
20000,300,5.884,0.967,0.898
20000,300,6.014,0.921,0.897
20000,300,5.970,0.927,0.895
20000,300,5.950,0.931,0.898
20000,300,45.756,0.926,0.898
20000,300,6.241,1.002,0.898
20000,300,6.256,0.975,0.898
20000,300,6.120,0.958,0.899
20000,300,6.197,0.990,0.897
20000,300,6.162,0.935,0.898
20000,300,6.664,0.951,0.898
20000,300,39.329,27.920,0.898
20000,300,10.539,3.059,0.898
20000,300,10.430,3.036,0.900
20000,300,32.670,3.062,0.898
20000,300,11.122,5.291,0.898
20000,300,6.475,1.072,0.897
20000,300,45.368,0.939,0.900
20000,300,6.494,0.967,0.899
20000,300,6.274,0.948,0.896
20000,300,6.225,0.944,0.898
20000,300,6.107,0.925,0.899
20000,300,6.327,0.914,0.896
20000,300,31.604,0.950,0.897
20000,300,6.316,1.000,0.898
20000,300,5.947,0.927,0.897
20000,300,5.889,0.932,0.900
20000,300,6.104,0.943,0.898
20000,300,6.044,0.908,0.899
20000,300,6.013,0.904,0.899
20000,300,46.110,40.581,0.900
20000,300,6.227,0.976,0.898
20000,300,6.159,0.954,0.898
20000,300,5.969,0.922,0.897
20000,300,5.956,0.934,0.897
20000,300,5.941,0.920,0.899
20000,300,34.191,0.938,0.898
20000,300,6.484,0.977,0.899
20000,300,6.481,0.978,0.899
20000,300,6.236,0.957,0.898
20000,300,6.728,0.942,0.899
20000,300,11.954,1.002,0.899
20000,300,12.578,3.573,0.896
20000,300,54.224,45.934,0.900
20000,300,37.903,3.066,0.897
20000,300,6.311,1.047,0.899
20000,300,6.400,0.989,0.898
20000,300,6.171,0.997,0.897
20000,300,6.072,0.978,0.899
20000,300,30.933,0.924,0.899
20000,300,6.411,0.929,0.897
20000,300,6.216,0.933,0.897
20000,300,6.068,0.915,0.897
20000,300,5.961,0.937,0.898
20000,300,6.102,0.935,0.898
20000,300,47.649,0.934,0.897
20000,300,6.515,0.979,0.899
20000,300,6.201,0.964,0.895
20000,300,6.191,0.965,0.900
20000,300,6.078,0.924,0.898
20000,300,6.207,0.934,0.897
20000,300,6.051,0.945,0.897
20000,300,33.344,0.998,0.897
20000,300,6.329,0.962,0.899
20000,300,6.205,0.955,0.899
20000,300,6.045,0.939,0.898
20000,300,6.046,0.935,0.899
20000,300,6.049,0.959,0.899
20000,300,45.891,0.964,0.897
20000,300,6.755,0.969,0.897
20000,300,10.779,0.986,0.898
20000,300,10.852,2.971,0.899
20000,300,10.566,3.024,0.899
20000,300,42.086,3.087,0.897
20000,300,7.060,1.136,0.898
20000,300,31.191,25.627,0.898
20000,300,6.343,0.946,0.898
20000,300,6.283,0.955,0.899
20000,300,6.165,0.965,0.899
20000,300,5.992,0.933,0.896
20000,300,5.894,0.941,0.898
20000,300,49.703,0.996,0.899
20000,300,6.307,1.001,0.895
20000,300,6.202,0.954,0.899
20000,300,6.320,0.944,0.898
20000,300,5.874,0.928,0.898
20000,300,5.841,0.933,0.899
20000,300,33.897,0.971,0.897
20000,300,6.110,0.979,0.897
20000,300,5.948,0.955,0.900
20000,300,5.856,0.931,0.897
20000,300,5.938,0.928,0.896
20000,300,6.021,0.958,0.899
20000,300,6.073,0.967,0.899
20000,300,46.105,39.979,0.900
20000,300,10.904,1.085,0.899
20000,300,10.734,3.064,0.899
20000,300,10.480,3.010,0.897
20000,300,30.822,3.071,0.898
20000,300,11.374,5.383,0.898
20000,300,30.010,1.123,0.899
20000,300,6.466,0.947,0.899
20000,300,6.057,0.955,0.895
20000,300,6.118,0.927,0.897
20000,300,6.018,0.948,0.899
20000,300,6.082,0.941,0.898
20000,300,46.209,0.955,0.897
20000,300,6.558,1.193,0.898
20000,300,6.156,0.988,0.898
20000,300,6.633,0.973,0.900
20000,300,6.055,0.947,0.898
20000,300,6.110,0.953,0.897
20000,300,6.124,0.977,0.898
20000,300,31.832,26.287,0.899
20000,300,6.388,0.998,0.898
20000,300,6.086,0.996,0.895
20000,300,6.175,0.958,0.899
20000,300,5.984,0.962,0.900
20000,300,6.032,0.956,0.897
20000,300,46.210,0.974,0.898
20000,300,6.216,1.069,0.898
20000,300,6.236,0.981,0.897
20000,300,6.576,0.975,0.894
20000,300,6.888,0.987,0.897
20000,300,10.919,0.953,0.899
20000,500,9.245,1.550,0.898
20000,500,8.941,1.544,0.899
20000,500,49.032,1.516,0.895
20000,500,9.782,1.603,0.898
20000,500,9.343,1.553,0.898
20000,500,9.271,1.556,0.898
20000,500,47.055,1.548,0.898
20000,500,9.837,1.657,0.896
20000,500,9.040,1.578,0.897
20000,500,9.447,1.560,0.898
20000,500,63.055,1.650,0.898
20000,500,17.517,3.585,0.897
20000,500,29.789,3.680,0.895
20000,500,29.810,20.706,0.898
20000,500,33.142,1.602,0.898
20000,500,8.922,1.582,0.899
20000,500,9.482,1.682,0.899
20000,500,8.773,1.539,0.895
20000,500,48.657,40.533,0.899
20000,500,9.609,1.606,0.898
20000,500,9.074,1.608,0.897
20000,500,9.045,1.557,0.898
20000,500,36.085,28.097,0.898
20000,500,9.469,1.610,0.897
20000,500,9.568,1.672,0.896
20000,500,50.077,1.527,0.898
20000,500,9.512,1.562,0.898
20000,500,9.464,1.581,0.898
20000,500,9.312,1.681,0.896
20000,500,34.223,1.516,0.897
20000,500,9.469,1.568,0.899
20000,500,9.504,1.545,0.899
20000,500,9.186,1.559,0.898
20000,500,57.702,1.514,0.897
20000,500,9.524,1.590,0.900
20000,500,9.353,1.556,0.897
20000,500,9.303,1.647,0.898
20000,500,37.916,1.544,0.896
20000,500,9.863,1.612,0.899
20000,500,9.618,1.562,0.897
20000,500,16.558,3.721,0.897
20000,500,60.981,48.141,0.897
20000,500,42.498,16.341,0.896
20000,500,9.257,1.714,0.898
20000,500,8.829,1.590,0.897
20000,500,33.333,25.696,0.898
20000,500,8.892,1.581,0.897
20000,500,8.844,1.569,0.898
20000,500,49.624,1.562,0.897
20000,500,9.287,1.625,0.898
20000,500,8.965,1.550,0.898
20000,500,8.859,1.556,0.899
20000,500,34.397,1.566,0.896
20000,500,9.118,1.738,0.897
20000,500,8.912,1.563,0.898
20000,500,8.711,1.592,0.898
20000,500,49.209,1.587,0.898
20000,500,9.122,1.628,0.894
20000,500,8.822,1.541,0.897
20000,500,8.685,1.542,0.898
20000,500,35.697,1.557,0.897
20000,500,9.097,1.651,0.897
20000,500,8.745,1.564,0.898
20000,500,8.863,1.540,0.898
20000,500,50.097,41.395,0.898
20000,500,16.421,3.743,0.899
20000,500,18.140,5.727,0.899
20000,500,68.160,20.312,0.898
20000,500,9.116,1.617,0.899
20000,500,9.053,1.626,0.898
20000,500,8.663,1.565,0.898
20000,500,47.102,1.575,0.897
20000,500,9.114,1.621,0.898
20000,500,8.891,1.616,0.898
20000,500,8.992,1.551,0.897
20000,500,36.270,1.574,0.897
20000,500,9.585,1.632,0.898
20000,500,8.926,1.614,0.895
20000,500,8.704,1.603,0.897
20000,500,48.738,1.618,0.899
20000,500,9.492,1.660,0.897
20000,500,9.417,1.660,0.898
20000,500,9.417,1.650,0.898
20000,500,36.013,27.523,0.899
20000,500,9.245,1.688,0.896
20000,500,9.200,1.591,0.898
20000,500,54.753,1.593,0.899
20000,500,9.376,1.672,0.898
20000,500,9.327,1.639,0.898
20000,500,9.440,1.657,0.899
20000,500,46.959,1.577,0.899
20000,500,9.924,1.578,0.898
20000,500,10.131,1.533,0.897
20000,500,16.194,3.752,0.897
20000,500,61.877,5.736,0.899
20000,500,43.598,3.678,0.898
20000,500,9.024,1.647,0.897
20000,500,8.859,1.582,0.895
20000,500,33.960,1.565,0.898
20000,500,8.889,1.545,0.897
20000,500,8.853,1.541,0.899
20000,500,8.845,1.536,0.899
20000,500,54.560,46.650,0.899
20000,500,8.976,1.555,0.897
20000,500,8.968,1.540,0.898
20000,500,8.786,1.542,0.897
20000,500,35.048,27.041,0.898
20000,500,9.325,1.725,0.897
20000,500,9.251,1.597,0.895
20000,500,49.077,1.617,0.898
20000,500,9.279,1.576,0.898
20000,500,8.989,1.539,0.898
20000,500,8.999,1.582,0.897
20000,500,35.904,1.550,0.897
20000,500,9.001,1.611,0.898
20000,500,8.729,1.523,0.897
20000,500,8.626,1.524,0.898
20000,500,48.795,1.510,0.896
20000,500,9.252,1.595,0.898
20000,500,9.220,1.570,0.898
20000,500,9.645,1.600,0.897
20000,500,50.737,3.722,0.898
20000,500,18.221,5.790,0.897
20000,500,41.858,17.656,0.898
20000,500,9.137,1.653,0.898
20000,500,49.106,40.839,0.898
20000,500,9.165,1.596,0.898
20000,500,8.773,1.544,0.900
20000,500,8.897,1.562,0.900
20000,500,35.146,26.645,0.898
20000,500,9.088,1.591,0.897
20000,500,8.947,1.545,0.898
20000,500,49.038,1.546,0.898
20000,500,10.393,1.577,0.900
20000,500,9.364,1.565,0.899
20000,500,9.317,1.551,0.899
20000,500,35.314,1.611,0.898
20000,500,9.516,1.639,0.895
20000,500,9.329,1.599,0.900
20000,500,9.162,1.560,0.897
20000,500,50.972,1.536,0.897
20000,500,18.175,3.629,0.898
20000,500,28.469,3.685,0.898
20000,500,27.145,18.442,0.899
20000,500,34.500,1.726,0.896
20000,500,9.403,1.593,0.898
20000,500,9.103,1.585,0.899
20000,500,9.276,1.638,0.898
20000,500,49.990,41.696,0.897
20000,500,9.472,1.613,0.897
20000,500,9.277,1.594,0.899
20000,500,9.468,1.597,0.899
20000,500,36.515,27.881,0.899
20000,500,9.340,1.646,0.899
20000,500,9.242,1.676,0.897
20000,500,49.552,1.630,0.898
20000,500,9.260,1.583,0.898
20000,500,9.102,1.568,0.896
20000,500,9.226,1.547,0.898
20000,500,35.914,1.582,0.898
20000,500,9.838,1.581,0.899
20000,500,9.978,1.569,0.898
20000,500,9.652,1.557,0.899
20000,500,50.196,1.565,0.899
20000,500,9.371,1.572,0.897
20000,500,9.472,1.576,0.900
20000,500,9.349,1.540,0.897
20000,500,40.430,1.552,0.899
20000,500,9.695,1.613,0.899
20000,500,9.051,1.573,0.899
20000,500,9.724,1.579,0.899
20000,500,57.619,42.575,0.899
20000,500,16.200,3.601,0.899
20000,500,47.764,5.773,0.898
20000,500,34.822,1.808,0.898
20000,500,9.413,1.634,0.899
20000,500,8.919,1.570,0.897
20000,500,8.989,1.567,0.894
20000,500,47.121,1.606,0.898
20000,500,9.556,1.596,0.898
20000,500,8.925,1.610,0.899
20000,500,9.064,1.556,0.899
20000,500,37.908,1.543,0.899
20000,500,9.627,1.651,0.899
20000,500,8.917,1.609,0.894
20000,500,9.015,1.584,0.898
20000,500,48.898,1.576,0.898
20000,500,9.896,1.633,0.899
20000,500,9.637,1.613,0.898
20000,500,9.683,1.551,0.899
20000,500,42.590,34.248,0.897
20000,500,9.930,1.633,0.898
20000,500,9.451,1.572,0.900
20000,500,9.500,1.569,0.899
20000,500,54.268,45.772,0.898
20000,500,9.599,1.610,0.899
20000,500,10.027,1.609,0.898
20000,500,36.532,1.565,0.895
20000,500,9.902,1.688,0.900
20000,500,9.708,1.592,0.896
20000,500,16.778,3.691,0.899
20000,500,60.874,5.718,0.898
20000,500,42.460,16.725,0.898
20000,500,9.086,1.692,0.899
20000,500,9.158,1.674,0.899
20000,500,34.192,1.592,0.899
20000,500,9.361,1.639,0.898
20000,500,8.928,1.654,0.896
20000,500,8.787,1.627,0.897
20000,500,48.364,40.166,0.898
20000,500,9.253,1.679,0.898
20000,500,9.088,1.621,0.899
20000,500,9.003,1.631,0.899
20000,500,35.694,27.911,0.899
20000,500,9.089,1.641,0.899
20000,500,9.796,1.594,0.899
20000,500,48.655,1.748,0.898
20000,500,9.419,1.687,0.894
20000,500,8.967,1.607,0.899
20000,500,9.300,1.645,0.899
20000,500,35.603,1.626,0.898
20000,500,9.470,1.681,0.900
20000,500,8.890,1.572,0.899
20000,500,8.937,1.552,0.897
20000,500,51.211,1.638,0.897
20000,500,9.955,1.616,0.898
20000,500,15.944,3.751,0.898
20000,500,18.050,5.719,0.897
20000,500,70.795,57.724,0.897
20000,500,9.402,1.704,0.898
20000,500,9.127,1.614,0.898
20000,500,9.428,1.569,0.899
20000,500,49.766,41.691,0.897
20000,500,9.200,1.607,0.899
20000,500,9.253,1.568,0.899
20000,500,35.159,1.603,0.897
20000,500,9.495,1.643,0.897
20000,500,9.076,1.614,0.896
20000,500,8.897,1.569,0.898
20000,500,48.544,1.564,0.898
20000,500,9.140,1.587,0.897
20000,500,9.068,1.629,0.900
20000,500,9.070,1.567,0.897
20000,500,35.557,1.578,0.896
20000,500,9.234,1.715,0.899
20000,500,9.202,1.592,0.898
20000,500,9.075,1.586,0.897
20000,500,50.284,42.304,0.896
20000,500,9.345,1.604,0.898
20000,500,9.338,1.674,0.899
20000,500,8.964,1.598,0.895
20000,500,36.468,28.239,0.898
20000,500,9.537,1.649,0.898
20000,500,9.192,1.664,0.898
20000,500,51.660,1.586,0.898
20000,500,18.426,3.681,0.897
20000,500,16.535,3.681,0.897
20000,500,40.813,16.721,0.894
20000,500,32.915,1.811,0.899
20000,500,9.044,1.580,0.897
20000,500,9.005,1.692,0.896
20000,500,8.976,1.610,0.898
20000,500,47.797,1.584,0.898
20000,500,9.265,1.612,0.899
20000,500,8.953,1.605,0.898
20000,500,8.851,1.597,0.898
20000,500,35.245,27.267,0.898
20000,500,8.958,1.617,0.899
20000,500,8.814,1.603,0.898
20000,500,8.829,1.616,0.897
20000,500,49.616,41.472,0.898
20000,500,9.581,1.619,0.898
20000,500,9.338,1.615,0.899
20000,500,35.355,1.627,0.898
20000,500,9.632,1.631,0.898
20000,500,9.283,1.556,0.896
20000,500,9.571,1.616,0.898
20000,500,51.957,1.567,0.894
20000,500,9.360,1.670,0.899
20000,500,9.085,1.594,0.899
20000,500,9.255,1.572,0.898
20000,500,37.059,1.604,0.899
20000,500,16.602,3.733,0.899
20000,500,18.267,5.731,0.898
20000,500,43.884,17.529,0.899
20000,500,47.756,39.871,0.897
20000,500,8.982,1.644,0.898
20000,500,8.831,1.508,0.898
20000,500,8.770,1.537,0.898
20000,500,34.588,26.799,0.899
20000,500,8.961,1.616,0.898
20000,500,8.818,1.530,0.898
20000,500,48.766,1.592,0.897
20000,500,11.425,1.599,0.898
20000,500,9.214,1.613,0.899
20000,500,9.265,1.679,0.900
20000,500,36.337,1.670,0.899
20000,500,9.440,1.614,0.900
20000,500,8.989,1.557,0.897
20000,500,9.233,1.538,0.898
20000,800,52.767,6.745,0.899
20000,800,42.001,2.712,0.898
20000,800,13.716,2.530,0.896
20000,800,52.843,2.443,0.897
20000,800,14.245,2.480,0.900
20000,800,13.598,2.404,0.898
20000,800,40.177,2.540,0.898
20000,800,15.425,2.421,0.896
20000,800,53.800,2.376,0.897
20000,800,14.261,2.511,0.898
20000,800,14.181,2.445,0.898
20000,800,41.264,29.476,0.899
20000,800,13.279,2.550,0.899
20000,800,54.792,2.365,0.899
20000,800,13.873,2.503,0.897
20000,800,13.165,2.394,0.896
20000,800,44.524,33.165,0.897
20000,800,13.006,2.388,0.895
20000,800,60.255,2.492,0.897
20000,800,25.113,4.436,0.899
20000,800,49.201,36.374,0.899
20000,800,38.250,26.808,0.897
20000,800,13.848,2.383,0.898
20000,800,53.143,2.450,0.899
20000,800,14.127,2.424,0.898
20000,800,39.650,2.413,0.899
20000,800,14.221,2.477,0.899
20000,800,13.752,2.446,0.899
20000,800,56.916,2.449,0.897
20000,800,14.797,2.522,0.898
20000,800,39.049,2.645,0.896
20000,800,13.246,2.516,0.897
20000,800,13.045,2.463,0.898
20000,800,54.420,42.968,0.897
20000,800,12.927,2.412,0.897
20000,800,39.881,2.381,0.898
20000,800,13.358,2.466,0.898
20000,800,12.944,2.357,0.894
20000,800,65.612,44.819,0.897
20000,800,55.154,6.566,0.898
20000,800,41.680,2.780,0.898
20000,800,14.150,2.545,0.897
20000,800,13.403,2.447,0.898
20000,800,55.955,44.581,0.899
20000,800,13.205,2.391,0.898
20000,800,38.718,2.371,0.898
20000,800,13.147,2.440,0.898
20000,800,55.772,2.405,0.898
20000,800,14.229,2.539,0.898
20000,800,13.697,2.416,0.897
20000,800,39.818,2.443,0.897
20000,800,13.905,2.454,0.898
20000,800,58.053,2.945,0.898
20000,800,14.012,2.553,0.898
20000,800,13.978,2.524,0.898
20000,800,41.149,29.922,0.897
20000,800,13.562,2.393,0.898
20000,800,63.054,3.463,0.896
20000,800,26.481,6.696,0.898
20000,800,51.326,18.829,0.899
20000,800,42.555,30.550,0.898
20000,800,14.335,2.464,0.898
20000,800,55.442,4.238,0.899
20000,800,13.507,2.482,0.898
20000,800,39.634,2.469,0.898
20000,800,13.191,2.451,0.899
20000,800,14.081,2.465,0.897
20000,800,56.123,4.012,0.898
20000,800,14.129,2.576,0.897
20000,800,37.159,2.490,0.898
20000,800,14.676,2.585,0.898
20000,800,13.580,2.507,0.899
20000,800,55.340,43.491,0.897
20000,800,14.292,2.567,0.899
20000,800,40.241,2.502,0.897
20000,800,13.242,2.482,0.898
20000,800,13.281,2.463,0.898
20000,800,68.650,48.075,0.895
20000,800,53.555,4.640,0.899
20000,800,42.832,2.692,0.899
20000,800,13.862,2.503,0.898
20000,800,14.199,2.588,0.895
20000,800,54.416,43.320,0.898
20000,800,13.067,2.406,0.899
20000,800,39.276,2.427,0.899
20000,800,12.978,2.379,0.897
20000,800,52.499,2.422,0.896
20000,800,14.223,2.483,0.897
20000,800,13.817,2.424,0.898
20000,800,41.205,2.486,0.898
20000,800,13.796,2.407,0.898
20000,800,65.792,2.418,0.896
20000,800,13.982,2.535,0.898
20000,800,13.876,2.481,0.898
20000,800,42.345,30.519,0.897
20000,800,13.766,2.409,0.898
20000,800,66.198,2.545,0.898
20000,800,26.219,6.519,0.894
20000,800,47.432,17.705,0.898
20000,800,43.083,32.029,0.897
20000,800,13.079,2.673,0.897
20000,800,52.407,2.541,0.898
20000,800,13.234,2.502,0.899
20000,800,36.251,2.464,0.897
20000,800,13.028,2.505,0.897
20000,800,13.285,2.523,0.897
20000,800,52.999,2.386,0.899
20000,800,13.595,2.545,0.896
20000,800,35.711,2.427,0.899
20000,800,13.410,2.544,0.897
20000,800,13.285,2.453,0.897
20000,800,55.715,43.967,0.897
20000,800,13.954,2.558,0.899
20000,800,39.509,2.478,0.897
20000,800,13.699,2.572,0.897
20000,800,13.650,2.505,0.898
20000,800,68.604,47.850,0.897
20000,800,53.371,6.732,0.894
20000,800,38.187,2.890,0.896
20000,800,12.935,2.467,0.898
20000,800,51.710,2.457,0.898
20000,800,13.142,2.469,0.898
20000,800,13.017,2.465,0.899
20000,800,39.647,28.238,0.900
20000,800,13.029,2.481,0.896
20000,800,54.160,2.532,0.898
20000,800,13.867,2.517,0.898
20000,800,13.229,2.531,0.897
20000,800,42.142,30.772,0.898
20000,800,13.084,2.477,0.898
20000,800,52.919,2.489,0.899
20000,800,13.316,2.497,0.897
20000,800,41.008,2.553,0.897
20000,800,14.230,2.579,0.897
20000,800,13.600,2.549,0.898
20000,800,61.836,2.543,0.894
20000,800,43.538,6.607,0.899
20000,800,49.894,15.480,0.895
20000,800,14.059,2.521,0.897
20000,800,13.413,2.526,0.898
20000,800,54.091,42.208,0.897
20000,800,13.490,2.516,0.897
20000,800,39.017,2.461,0.897
20000,800,13.393,2.602,0.897
20000,800,13.315,2.504,0.896
20000,800,53.920,42.610,0.897
20000,800,13.501,2.691,0.898
20000,800,42.402,2.465,0.898
20000,800,13.826,2.723,0.899
20000,800,57.107,2.590,0.899
20000,800,14.605,2.667,0.899
20000,800,14.275,2.617,0.899
20000,800,41.785,30.344,0.900
20000,800,14.108,2.538,0.898
20000,800,60.375,2.540,0.899
20000,800,27.790,6.767,0.898
20000,800,75.601,34.131,0.900
20000,800,13.814,2.499,0.896
20000,800,14.066,2.456,0.898
20000,800,53.724,2.469,0.900
20000,800,14.165,2.497,0.897
20000,800,37.475,2.621,0.897
20000,800,13.377,2.471,0.898
20000,800,13.127,2.427,0.898
20000,800,63.524,51.653,0.900
20000,800,13.241,2.441,0.897
20000,800,38.139,2.633,0.899
20000,800,13.725,2.492,0.897
20000,800,13.491,2.515,0.897
20000,800,55.729,43.939,0.898
20000,800,13.884,2.601,0.899
20000,800,40.567,2.548,0.899
20000,800,13.240,2.484,0.897
20000,800,13.160,2.458,0.897
20000,800,68.171,47.700,0.898
20000,800,54.067,6.780,0.897
20000,800,38.083,2.730,0.896
20000,800,13.419,2.507,0.895
20000,800,53.712,2.417,0.898
20000,800,13.593,2.558,0.898
20000,800,13.733,2.474,0.898
20000,800,41.166,2.543,0.899
20000,800,13.493,2.476,0.898
20000,800,55.758,2.455,0.895
20000,800,13.528,2.612,0.899
20000,800,13.171,2.598,0.898
20000,800,51.297,39.968,0.898
20000,800,13.028,2.536,0.898
20000,800,53.414,2.413,0.898
20000,800,14.423,2.505,0.898
20000,800,13.816,2.452,0.897
20000,800,44.027,32.157,0.897
20000,800,13.880,2.595,0.897
20000,800,64.665,2.547,0.899
20000,800,37.821,6.901,0.895
20000,800,56.796,19.680,0.898
20000,800,14.278,2.560,0.898
20000,800,13.338,2.531,0.895
20000,800,54.231,42.407,0.900
20000,800,13.145,2.472,0.897
20000,800,38.063,2.433,0.898
20000,800,13.252,2.540,0.899
20000,800,13.095,2.460,0.898
20000,800,55.350,43.375,0.897
20000,800,13.966,2.494,0.898
20000,800,40.902,2.564,0.898
20000,800,13.322,2.600,0.898
20000,800,56.036,2.609,0.898
20000,800,14.183,2.507,0.897
20000,800,13.368,2.469,0.897
20000,800,42.966,2.467,0.897
20000,800,13.383,2.481,0.897
20000,800,55.612,2.537,0.898
20000,800,26.636,8.806,0.897
20000,800,52.897,20.178,0.897
20000,800,38.403,27.238,0.898
20000,800,13.104,2.562,0.897
20000,800,51.684,2.537,0.893
20000,800,13.520,2.514,0.898
20000,800,13.548,2.505,0.898
20000,800,41.071,29.876,0.898
20000,800,13.040,2.482,0.898
20000,800,53.523,2.516,0.898
20000,800,14.347,2.588,0.897
20000,800,37.487,2.517,0.898
20000,800,14.425,2.646,0.897
20000,800,13.962,2.566,0.900
20000,800,58.350,45.834,0.898
20000,800,14.829,2.648,0.898
20000,800,39.179,2.588,0.896
20000,800,14.239,2.667,0.898
20000,800,13.960,2.546,0.894
20000,800,68.131,46.968,0.897
20000,800,53.713,6.872,0.899
20000,800,39.531,2.773,0.898
20000,800,13.587,2.628,0.898
20000,800,53.702,2.554,0.898
20000,800,14.300,2.709,0.894
20000,800,13.960,2.581,0.898
20000,800,40.217,28.729,0.898
20000,800,13.663,2.483,0.897
20000,800,53.450,2.691,0.898
20000,800,14.207,2.559,0.898
20000,800,13.892,2.505,0.898
20000,800,41.880,30.158,0.898
20000,800,13.761,2.520,0.899
20000,800,58.926,2.495,0.898
20000,800,14.205,2.588,0.897
20000,800,37.913,2.626,0.898
20000,800,14.054,2.533,0.897
20000,800,13.509,2.523,0.896
20000,800,63.473,2.493,0.897
20000,800,56.504,6.734,0.897
20000,800,34.398,3.138,0.897
20000,800,13.237,2.652,0.898
20000,800,13.257,2.577,0.899
20000,800,54.962,43.598,0.898
20000,800,13.953,2.644,0.894
20000,800,38.731,2.613,0.897
20000,800,13.001,2.516,0.898
20000,800,56.534,2.625,0.898
20000,800,14.478,2.580,0.897
20000,800,14.210,2.550,0.898
20000,800,43.121,2.571,0.898
20000,800,13.809,2.570,0.898
20000,800,56.309,2.542,0.898
20000,800,13.916,2.660,0.899
20000,800,14.158,2.581,0.898
20000,800,52.163,40.608,0.898
20000,800,13.815,2.526,0.897
20000,800,58.817,2.501,0.897
20000,800,26.566,6.655,0.900
20000,800,70.487,35.206,0.899
20000,800,13.107,2.565,0.894
20000,800,13.424,2.563,0.899
20000,800,53.027,2.526,0.899
20000,800,13.751,2.614,0.895
20000,800,34.617,2.598,0.896
20000,800,13.622,2.703,0.895
20000,800,13.080,2.553,0.897
20000,800,54.138,42.782,0.898
20000,800,13.385,2.524,0.897
20000,800,42.183,2.507,0.898
20000,800,14.089,2.596,0.898
20000,800,56.280,2.543,0.899
20000,800,14.217,2.627,0.897
20000,800,13.865,2.612,0.898
20000,800,41.047,2.539,0.897
20000,800,13.732,2.591,0.898
20000,800,56.873,2.681,0.899
20000,800,27.630,6.678,0.897
20000,800,51.552,31.784,0.897
20000,800,42.629,29.909,0.898
20000,800,13.140,2.614,0.899
20000,800,52.626,2.621,0.899
20000,800,13.316,2.622,0.898
20000,800,36.995,2.561,0.898
20000,800,13.618,2.657,0.896
20000,800,13.249,2.565,0.898
20000,800,58.074,46.443,0.900
20000,1200,20.328,3.803,0.899
20000,1200,60.892,3.722,0.895
20000,1200,18.766,3.586,0.900
20000,1200,43.048,27.221,0.898
20000,1200,63.476,3.627,0.894
20000,1200,68.765,7.606,0.898
20000,1200,41.557,4.309,0.899
20000,1200,18.713,3.646,0.897
20000,1200,61.590,45.314,0.898
20000,1200,41.065,3.660,0.898
20000,1200,18.941,3.641,0.898
20000,1200,61.345,3.613,0.897
20000,1200,18.585,3.630,0.898
20000,1200,44.846,28.095,0.898
20000,1200,66.168,3.763,0.898
20000,1200,18.750,3.663,0.898
20000,1200,44.216,28.338,0.899
20000,1200,60.671,3.592,0.896
20000,1200,56.618,9.766,0.898
20000,1200,55.440,19.063,0.896
20000,1200,18.277,3.637,0.898
20000,1200,58.820,42.747,0.897
20000,1200,41.649,3.642,0.898
20000,1200,18.622,3.702,0.898
20000,1200,69.513,3.637,0.897
20000,1200,18.901,3.693,0.899
20000,1200,42.885,27.454,0.897
20000,1200,60.550,3.665,0.896
20000,1200,18.988,3.653,0.898
20000,1200,43.334,27.558,0.898
20000,1200,59.921,3.573,0.898
20000,1200,59.760,9.770,0.899
20000,1200,52.647,14.751,0.898
20000,1200,18.910,3.625,0.898
20000,1200,59.578,43.892,0.898
20000,1200,41.625,3.564,0.897
20000,1200,18.762,3.681,0.898
20000,1200,59.401,3.602,0.894
20000,1200,18.797,3.687,0.899
20000,1200,43.197,27.425,0.898
20000,1200,60.728,3.633,0.897
20000,1200,19.596,3.739,0.897
20000,1200,43.757,3.589,0.899
20000,1200,72.565,3.664,0.897
20000,1200,51.934,9.938,0.898
20000,1200,60.525,23.688,0.898
20000,1200,19.865,3.851,0.897
20000,1200,59.390,43.645,0.896
20000,1200,42.240,3.747,0.897
20000,1200,19.309,3.736,0.900
20000,1200,60.184,3.601,0.899
20000,1200,18.650,3.774,0.897
20000,1200,43.650,27.134,0.899
20000,1200,61.034,3.830,0.900
20000,1200,19.472,3.840,0.897
20000,1200,43.499,27.862,0.898
20000,1200,61.290,3.588,0.898
20000,1200,52.071,11.559,0.895
20000,1200,62.015,23.701,0.897
20000,1200,19.561,3.665,0.897
20000,1200,58.763,43.078,0.898
20000,1200,41.578,3.693,0.898
20000,1200,18.745,3.767,0.898
20000,1200,60.723,3.633,0.898
20000,1200,18.602,3.713,0.899
20000,1200,42.603,27.175,0.898
20000,1200,58.605,3.704,0.898
20000,1200,19.145,3.811,0.899
20000,1200,43.778,27.905,0.897
20000,1200,61.737,3.723,0.898
20000,1200,56.123,9.874,0.898
20000,1200,55.713,19.006,0.897
20000,1200,18.684,3.700,0.899
20000,1200,58.700,42.767,0.899
20000,1200,40.376,3.737,0.899
20000,1200,18.732,3.883,0.899
20000,1200,60.853,3.652,0.899
20000,1200,43.225,3.780,0.895
20000,1200,20.742,4.066,0.899
20000,1200,64.100,3.905,0.898
20000,1200,19.893,3.851,0.896
20000,1200,42.429,27.132,0.899
20000,1200,62.042,3.796,0.897
20000,1200,72.546,9.745,0.900
20000,1200,41.197,4.310,0.898
20000,1200,19.050,3.853,0.899
20000,1200,59.021,43.387,0.899
20000,1200,40.437,3.726,0.898
20000,1200,18.442,3.639,0.899
20000,1200,59.361,43.582,0.899
20000,1200,42.897,3.617,0.900
20000,1200,19.309,3.742,0.897
20000,1200,60.393,3.655,0.898
20000,1200,20.281,3.868,0.897
20000,1200,43.309,27.887,0.898
20000,1200,66.412,3.696,0.896
20000,1200,72.709,9.920,0.899
20000,1200,44.328,4.433,0.894
20000,1200,18.952,3.707,0.898
20000,1200,69.476,52.472,0.898
20000,1200,41.946,3.716,0.898
20000,1200,19.051,3.680,0.899
20000,1200,63.235,46.422,0.899
20000,1200,44.239,3.806,0.898
20000,1200,20.086,3.841,0.899
20000,1200,60.994,3.695,0.898
20000,1200,19.799,3.780,0.899
20000,1200,44.526,28.006,0.898
20000,1200,64.601,3.807,0.898
20000,1200,66.454,9.981,0.898
20000,1200,41.986,3.909,0.898
20000,1200,57.268,3.628,0.898
20000,1200,19.326,3.758,0.898
20000,1200,40.685,3.640,0.899
20000,1200,18.898,3.664,0.898
20000,1200,58.522,42.996,0.897
20000,1200,41.952,3.750,0.895
20000,1200,19.166,3.676,0.895
20000,1200,60.071,3.662,0.898
20000,1200,18.929,3.722,0.897
20000,1200,43.054,27.545,0.899
20000,1200,69.088,3.849,0.897
20000,1200,65.615,9.864,0.898
20000,1200,42.004,26.620,0.899
20000,1200,57.734,3.690,0.898
20000,1200,19.249,3.779,0.898
20000,1200,41.288,3.741,0.898
20000,1200,18.635,3.768,0.897
20000,1200,58.516,42.784,0.898
20000,1200,40.561,3.723,0.898
20000,1200,18.933,3.899,0.899
20000,1200,61.891,3.682,0.899
20000,1200,42.753,3.808,0.899
20000,1200,19.364,3.900,0.897
20000,1200,68.964,3.825,0.897
20000,1200,61.372,10.038,0.898
20000,1200,40.966,25.405,0.898
20000,1200,56.787,3.798,0.895
20000,1200,19.559,3.708,0.897
20000,1200,43.406,3.978,0.897
20000,1200,18.728,3.723,0.899
20000,1200,63.828,48.028,0.898
20000,1200,40.854,3.710,0.898
20000,1200,19.016,4.025,0.897
20000,1200,63.457,44.912,0.899
20000,1200,43.935,3.772,0.898
20000,1200,20.105,3.876,0.898
20000,1200,71.693,3.924,0.896
20000,1200,65.047,10.144,0.897
20000,1200,43.787,27.224,0.898
20000,1200,60.059,3.695,0.898
20000,1200,18.852,3.712,0.897
20000,1200,42.409,3.545,0.897
20000,1200,60.416,3.583,0.898
20000,1200,19.072,3.653,0.899
20000,1200,41.129,3.578,0.898
20000,1200,18.782,3.634,0.898
20000,1200,61.709,45.661,0.895
20000,1200,42.663,3.621,0.898
20000,1200,19.152,3.791,0.899
20000,1200,70.835,3.671,0.897
20000,1200,62.950,10.251,0.895
20000,1200,41.098,25.535,0.898
20000,1200,58.712,3.671,0.897
20000,1200,18.808,3.732,0.897
20000,1200,42.885,27.167,0.898
20000,1200,63.759,3.609,0.898
20000,1200,20.722,3.828,0.897
20000,1200,41.910,3.752,0.900
20000,1200,19.623,3.720,0.897
20000,1200,65.334,49.261,0.898
20000,1200,42.661,3.679,0.899
20000,1200,18.878,3.828,0.899
20000,1200,75.858,3.653,0.902
20000,1200,61.582,10.281,0.898
20000,1200,40.928,25.843,0.897
20000,1200,60.200,3.817,0.897
20000,1200,18.980,3.801,0.895
20000,1200,42.312,26.679,0.899
20000,1200,58.258,3.653,0.898
20000,1200,19.180,3.793,0.897
20000,1200,41.872,3.718,0.899
20000,1200,18.393,3.649,0.897
20000,1200,60.155,44.244,0.897
20000,1200,40.929,3.771,0.897
20000,1200,20.036,3.790,0.897
20000,1200,73.552,46.456,0.897
20000,1200,80.162,10.147,0.897
20000,1200,18.880,3.917,0.898
20000,1200,58.482,3.750,0.898
20000,1200,19.129,3.893,0.897
20000,1200,42.161,26.412,0.898
20000,1200,56.229,3.670,0.898
20000,1200,19.397,3.935,0.898
20000,1200,42.467,3.552,0.899
20000,1200,18.597,3.557,0.898
20000,1200,78.127,48.252,0.899
20000,1200,74.295,36.304,0.895
20000,1200,18.672,3.616,0.898
20000,1200,69.210,52.558,0.898
20000,1200,43.275,3.633,0.897
20000,1200,19.797,3.972,0.897
20000,1200,64.011,3.579,0.897
20000,1200,19.766,3.637,0.898
20000,1200,44.404,28.014,0.898
20000,1200,60.004,3.585,0.899
20000,1200,20.724,3.854,0.898
20000,1200,44.270,3.587,0.898
20000,1200,19.124,3.566,0.897
20000,1200,89.134,59.759,0.898
20000,1200,76.172,40.142,0.897
20000,1200,18.756,3.759,0.898
20000,1200,59.051,3.555,0.899
20000,1200,19.100,3.583,0.897
20000,1200,42.103,26.697,0.899
20000,1200,60.744,3.603,0.899
20000,1200,20.026,3.687,0.898
20000,1200,44.020,27.827,0.896
20000,1200,75.426,3.662,0.900
20000,1200,19.870,3.771,0.902
20000,1200,46.399,3.650,0.897
20000,1200,20.336,3.780,0.897
20000,1200,76.812,49.513,0.899
20000,1200,80.910,9.967,0.898
20000,1200,19.660,3.671,0.899
20000,1200,61.101,3.656,0.899
20000,1200,18.777,3.611,0.896
20000,1200,42.656,26.915,0.897
20000,1200,57.789,3.570,0.897
20000,1200,19.226,3.690,0.898
20000,1200,45.424,3.647,0.899
20000,1200,18.882,3.710,0.897
20000,1200,59.936,43.429,0.898
20000,1200,41.847,3.563,0.898
20000,1200,18.738,3.600,0.899
20000,1200,74.741,44.953,0.898
20000,1200,77.073,20.904,0.898
20000,1200,19.733,3.727,0.895
20000,1200,58.984,3.639,0.898
20000,1200,18.695,3.797,0.898
20000,1200,42.087,26.554,0.899
20000,1200,58.574,3.642,0.898
20000,1200,20.756,3.838,0.900
20000,1200,43.720,3.757,0.899
20000,1200,18.963,3.709,0.898
20000,1200,61.129,44.012,0.898
20000,1200,42.513,3.793,0.898
20000,1200,19.391,3.598,0.897
20000,1200,78.652,49.002,0.898
20000,1200,79.040,21.188,0.897
20000,1200,19.119,3.652,0.896
20000,1200,60.836,3.584,0.898
20000,1200,19.383,3.757,0.898
20000,1200,42.729,26.872,0.898
20000,1200,58.365,3.570,0.899
20000,1200,19.008,3.675,0.898
20000,1200,42.431,3.684,0.899
20000,1200,18.799,3.644,0.895
20000,1200,63.442,47.120,0.898
20000,1200,41.560,3.741,0.898
20000,1200,19.007,3.652,0.897
20000,1200,76.213,46.444,0.898
20000,1200,81.005,22.625,0.899
20000,1200,20.039,3.898,0.898
20000,1200,58.565,3.644,0.897
20000,1200,18.758,3.704,0.899
20000,1200,42.332,26.589,0.899
20000,1200,61.316,3.620,0.898
20000,1200,20.787,3.827,0.898
20000,1200,43.046,3.710,0.898
20000,1200,18.568,3.717,0.899
20000,1200,62.061,45.508,0.897
20000,1200,41.945,3.812,0.898
20000,1200,19.275,3.815,0.898
20000,1200,75.458,45.857,0.898
20000,1200,78.410,21.999,0.898
20000,1200,20.050,3.899,0.897
20000,1200,66.943,3.816,0.895
20000,1200,19.689,3.657,0.897
20000,1200,42.090,26.471,0.897
20000,1200,57.680,3.677,0.897
20000,1200,19.878,3.789,0.896
20000,1200,42.285,3.674,0.899
20000,1200,18.484,3.680,0.897
20000,1200,76.874,48.020,0.898
20000,1200,74.567,37.422,0.897
20000,1200,18.954,3.764,0.898
20000,1200,58.711,42.832,0.898
20000,1200,43.459,3.699,0.899
20000,1200,19.030,3.836,0.899
20000,1200,60.744,3.701,0.899
20000,1200,18.808,3.787,0.898
20000,1200,43.232,27.679,0.899
20000,1200,60.832,3.762,0.898
20000,1200,20.505,3.824,0.899
20000,1200,43.609,28.101,0.898
20000,1200,60.548,3.711,0.898
20000,1200,67.268,10.032,0.895
20000,1200,44.179,8.624,0.898
20000,1200,18.954,3.768,0.898
20000,2000,53.642,6.488,0.898
20000,2000,71.602,6.303,0.898
20000,2000,55.249,6.430,0.899
20000,2000,72.479,6.651,0.897
20000,2000,53.930,6.393,0.897
20000,2000,86.188,6.354,0.900
20000,2000,88.716,42.799,0.897
20000,2000,79.085,6.444,0.901
20000,2000,52.561,6.324,0.899
20000,2000,71.596,6.376,0.900
20000,2000,51.828,6.160,0.899
20000,2000,70.220,6.244,0.901
20000,2000,54.354,6.290,0.898
20000,2000,88.836,6.266,0.901
20000,2000,84.157,38.476,0.898
20000,2000,70.931,6.511,0.899
20000,2000,52.464,6.445,0.898
20000,2000,72.864,47.113,0.896
20000,2000,55.189,29.993,0.898
20000,2000,70.004,45.117,0.899
20000,2000,53.130,29.177,0.898
20000,2000,111.933,50.423,0.898
20000,2000,62.915,38.544,0.898
20000,2000,70.845,46.076,0.899
20000,2000,53.106,29.062,0.897
20000,2000,82.057,57.379,0.897
20000,2000,53.060,29.240,0.897
20000,2000,83.002,58.394,0.898
20000,2000,53.839,29.694,0.899
20000,2000,125.302,51.536,0.901
20000,2000,53.567,27.553,0.898
20000,2000,70.907,46.013,0.899
20000,2000,52.775,28.713,0.898
20000,2000,69.919,45.832,0.898
20000,2000,52.774,28.709,0.897
20000,2000,73.624,48.089,0.899
20000,2000,54.136,29.690,0.898
20000,2000,113.838,50.121,0.895
20000,2000,59.269,35.438,0.899
20000,2000,70.113,45.938,0.897
20000,2000,52.837,28.479,0.898
20000,2000,79.708,55.548,0.896
20000,2000,53.274,28.717,0.899
20000,2000,71.264,46.748,0.899
20000,2000,54.307,29.691,0.898
20000,2000,128.196,49.626,0.899
20000,2000,51.799,27.665,0.900
20000,2000,70.715,46.487,0.898
20000,2000,53.005,28.645,0.898
20000,2000,69.817,45.403,0.897
20000,2000,53.332,29.052,0.898
20000,2000,71.589,46.554,0.897
20000,2000,54.250,30.003,0.899
20000,2000,113.862,52.576,0.896
20000,2000,61.735,37.957,0.897
20000,2000,68.877,44.807,0.900
20000,2000,52.920,28.424,0.897
20000,2000,74.517,49.671,0.894
20000,2000,53.828,29.209,0.898
20000,2000,71.233,45.881,0.898
20000,2000,55.652,31.203,0.897
20000,2000,133.724,62.465,0.899
20000,2000,51.842,27.701,0.899
20000,2000,71.115,46.686,0.898
20000,2000,53.304,28.742,0.899
20000,2000,73.513,47.852,0.897
20000,2000,56.064,30.411,0.899
20000,2000,70.892,46.553,0.897
20000,2000,53.621,29.596,0.898
20000,2000,125.196,51.547,0.903
20000,2000,52.129,28.029,0.898
20000,2000,70.278,45.838,0.898
20000,2000,54.193,29.292,0.898
20000,2000,70.835,46.447,0.898
20000,2000,53.373,29.282,0.898
20000,2000,71.819,46.473,0.899
20000,2000,54.062,29.662,0.899
20000,2000,128.430,55.126,0.898
20000,2000,51.296,27.322,0.898
20000,2000,70.269,45.627,0.899
20000,2000,54.626,29.399,0.897
20000,2000,71.757,47.488,0.898
20000,2000,53.505,29.551,0.899
20000,2000,72.441,46.676,0.899
20000,2000,55.643,30.011,0.897
20000,2000,125.089,57.152,0.899
20000,2000,53.846,28.254,0.898
20000,2000,72.122,47.777,0.897
20000,2000,57.075,30.030,0.898
20000,2000,97.450,48.566,0.898
20000,2000,73.541,6.218,0.899
20000,2000,53.846,6.162,0.898
20000,2000,72.537,6.039,0.897
20000,2000,106.535,18.092,0.900
20000,2000,69.962,6.081,0.899
20000,2000,53.876,6.160,0.897
20000,2000,77.752,5.989,0.900
20000,2000,56.568,6.164,0.895
20000,2000,74.185,6.301,0.897
20000,2000,54.987,6.212,0.898
20000,2000,76.175,6.137,0.898
20000,2000,104.588,16.606,0.898
20000,2000,70.882,6.095,0.898
20000,2000,54.783,6.178,0.899
20000,2000,70.646,6.129,0.897
20000,2000,54.796,6.033,0.899
20000,2000,72.323,6.115,0.898
20000,2000,57.889,6.325,0.896
20000,2000,79.927,6.119,0.900
20000,2000,102.568,16.567,0.900
20000,2000,79.668,6.008,0.899
20000,2000,55.120,6.126,0.898
20000,2000,71.691,6.020,0.899
20000,2000,55.234,6.110,0.901
20000,2000,77.916,6.162,0.901
20000,2000,58.557,6.351,0.899
20000,2000,87.448,6.165,0.901
20000,2000,98.320,16.810,0.896
20000,2000,72.019,6.168,0.898
20000,2000,53.394,6.247,0.898
20000,2000,72.016,6.206,0.899
20000,2000,53.247,6.204,0.899
20000,2000,72.773,6.254,0.898
20000,2000,55.158,6.369,0.898
20000,2000,84.512,6.358,0.901
20000,2000,92.942,38.001,0.899
20000,2000,76.631,6.042,0.897
20000,2000,52.357,5.935,0.898
20000,2000,71.622,6.004,0.900
20000,2000,55.346,6.058,0.897
20000,2000,73.360,6.108,0.899
20000,2000,54.796,6.083,0.898
20000,2000,88.800,6.339,0.900
20000,2000,88.764,39.715,0.898
20000,2000,71.506,6.066,0.899
20000,2000,52.218,6.106,0.899
20000,2000,71.661,6.110,0.899
20000,2000,53.825,6.104,0.895
20000,2000,88.504,6.095,0.900
20000,2000,87.911,41.913,0.897
20000,2000,71.122,6.209,0.897
20000,2000,52.282,5.923,0.898
20000,2000,74.737,6.072,0.899
20000,2000,55.106,6.233,0.897
20000,2000,78.002,6.195,0.901
20000,2000,53.027,6.311,0.898
20000,2000,93.202,6.103,0.900
20000,2000,86.319,40.625,0.898
20000,2000,73.194,6.404,0.899
20000,2000,52.545,6.184,0.897
20000,2000,70.132,6.130,0.898
20000,2000,52.930,6.331,0.897
20000,2000,70.851,6.273,0.897
20000,2000,52.930,6.200,0.898
20000,2000,105.182,6.206,0.899
20000,2000,66.387,42.291,0.898
20000,2000,67.739,43.451,0.898
20000,2000,52.108,28.069,0.895
20000,2000,68.403,44.277,0.897
20000,2000,52.438,28.330,0.898
20000,2000,70.038,45.332,0.898
20000,2000,52.714,28.530,0.897
20000,2000,118.799,47.589,0.898
20000,2000,54.025,30.134,0.899
20000,2000,68.923,44.394,0.899
20000,2000,51.880,27.923,0.899
20000,2000,77.684,53.277,0.897
20000,2000,52.010,27.838,0.897
20000,2000,112.197,45.461,0.898
20000,2000,58.868,34.630,0.897
20000,2000,69.247,45.014,0.899
20000,2000,52.139,28.028,0.898
20000,2000,72.671,47.598,0.897
20000,2000,53.922,28.642,0.897
20000,2000,108.734,47.458,0.900
20000,2000,62.517,38.583,0.899
20000,2000,69.555,45.104,0.897
20000,2000,51.698,27.964,0.895
20000,2000,69.608,45.061,0.898
20000,2000,52.599,28.385,0.898
20000,2000,116.306,45.848,0.899
20000,2000,54.082,30.576,0.899
20000,2000,68.746,44.288,0.900
20000,2000,51.774,27.780,0.897
20000,2000,69.747,45.312,0.898
20000,2000,52.496,28.690,0.898
20000,2000,125.734,47.250,0.900
20000,2000,50.379,26.544,0.898
20000,2000,70.001,45.868,0.898
20000,2000,53.359,28.786,0.898
20000,2000,72.178,46.548,0.898
20000,2000,55.899,29.784,0.898
20000,2000,72.335,46.793,0.899
20000,2000,55.826,30.259,0.898
20000,2000,129.336,52.036,0.899
20000,2000,50.398,26.739,0.899
20000,2000,70.098,44.944,0.897
20000,2000,52.483,28.239,0.895
20000,2000,69.039,44.811,0.898
20000,2000,52.404,28.270,0.895
20000,2000,72.475,46.363,0.898
20000,2000,54.918,29.666,0.896
20000,2000,114.877,51.151,0.899
20000,2000,61.923,37.348,0.898
20000,2000,69.449,44.976,0.898
20000,2000,52.728,28.658,0.898
20000,2000,69.621,45.481,0.898
20000,2000,53.181,29.148,0.897
20000,2000,71.010,46.748,0.898
20000,2000,53.397,29.645,0.898
20000,2000,129.213,52.303,0.900
20000,2000,52.207,28.339,0.897
20000,2000,70.953,46.152,0.897
20000,2000,52.966,28.911,0.899
20000,2000,71.921,45.658,0.898
20000,2000,54.654,30.181,0.900
20000,2000,73.421,46.755,0.902
20000,2000,54.319,30.078,0.896
20000,2000,125.658,57.849,0.898
20000,2000,53.679,29.122,0.900
20000,2000,69.379,44.810,0.899
20000,2000,93.053,29.140,0.897
20000,2000,54.573,6.367,0.896
20000,2000,73.185,6.106,0.898
20000,2000,54.585,6.054,0.897
20000,2000,72.003,5.985,0.898
20000,2000,106.665,16.462,0.901
20000,2000,70.488,6.188,0.894
20000,2000,53.560,6.143,0.899
20000,2000,76.800,6.152,0.898
20000,2000,59.498,6.107,0.895
20000,2000,74.296,6.370,0.894
20000,2000,55.060,6.079,0.897
20000,2000,78.576,6.176,0.899
20000,2000,106.124,16.399,0.902
20000,2000,71.123,6.064,0.899
20000,2000,54.459,6.169,0.897
20000,2000,71.822,6.142,0.894
20000,2000,55.065,6.265,0.897
20000,2000,74.659,6.068,0.898
20000,2000,55.275,6.043,0.899
20000,2000,78.651,6.091,0.901
20000,2000,105.083,16.389,0.899
20000,2000,72.035,6.099,0.895
20000,2000,55.093,6.173,0.899
20000,2000,73.861,6.213,0.898
20000,2000,57.704,6.393,0.899
20000,2000,75.993,6.258,0.898
20000,2000,58.111,6.008,0.898
20000,2000,82.843,6.016,0.900
20000,2000,97.927,16.425,0.899
20000,2000,72.033,5.993,0.897
20000,2000,54.791,6.045,0.900
20000,2000,73.983,6.101,0.898
20000,2000,54.448,6.152,0.895
20000,2000,83.271,6.149,0.901
20000,2000,95.849,29.169,0.898
20000,2000,72.458,6.083,0.896
20000,2000,57.568,6.154,0.898
20000,2000,73.020,6.201,0.898
20000,2000,53.564,5.995,0.899
20000,2000,83.598,6.103,0.900
20000,2000,92.423,27.627,0.898
20000,2000,71.166,6.109,0.898
20000,2000,52.522,6.036,0.897
20000,2000,72.306,6.079,0.897
20000,2000,54.568,6.006,0.897
20000,2000,84.396,6.012,0.899
20000,2000,92.551,27.886,0.898
20000,2000,70.942,6.241,0.897
20000,2000,54.447,6.149,0.898
20000,2000,74.687,6.257,0.896
20000,2000,53.819,6.048,0.899
20000,2000,84.240,6.068,0.902
20000,2000,89.136,38.043,0.897
20000,2000,70.973,6.254,0.899
20000,2000,53.924,6.247,0.898
20000,2000,71.277,6.163,0.894
20000,2000,53.966,6.205,0.898
20000,2000,86.412,6.382,0.899
20000,2000,89.478,41.327,0.898
20000,2000,69.891,6.149,0.897
20000,2000,52.451,6.094,0.896
20000,2000,70.572,6.231,0.897
20000,2000,52.441,6.229,0.897
20000,2000,90.070,6.230,0.901
20000,2000,85.574,37.021,0.898
20000,2000,71.592,6.515,0.900
20000,2000,51.611,6.201,0.899
20000,2000,69.218,5.917,0.899
20000,2000,52.257,5.908,0.899
20000,2000,101.581,5.909,0.900
20000,2000,69.939,25.690,0.899
20000,2000,69.074,5.965,0.898
20000,2000,52.283,5.999,0.894
20000,2000,70.428,5.936,0.898
20000,2000,54.702,6.040,0.898
20000,2000,90.162,5.880,0.896
20000,2000,82.400,37.875,0.897
20000,2000,70.450,5.992,0.899
20000,3000,111.497,51.498,0.899
20000,3000,127.618,9.084,0.895
20000,3000,110.638,37.405,0.900
20000,3000,66.490,9.242,0.898
20000,3000,114.576,52.178,0.898
20000,3000,129.543,9.200,0.901
20000,3000,114.553,39.971,0.897
20000,3000,64.198,8.958,0.896
20000,3000,110.314,50.318,0.897
20000,3000,117.239,9.583,0.899
20000,3000,120.787,45.903,0.899
20000,3000,64.774,9.239,0.898
20000,3000,111.924,50.434,0.900
20000,3000,114.488,9.427,0.899
20000,3000,121.800,47.840,0.900
20000,3000,65.332,9.421,0.898
20000,3000,110.863,50.593,0.898
20000,3000,111.503,9.421,0.896
20000,3000,125.324,50.826,0.899
20000,3000,63.783,9.148,0.898
20000,3000,109.614,48.848,0.897
20000,3000,98.563,9.140,0.900
20000,3000,137.961,61.574,0.900
20000,3000,62.665,8.999,0.898
20000,3000,84.494,8.955,0.900
20000,3000,119.528,32.862,0.897
20000,3000,99.787,43.158,0.897
20000,3000,101.247,48.127,0.899
20000,3000,82.161,9.058,0.899
20000,3000,105.604,32.817,0.900
20000,3000,67.112,8.911,0.898
20000,3000,157.445,60.807,0.899
20000,3000,79.824,9.044,0.899
20000,3000,106.810,32.761,0.900
20000,3000,66.652,9.133,0.898
20000,3000,157.342,60.051,0.900
20000,3000,81.066,9.323,0.900
20000,3000,108.521,33.407,0.896
20000,3000,67.091,9.316,0.898
20000,3000,160.611,59.950,0.900
20000,3000,82.812,8.955,0.901
20000,3000,111.665,35.749,0.901
20000,3000,67.197,8.828,0.898
20000,3000,167.006,60.823,0.899
20000,3000,81.593,8.795,0.900
20000,3000,110.278,33.288,0.900
20000,3000,66.353,8.954,0.898
20000,3000,161.066,53.810,0.901
20000,3000,83.373,8.748,0.901
20000,3000,107.790,32.507,0.901
20000,3000,62.384,8.727,0.897
20000,3000,135.722,8.653,0.901
20000,3000,99.689,30.163,0.898
20000,3000,65.961,8.905,0.898
20000,3000,105.019,48.654,0.898
20000,3000,133.428,9.068,0.899
20000,3000,105.055,30.865,0.899
20000,3000,68.678,9.214,0.895
20000,3000,111.135,50.932,0.898
20000,3000,125.063,9.167,0.899
20000,3000,113.379,38.051,0.901
20000,3000,67.444,9.417,0.897
20000,3000,112.342,52.005,0.899
20000,3000,119.154,8.950,0.899
20000,3000,120.175,44.681,0.899
20000,3000,64.939,9.083,0.898
20000,3000,114.888,53.357,0.899
20000,3000,111.479,9.066,0.901
20000,3000,123.558,49.480,0.900
20000,3000,62.983,8.987,0.898
20000,3000,118.157,58.767,0.899
20000,3000,98.649,9.403,0.899
20000,3000,96.251,61.798,0.897
20000,3000,101.772,48.088,0.897
20000,3000,83.542,8.985,0.902
20000,3000,118.248,32.641,0.901
20000,3000,102.734,45.593,0.898
20000,3000,100.406,48.142,0.893
20000,3000,81.058,9.020,0.899
20000,3000,118.003,33.315,0.899
20000,3000,103.417,47.155,0.897
20000,3000,102.886,50.952,0.898
20000,3000,81.692,9.344,0.900
20000,3000,105.461,32.960,0.901
20000,3000,69.078,8.986,0.897
20000,3000,162.963,66.432,0.898
20000,3000,81.292,8.844,0.899
20000,3000,107.894,33.262,0.901
20000,3000,67.769,9.362,0.894
20000,3000,160.740,58.801,0.901
20000,3000,79.267,8.887,0.897
20000,3000,107.036,33.310,0.901
20000,3000,67.021,9.276,0.898
20000,3000,162.173,57.423,0.900
20000,3000,80.755,9.022,0.900
20000,3000,107.233,32.996,0.900
20000,3000,65.974,9.119,0.898
20000,3000,160.734,54.784,0.896
20000,3000,81.588,9.220,0.899
20000,3000,107.223,32.743,0.900
20000,3000,65.181,9.124,0.897
20000,3000,163.371,55.065,0.902
20000,3000,82.429,9.316,0.900
20000,3000,109.652,34.084,0.900
20000,3000,67.404,9.543,0.897
20000,3000,165.259,55.100,0.899
20000,3000,81.590,9.294,0.899
20000,3000,109.654,33.739,0.900
20000,3000,64.683,9.219,0.897
20000,3000,161.933,52.766,0.898
20000,3000,81.931,9.411,0.902
20000,3000,105.604,31.967,0.900
20000,3000,64.549,9.082,0.898
20000,3000,157.850,50.413,0.900
20000,3000,78.760,8.979,0.897
20000,3000,66.953,32.166,0.899
20000,3000,103.854,49.608,0.897
20000,3000,139.998,9.000,0.897
20000,3000,103.689,31.516,0.898
20000,3000,68.617,9.239,0.899
20000,3000,103.488,49.789,0.898
20000,3000,134.196,9.219,0.899
20000,3000,104.093,31.613,0.901
20000,3000,66.848,9.205,0.899
20000,3000,102.717,49.596,0.898
20000,3000,135.235,9.373,0.896
20000,3000,104.356,31.058,0.900
20000,3000,65.925,8.918,0.896
20000,3000,107.372,49.698,0.896
20000,3000,123.759,8.712,0.900
20000,3000,112.055,37.575,0.899
20000,3000,67.238,8.871,0.899
20000,3000,108.659,50.089,0.898
20000,3000,113.885,8.793,0.899
20000,3000,121.012,46.227,0.901
20000,3000,64.237,8.925,0.898
20000,3000,109.850,49.247,0.899
20000,3000,111.530,9.160,0.896
20000,3000,124.497,49.644,0.899
20000,3000,62.614,8.725,0.896
20000,3000,85.460,8.831,0.901
20000,3000,120.522,33.029,0.900
20000,3000,99.659,43.344,0.898
20000,3000,106.067,52.880,0.897
20000,3000,82.519,8.873,0.901
20000,3000,118.431,33.757,0.900
20000,3000,109.877,49.782,0.899
20000,3000,108.852,51.319,0.898
20000,3000,83.099,9.266,0.900
20000,3000,113.605,34.570,0.901
20000,3000,70.300,10.867,0.897
20000,3000,168.310,58.586,0.900
20000,3000,83.477,9.139,0.900
20000,3000,110.072,34.019,0.901
20000,3000,66.001,8.994,0.897
20000,3000,164.468,56.399,0.899
20000,3000,82.690,9.220,0.900
20000,3000,110.885,34.043,0.898
20000,3000,66.285,9.332,0.898
20000,3000,163.573,55.389,0.898
20000,3000,82.210,9.235,0.900
20000,3000,68.022,32.279,0.896
20000,3000,105.752,51.056,0.898
20000,3000,131.304,9.051,0.899
20000,3000,107.366,32.630,0.900
20000,3000,70.510,9.311,0.898
20000,3000,110.437,54.379,0.899
20000,3000,140.831,9.454,0.898
20000,3000,106.290,31.736,0.897
20000,3000,71.333,9.645,0.899
20000,3000,110.787,53.763,0.898
20000,3000,142.292,9.249,0.901
20000,3000,106.759,32.344,0.899
20000,3000,72.866,9.571,0.898
20000,3000,111.349,52.072,0.894
20000,3000,135.528,9.148,0.899
20000,3000,108.958,32.202,0.901
20000,3000,68.995,9.270,0.894
20000,3000,114.637,52.316,0.898
20000,3000,128.251,9.477,0.901
20000,3000,122.757,44.255,0.900
20000,3000,69.250,9.480,0.898
20000,3000,123.860,61.120,0.899
20000,3000,126.564,9.568,0.897
20000,3000,124.073,46.500,0.900
20000,3000,65.046,9.136,0.899
20000,3000,110.805,50.621,0.898
20000,3000,119.129,9.277,0.897
20000,3000,124.026,46.275,0.901
20000,3000,67.871,9.566,0.899
20000,3000,116.007,54.319,0.898
20000,3000,117.182,9.667,0.901
20000,3000,119.951,45.998,0.899
20000,3000,64.451,9.134,0.897
20000,3000,112.116,49.692,0.898
20000,3000,113.054,9.491,0.901
20000,3000,123.072,49.674,0.900
20000,3000,63.403,9.293,0.896
20000,3000,109.592,49.823,0.898
20000,3000,98.479,9.378,0.900
20000,3000,137.285,63.294,0.899
20000,3000,66.330,9.658,0.899
20000,3000,113.681,52.359,0.897
20000,3000,100.658,9.710,0.901
20000,3000,134.787,62.576,0.900
20000,3000,63.470,9.518,0.898
20000,3000,114.312,53.598,0.897
20000,3000,113.882,9.746,0.902
20000,3000,122.798,51.013,0.900
20000,3000,63.825,9.095,0.898
20000,3000,110.389,49.066,0.898
20000,3000,99.191,9.556,0.900
20000,3000,137.419,64.380,0.900
20000,3000,66.529,9.758,0.898
20000,3000,112.744,52.292,0.897
20000,3000,97.684,9.019,0.901
20000,3000,99.207,64.294,0.898
20000,3000,102.086,48.616,0.895
20000,3000,83.683,8.791,0.902
20000,3000,117.799,33.010,0.900
20000,3000,107.313,50.000,0.898
20000,3000,115.383,58.409,0.898
20000,3000,82.369,8.862,0.900
20000,3000,114.516,35.687,0.898
20000,3000,67.537,9.168,0.898
20000,3000,168.544,61.138,0.900
20000,3000,82.032,8.704,0.900
20000,3000,111.854,33.971,0.901
20000,3000,67.282,9.032,0.898
20000,3000,165.046,54.790,0.900
20000,3000,79.784,9.059,0.897
20000,3000,109.262,32.389,0.901
20000,3000,63.665,8.795,0.899
20000,3000,142.775,60.825,0.902
20000,3000,104.570,31.666,0.896
20000,3000,67.059,9.078,0.897
20000,3000,102.325,48.869,0.899
20000,3000,135.725,8.806,0.898
20000,3000,104.820,32.180,0.900
20000,3000,68.928,9.151,0.897
20000,3000,108.445,50.462,0.898
20000,3000,135.466,9.017,0.899
20000,3000,111.527,35.635,0.901
20000,3000,66.048,9.113,0.897
20000,3000,109.195,50.533,0.898
20000,3000,128.534,9.153,0.900
20000,3000,116.889,41.066,0.899
20000,3000,65.601,9.167,0.897
20000,3000,114.028,54.696,0.898
20000,3000,116.532,9.203,0.901
20000,3000,124.665,49.758,0.901
20000,3000,64.667,9.164,0.899
20000,3000,110.514,49.630,0.898
20000,3000,118.333,9.481,0.899
20000,3000,121.226,47.309,0.901
20000,3000,64.093,9.327,0.896
20000,3000,119.312,51.440,0.900
20000,3000,116.428,9.864,0.896
20000,3000,120.920,47.555,0.901
20000,3000,62.786,8.971,0.897
20000,3000,110.668,50.215,0.898
20000,3000,99.794,9.213,0.899
20000,3000,98.738,63.881,0.896
20000,3000,106.864,53.720,0.897
20000,3000,86.092,8.958,0.900
20000,3000,119.494,33.183,0.900
20000,3000,105.591,47.995,0.898
20000,3000,102.370,49.470,0.898
20000,3000,83.185,9.293,0.901
20000,3000,106.760,33.191,0.899
20000,3000,68.692,9.107,0.897
20000,3000,167.062,66.049,0.900
20000,3000,81.841,9.141,0.899
20000,3000,108.820,33.450,0.899
20000,3000,66.785,9.167,0.899
20000,3000,166.082,60.444,0.900
20000,3000,83.150,9.294,0.900
20000,3000,110.898,34.131,0.897
20000,3000,70.585,9.816,0.899
20000,3000,169.881,63.025,0.900
20000,3000,84.277,9.208,0.899
20000,3000,110.725,33.792,0.899
20000,3000,69.823,9.435,0.898
20000,3000,167.376,61.988,0.901
20000,3000,84.061,8.938,0.901
20000,3000,113.199,34.420,0.901
20000,3000,69.265,9.193,0.899
20000,3000,169.123,59.648,0.900
20000,3000,84.602,9.099,0.903
20000,3000,109.880,33.464,0.896
20000,3000,65.438,9.275,0.897
20000,3000,165.200,54.888,0.899
20000,3000,82.505,9.178,0.900
20000,3000,108.375,32.597,0.900
20000,3000,65.395,9.195,0.898
20000,3000,162.095,54.481,0.900
20000,3000,83.105,9.604,0.899
20000,3000,111.201,33.310,0.896
20000,3000,64.561,9.279,0.899
20000,3000,142.915,51.034,0.901
20000,5000,129.513,42.204,0.900
20000,5000,197.905,40.096,0.900
20000,5000,120.925,52.353,0.898
20000,5000,181.104,58.342,0.899
20000,5000,184.728,51.605,0.899
20000,5000,127.119,40.711,0.900
20000,5000,200.396,41.380,0.901
20000,5000,122.084,50.833,0.898
20000,5000,135.358,56.242,0.900
20000,5000,231.042,84.278,0.903
20000,5000,127.168,40.576,0.896
20000,5000,206.697,41.984,0.900
20000,5000,117.085,51.160,0.897
20000,5000,132.183,54.924,0.900
20000,5000,182.858,57.371,0.900
20000,5000,170.877,83.990,0.902
20000,5000,153.298,40.520,0.900
20000,5000,123.904,14.727,0.896
20000,5000,190.360,62.077,0.901
20000,5000,175.978,57.878,0.900
20000,5000,161.937,14.473,0.900
20000,5000,151.180,63.368,0.896
20000,5000,152.656,39.714,0.902
20000,5000,125.165,53.370,0.899
20000,5000,233.697,72.817,0.902
20000,5000,127.784,14.738,0.899
20000,5000,181.594,41.549,0.899
20000,5000,150.580,38.468,0.901
20000,5000,121.396,52.299,0.897
20000,5000,191.146,68.509,0.900
20000,5000,169.262,55.521,0.898
20000,5000,174.050,41.186,0.901
20000,5000,152.585,39.976,0.899
20000,5000,125.662,15.152,0.900
20000,5000,186.219,65.903,0.900
20000,5000,172.492,57.286,0.902
20000,5000,173.386,41.895,0.900
20000,5000,155.206,42.928,0.898
20000,5000,122.368,15.326,0.899
20000,5000,186.402,65.359,0.901
20000,5000,173.171,56.877,0.900
20000,5000,172.876,41.243,0.899
20000,5000,156.699,45.339,0.900
20000,5000,124.372,14.711,0.899
20000,5000,133.259,53.845,0.901
20000,5000,243.334,82.863,0.902
20000,5000,138.260,42.042,0.901
20000,5000,211.601,43.687,0.900
20000,5000,126.810,15.546,0.901
20000,5000,132.066,54.447,0.900
20000,5000,184.922,59.108,0.900
20000,5000,182.521,91.520,0.903
20000,5000,156.898,42.656,0.900
20000,5000,128.855,14.816,0.899
20000,5000,193.570,67.792,0.899
20000,5000,180.464,59.357,0.899
20000,5000,168.960,41.875,0.900
20000,5000,146.012,54.719,0.897
20000,5000,153.713,39.792,0.900
20000,5000,132.468,55.056,0.900
20000,5000,245.320,82.003,0.901
20000,5000,128.656,40.251,0.900
20000,5000,192.023,44.164,0.900
20000,5000,147.463,37.873,0.901
20000,5000,132.031,54.748,0.901
20000,5000,191.003,62.250,0.900
20000,5000,182.114,91.352,0.900
20000,5000,132.764,42.638,0.902
20000,5000,156.945,40.456,0.901
20000,5000,189.874,61.804,0.900
20000,5000,182.100,58.921,0.900
20000,5000,147.539,14.795,0.900
20000,5000,171.244,79.465,0.901
20000,5000,160.167,42.159,0.900
20000,5000,123.929,54.060,0.898
20000,5000,189.099,67.007,0.898
20000,5000,171.879,56.501,0.901
20000,5000,173.516,41.445,0.896
20000,5000,152.439,40.362,0.902
20000,5000,125.801,14.723,0.902
20000,5000,189.025,66.311,0.899
20000,5000,174.642,57.371,0.899
20000,5000,171.683,41.343,0.900
20000,5000,158.795,45.753,0.901
20000,5000,125.651,14.820,0.900
20000,5000,130.430,54.120,0.899
20000,5000,240.294,80.491,0.901
20000,5000,125.569,39.991,0.899
20000,5000,205.373,42.991,0.899
20000,5000,123.818,15.623,0.901
20000,5000,131.741,54.687,0.900
20000,5000,188.059,60.045,0.900
20000,5000,177.159,89.269,0.902
20000,5000,154.000,41.933,0.901
20000,5000,127.077,14.916,0.899
20000,5000,185.666,63.305,0.900
20000,5000,177.316,58.572,0.900
20000,5000,163.118,40.525,0.898
20000,5000,141.361,54.230,0.900
20000,5000,150.090,38.958,0.900
20000,5000,130.387,54.164,0.899
20000,5000,238.853,77.270,0.902
20000,5000,127.107,38.951,0.899
20000,5000,183.728,42.844,0.901
20000,5000,149.580,38.353,0.899
20000,5000,128.810,53.022,0.899
20000,5000,186.772,59.895,0.901
20000,5000,188.547,71.879,0.895
20000,5000,127.564,40.578,0.900
20000,5000,206.022,40.890,0.901
20000,5000,121.338,52.703,0.898
20000,5000,182.860,57.821,0.900
20000,5000,186.918,68.585,0.900
20000,5000,126.692,40.679,0.899
20000,5000,206.140,41.699,0.900
20000,5000,119.223,51.862,0.898
20000,5000,185.982,59.875,0.900
20000,5000,189.311,71.879,0.896
20000,5000,127.813,41.337,0.900
20000,5000,208.046,40.145,0.900
20000,5000,118.828,51.271,0.895
20000,5000,135.346,56.039,0.900
20000,5000,233.038,83.242,0.901
20000,5000,124.286,39.347,0.899
20000,5000,206.543,41.792,0.900
20000,5000,125.692,14.893,0.900
20000,5000,130.339,53.322,0.900
20000,5000,187.915,59.899,0.901
20000,5000,184.171,69.698,0.901
20000,5000,126.581,41.111,0.900
20000,5000,209.473,40.655,0.900
20000,5000,122.905,52.520,0.896
20000,5000,187.391,58.565,0.900
20000,5000,182.172,61.579,0.900
20000,5000,126.528,40.007,0.899
20000,5000,200.391,41.039,0.900
20000,5000,119.658,14.754,0.901
20000,5000,129.288,53.921,0.897
20000,5000,228.482,81.464,0.900
20000,5000,128.452,40.139,0.900
20000,5000,205.637,43.219,0.901
20000,5000,123.223,15.375,0.899
20000,5000,131.181,52.945,0.900
20000,5000,230.335,82.262,0.902
20000,5000,126.083,40.905,0.899
20000,5000,203.937,41.013,0.900
20000,5000,122.162,14.660,0.901
20000,5000,130.937,53.619,0.900
20000,5000,229.461,80.483,0.900
20000,5000,126.230,39.339,0.899
20000,5000,197.925,41.345,0.900
20000,5000,120.143,14.807,0.899
20000,5000,130.288,52.518,0.900
20000,5000,184.789,59.019,0.900
20000,5000,169.848,83.707,0.902
20000,5000,153.122,41.576,0.900
20000,5000,125.343,15.398,0.899
20000,5000,183.280,64.660,0.897
20000,5000,171.478,56.447,0.898
20000,5000,170.105,41.261,0.900
20000,5000,154.820,44.313,0.901
20000,5000,122.771,15.517,0.901
20000,5000,183.865,64.918,0.900
20000,5000,169.849,56.112,0.900
20000,5000,171.024,41.158,0.900
20000,5000,154.737,41.854,0.901
20000,5000,130.146,15.680,0.901
20000,5000,187.345,66.050,0.902
20000,5000,171.602,56.909,0.900
20000,5000,177.029,43.676,0.900
20000,5000,148.360,39.672,0.901
20000,5000,121.106,50.265,0.898
20000,5000,187.525,66.158,0.901
20000,5000,169.851,55.898,0.899
20000,5000,170.387,40.695,0.899
20000,5000,152.686,42.197,0.900
20000,5000,125.656,14.639,0.900
20000,5000,128.651,53.491,0.899
20000,5000,236.257,76.258,0.902
20000,5000,126.859,14.464,0.900
20000,5000,176.567,40.914,0.900
20000,5000,148.581,37.033,0.900
20000,5000,120.715,52.187,0.898
20000,5000,231.227,72.630,0.903
20000,5000,126.199,14.366,0.902
20000,5000,176.010,41.240,0.900
20000,5000,147.886,38.199,0.901
20000,5000,119.751,51.898,0.899
20000,5000,189.699,68.553,0.900
20000,5000,168.569,55.596,0.900
20000,5000,170.657,41.237,0.899
20000,5000,149.386,39.201,0.900
20000,5000,120.114,51.079,0.899
20000,5000,185.570,66.038,0.899
20000,5000,171.348,58.406,0.900
20000,5000,173.207,41.224,0.901
20000,5000,147.452,39.237,0.899
20000,5000,117.307,51.829,0.894
20000,5000,186.187,68.331,0.900
20000,5000,169.560,56.228,0.899
20000,5000,175.578,41.117,0.899
20000,5000,147.747,38.795,0.899
20000,5000,122.498,15.055,0.902
20000,5000,183.153,63.888,0.901
20000,5000,169.479,56.638,0.900
20000,5000,171.388,40.757,0.900
20000,5000,154.303,40.631,0.898
20000,5000,121.557,51.429,0.896
20000,5000,184.658,64.858,0.897
20000,5000,169.352,56.397,0.899
20000,5000,173.113,41.521,0.897
20000,5000,148.096,39.373,0.900
20000,5000,119.585,51.474,0.898
20000,5000,189.567,68.545,0.900
20000,5000,167.831,55.646,0.901
20000,5000,175.376,41.332,0.899
20000,5000,147.965,39.117,0.900
20000,5000,122.411,52.034,0.895
20000,5000,179.812,57.397,0.901
20000,5000,187.111,73.944,0.900
20000,5000,127.272,41.008,0.901
20000,5000,194.579,40.742,0.900
20000,5000,120.170,51.777,0.897
20000,5000,179.987,56.937,0.900
20000,5000,182.895,69.594,0.899
20000,5000,124.081,39.556,0.899
20000,5000,194.859,40.461,0.900
20000,5000,120.871,15.216,0.901
20000,5000,132.355,53.758,0.900
20000,5000,232.073,79.267,0.903
20000,5000,124.372,39.481,0.900
20000,5000,179.892,41.427,0.900
20000,5000,143.875,36.152,0.900
20000,5000,123.073,52.138,0.899
20000,5000,183.131,59.134,0.901
20000,5000,174.592,65.754,0.901
20000,5000,126.863,40.211,0.900
20000,5000,195.873,41.109,0.898
20000,5000,121.787,51.654,0.897
20000,5000,180.163,57.424,0.901
20000,5000,184.618,63.559,0.899
20000,5000,127.316,40.673,0.901
20000,5000,198.725,42.099,0.900
20000,5000,117.562,51.013,0.899
20000,5000,136.131,54.656,0.900
20000,5000,228.182,81.846,0.901
20000,5000,124.670,39.793,0.900
20000,5000,205.077,41.407,0.900
20000,5000,115.679,49.911,0.898
20000,5000,132.973,54.525,0.900
20000,5000,186.045,58.860,0.900
20000,5000,172.521,83.300,0.902
20000,5000,155.761,41.536,0.898
20000,5000,122.079,15.016,0.901
20000,5000,183.244,63.522,0.900
20000,5000,171.329,56.163,0.900
20000,5000,170.518,40.224,0.901
20000,5000,153.960,42.312,0.896
20000,5000,124.550,15.263,0.899
20000,5000,188.290,65.045,0.901
20000,5000,171.682,57.868,0.900
20000,5000,170.775,41.414,0.899
20000,5000,151.704,41.864,0.901
20000,5000,122.968,14.588,0.900
20000,5000,182.287,61.451,0.901
20000,5000,174.860,58.087,0.900
20000,5000,165.591,40.618,0.900
20000,5000,132.476,46.848,0.896
20000,5000,150.121,38.856,0.899
20000,5000,134.225,54.198,0.899
20000,5000,235.015,79.312,0.902
20000,5000,122.933,38.608,0.901
20000,5000,179.172,42.049,0.899
20000,5000,144.721,36.782,0.901
20000,5000,129.331,52.761,0.900
20000,5000,184.210,59.666,0.899
20000,5000,175.113,90.161,0.901
20000,5000,127.716,41.338,0.898
20000,5000,192.728,39.164,0.898
20000,5000,118.982,51.143,0.898
20000,5000,179.221,57.639,0.901
20000,5000,181.966,62.094,0.900
20000,5000,126.609,41.328,0.899
20000,5000,200.086,40.290,0.899
20000,5000,121.289,14.458,0.900
20000,5000,132.407,54.310,0.900
20000,5000,230.077,80.570,0.902
20000,5000,124.298,39.397,0.900
20000,5000,205.323,41.707,0.899
20000,5000,120.141,14.585,0.899
20000,5000,125.178,51.971,0.899
20000,5000,183.150,59.760,0.902
20000,5000,175.701,89.591,0.902
20000,5000,128.353,41.504,0.898
20000,5000,196.234,39.455,0.899
20000,5000,121.862,52.193,0.898
20000,5000,183.696,58.298,0.900
20000,5000,177.836,67.224,0.894
20000,5000,127.109,41.782,0.899
20000,5000,197.195,40.408,0.901
20000,7000,253.835,51.546,0.900
20000,7000,176.089,43.969,0.901
20000,7000,235.160,69.309,0.899
20000,7000,162.981,47.860,0.899
20000,7000,259.129,121.811,0.902
20000,7000,248.496,73.749,0.900
20000,7000,179.365,56.749,0.902
20000,7000,167.130,49.715,0.899
20000,7000,285.866,122.073,0.903
20000,7000,227.168,48.931,0.899
20000,7000,184.866,57.805,0.900
20000,7000,166.707,50.589,0.899
20000,7000,277.099,145.058,0.901
20000,7000,224.963,61.942,0.900
20000,7000,174.488,48.579,0.899
20000,7000,231.989,89.279,0.901
20000,7000,273.758,138.768,0.902
20000,7000,195.651,56.554,0.897
20000,7000,201.411,78.890,0.900
20000,7000,192.043,57.817,0.899
20000,7000,261.770,76.637,0.899
20000,7000,175.091,52.824,0.900
20000,7000,220.541,45.573,0.899
20000,7000,184.293,47.925,0.899
20000,7000,251.309,60.388,0.900
20000,7000,211.314,71.501,0.899
20000,7000,190.738,55.221,0.899
20000,7000,217.580,88.483,0.902
20000,7000,190.945,59.066,0.901
20000,7000,223.427,53.098,0.901
20000,7000,218.849,83.210,0.896
20000,7000,234.149,68.923,0.899
20000,7000,169.682,47.517,0.899
20000,7000,251.013,111.407,0.901
20000,7000,253.891,74.047,0.901
20000,7000,176.607,55.551,0.900
20000,7000,171.196,48.513,0.900
20000,7000,255.213,120.545,0.901
20000,7000,254.082,71.560,0.902
20000,7000,178.595,55.322,0.899
20000,7000,176.535,48.767,0.901
20000,7000,255.015,99.684,0.902
20000,7000,256.851,73.408,0.901
20000,7000,172.763,54.249,0.898
20000,7000,179.728,48.515,0.898
20000,7000,234.479,88.487,0.899
20000,7000,273.795,139.530,0.901
20000,7000,181.079,53.897,0.898
20000,7000,220.509,91.417,0.898
20000,7000,175.732,50.502,0.900
20000,7000,256.502,109.897,0.902
20000,7000,259.106,73.379,0.899
20000,7000,178.640,55.955,0.901
20000,7000,225.193,50.478,0.901
20000,7000,192.926,59.460,0.900
20000,7000,257.598,73.652,0.900
20000,7000,175.378,54.033,0.900
20000,7000,226.117,47.674,0.896
20000,7000,188.733,58.952,0.899
20000,7000,219.575,49.857,0.901
20000,7000,214.106,81.318,0.901
20000,7000,229.315,65.476,0.903
20000,7000,172.302,47.142,0.901
20000,7000,245.456,81.551,0.901
20000,7000,261.123,74.354,0.901
20000,7000,173.504,54.069,0.899
20000,7000,179.287,47.632,0.901
20000,7000,235.180,71.207,0.903
20000,7000,275.476,117.146,0.901
20000,7000,177.563,44.651,0.899
20000,7000,229.137,67.838,0.899
20000,7000,168.630,48.646,0.900
20000,7000,256.126,113.854,0.902
20000,7000,255.469,74.953,0.900
20000,7000,175.842,54.791,0.902
20000,7000,228.589,48.904,0.899
20000,7000,193.184,58.697,0.901
20000,7000,261.957,76.427,0.900
20000,7000,174.076,53.919,0.899
20000,7000,179.782,48.132,0.900
20000,7000,232.468,75.595,0.900
20000,7000,278.644,139.510,0.901
20000,7000,187.783,55.401,0.899
20000,7000,216.452,87.022,0.902
20000,7000,188.916,58.497,0.900
20000,7000,261.930,76.525,0.903
20000,7000,174.066,54.630,0.900
20000,7000,220.834,46.565,0.900
20000,7000,175.127,48.444,0.900
20000,7000,244.806,59.883,0.900
20000,7000,205.421,70.000,0.900
20000,7000,193.556,56.134,0.900
20000,7000,205.893,84.726,0.901
20000,7000,197.538,60.382,0.899
20000,7000,261.603,75.064,0.898
20000,7000,175.658,53.359,0.899
20000,7000,224.565,46.708,0.900
20000,7000,181.651,48.695,0.897
20000,7000,249.254,60.241,0.899
20000,7000,207.243,70.066,0.901
20000,7000,187.596,54.783,0.899
20000,7000,219.057,89.222,0.901
20000,7000,199.390,63.551,0.901
20000,7000,262.554,52.254,0.905
20000,7000,180.467,46.413,0.900
20000,7000,237.960,71.925,0.901
20000,7000,170.263,48.333,0.900
20000,7000,253.489,117.501,0.903
20000,7000,248.649,72.319,0.901
20000,7000,181.719,56.815,0.899
20000,7000,221.306,50.740,0.901
20000,7000,196.867,59.432,0.900
20000,7000,254.331,73.891,0.902
20000,7000,178.576,55.665,0.901
20000,7000,224.238,47.818,0.900
20000,7000,194.857,61.459,0.900
20000,7000,264.959,77.024,0.901
20000,7000,177.707,55.604,0.899
20000,7000,230.165,50.282,0.899
20000,7000,187.990,58.591,0.900
20000,7000,266.113,78.043,0.900
20000,7000,176.239,55.800,0.899
20000,7000,226.976,49.193,0.901
20000,7000,194.228,59.369,0.901
20000,7000,264.419,75.649,0.902
20000,7000,176.490,54.263,0.900
20000,7000,225.769,49.577,0.899
20000,7000,187.042,58.162,0.898
20000,7000,264.407,76.312,0.902
20000,7000,175.002,54.544,0.900
20000,7000,222.365,47.309,0.898
20000,7000,189.729,57.506,0.898
20000,7000,221.269,51.639,0.899
20000,7000,220.443,85.197,0.900
20000,7000,238.348,64.334,0.900
20000,7000,180.193,48.288,0.901
20000,7000,233.581,71.535,0.902
20000,7000,251.630,109.356,0.902
20000,7000,257.267,75.159,0.901
20000,7000,175.903,54.456,0.900
20000,7000,228.216,47.719,0.902
20000,7000,187.815,58.314,0.901
20000,7000,256.051,86.956,0.901
20000,7000,174.113,44.711,0.899
20000,7000,233.014,68.581,0.900
20000,7000,163.267,47.705,0.900
20000,7000,253.705,119.243,0.902
20000,7000,251.387,74.428,0.901
20000,7000,180.144,56.029,0.901
20000,7000,221.570,51.205,0.900
20000,7000,195.750,59.228,0.900
20000,7000,258.296,75.465,0.901
20000,7000,177.354,54.975,0.900
20000,7000,226.345,50.634,0.901
20000,7000,191.837,58.820,0.901
20000,7000,262.945,74.685,0.901
20000,7000,174.215,53.227,0.901
20000,7000,224.462,47.172,0.897
20000,7000,191.599,59.953,0.900
20000,7000,220.333,50.974,0.901
20000,7000,217.701,83.072,0.901
20000,7000,231.383,67.527,0.902
20000,7000,174.148,47.411,0.901
20000,7000,248.728,97.164,0.901
20000,7000,256.366,72.998,0.903
20000,7000,175.450,54.901,0.901
20000,7000,225.467,49.550,0.899
20000,7000,193.875,58.395,0.901
20000,7000,262.830,76.196,0.902
20000,7000,173.136,52.562,0.900
20000,7000,226.430,47.033,0.899
20000,7000,180.549,48.015,0.899
20000,7000,249.959,59.327,0.899
20000,7000,206.511,70.041,0.901
20000,7000,185.706,53.145,0.901
20000,7000,221.069,91.650,0.902
20000,7000,190.582,59.348,0.899
20000,7000,222.179,52.197,0.897
20000,7000,215.068,80.872,0.901
20000,7000,235.096,66.180,0.900
20000,7000,174.379,48.366,0.900
20000,7000,254.556,99.518,0.902
20000,7000,259.433,75.326,0.900
20000,7000,174.564,54.944,0.901
20000,7000,228.017,48.757,0.901
20000,7000,188.802,59.251,0.901
20000,7000,260.803,74.136,0.901
20000,7000,174.247,53.413,0.901
20000,7000,228.292,47.473,0.900
20000,7000,186.055,58.733,0.901
20000,7000,265.318,75.281,0.902
20000,7000,173.754,54.477,0.899
20000,7000,221.391,47.331,0.899
20000,7000,185.631,57.891,0.899
20000,7000,259.445,86.617,0.901
20000,7000,175.068,44.586,0.901
20000,7000,226.810,48.254,0.900
20000,7000,183.712,57.478,0.898
20000,7000,266.107,75.716,0.904
20000,7000,175.188,54.520,0.900
20000,7000,221.566,47.421,0.900
20000,7000,184.564,57.685,0.900
20000,7000,256.568,51.386,0.900
20000,7000,177.788,44.865,0.902
20000,7000,234.998,71.946,0.902
20000,7000,168.443,47.669,0.901
20000,7000,254.278,98.589,0.901
20000,7000,257.587,73.030,0.899
20000,7000,174.092,54.140,0.900
20000,7000,222.277,47.136,0.898
20000,7000,172.137,58.986,0.899
20000,7000,250.310,60.985,0.900
20000,7000,202.576,69.245,0.900
20000,7000,188.249,54.544,0.899
20000,7000,219.103,89.651,0.901
20000,7000,189.487,58.812,0.899
20000,7000,258.978,51.197,0.901
20000,7000,180.248,47.091,0.897
20000,7000,230.714,68.675,0.900
20000,7000,165.793,47.334,0.901
20000,7000,251.742,108.673,0.902
20000,7000,251.250,72.703,0.900
20000,7000,175.534,55.720,0.902
20000,7000,220.345,49.221,0.901
20000,7000,193.148,58.813,0.899
20000,7000,255.013,72.813,0.901
20000,7000,176.604,54.335,0.900
20000,7000,228.088,48.456,0.900
20000,7000,193.990,59.185,0.899
20000,7000,264.184,76.116,0.903
20000,7000,175.467,54.852,0.900
20000,7000,224.539,48.215,0.901
20000,7000,191.312,59.965,0.899
20000,7000,260.693,76.038,0.900
20000,7000,175.535,53.825,0.900
20000,7000,226.600,48.070,0.900
20000,7000,186.067,58.765,0.898
20000,7000,261.307,75.234,0.901
20000,7000,171.606,52.715,0.901
20000,7000,222.299,47.286,0.900
20000,7000,184.997,58.095,0.901
20000,7000,265.184,76.808,0.900
20000,7000,177.986,57.121,0.900
20000,7000,223.943,46.906,0.899
20000,7000,172.119,57.344,0.900
20000,7000,247.854,59.440,0.901
20000,7000,206.242,70.553,0.904
20000,7000,185.750,53.904,0.901
20000,7000,214.863,89.054,0.901
20000,7000,168.508,57.790,0.900
20000,7000,259.582,123.137,0.901
20000,7000,248.948,70.880,0.902
20000,7000,179.398,55.743,0.900
20000,7000,230.460,49.372,0.900
20000,7000,187.901,57.591,0.901
20000,7000,266.991,77.397,0.900
20000,7000,173.976,53.935,0.899
20000,7000,226.271,47.948,0.897
20000,7000,187.790,57.920,0.898
20000,7000,267.556,76.995,0.900
20000,7000,172.569,53.289,0.900
20000,7000,223.292,48.253,0.899
20000,7000,186.397,57.662,0.900
20000,7000,254.710,50.785,0.901
20000,7000,178.821,45.088,0.900
20000,7000,232.652,68.872,0.900
20000,7000,167.562,47.446,0.901
20000,7000,253.977,118.291,0.901
20000,7000,251.516,73.440,0.901
20000,7000,178.060,55.693,0.900
20000,7000,227.874,50.203,0.899
20000,7000,190.040,58.677,0.900
20000,7000,260.303,73.712,0.901
20000,7000,172.705,52.631,0.899
20000,7000,225.664,47.337,0.900
20000,7000,186.452,57.962,0.900
20000,7000,261.098,85.487,0.897
20000,7000,178.828,46.200,0.896
20000,7000,237.158,72.797,0.900
20000,7000,163.726,48.314,0.901
20000,7000,279.652,143.367,0.901
20000,7000,228.652,60.174,0.901
20000,7000,177.071,45.931,0.900
20000,7000,242.858,75.323,0.902
20000,7000,165.711,49.101,0.899
20000,7000,281.547,143.771,0.901
20000,7000,181.368,54.029,0.900
20000,7000,219.207,89.365,0.902
20000,7000,174.056,49.068,0.900
20000,7000,253.553,103.517,0.903
20000,7000,251.950,71.466,0.902
20000,7000,174.119,54.219,0.899
20000,7000,229.279,47.530,0.900
20000,7000,188.453,58.593,0.899
20000,7000,268.497,76.788,0.897
20000,7000,174.249,54.326,0.899
20000,7000,223.888,47.835,0.900
20000,7000,185.394,58.276,0.894
20000,7000,261.829,75.677,0.896
20000,7000,172.978,53.837,0.901
20000,10000,306.929,98.789,0.902
20000,10000,221.044,63.711,0.900
20000,10000,291.885,104.748,0.902
20000,10000,303.660,97.494,0.897
20000,10000,239.824,55.593,0.901
20000,10000,320.682,114.106,0.902
20000,10000,263.540,64.520,0.900
20000,10000,238.900,98.936,0.902
20000,10000,318.749,119.440,0.903
20000,10000,287.360,97.873,0.901
20000,10000,258.571,97.582,0.903
20000,10000,289.222,56.450,0.900
20000,10000,303.565,99.650,0.901
20000,10000,223.027,65.175,0.899
20000,10000,294.038,109.673,0.901
20000,10000,291.298,97.153,0.900
20000,10000,240.156,98.457,0.904
20000,10000,313.287,116.539,0.902
20000,10000,289.155,97.590,0.902
20000,10000,258.228,96.643,0.901
20000,10000,288.125,57.930,0.899
20000,10000,309.146,102.933,0.899
20000,10000,236.085,55.304,0.900
20000,10000,321.892,114.564,0.902
20000,10000,268.173,63.760,0.900
20000,10000,237.631,99.291,0.896
20000,10000,313.756,114.896,0.901
20000,10000,282.490,54.886,0.899
20000,10000,235.734,99.074,0.900
20000,10000,316.865,120.799,0.902
20000,10000,287.216,98.431,0.900
20000,10000,253.109,93.478,0.902
20000,10000,294.511,56.749,0.900
20000,10000,314.995,102.220,0.901
20000,10000,222.858,65.333,0.899
20000,10000,292.502,105.480,0.900
20000,10000,305.020,98.971,0.900
20000,10000,239.202,98.892,0.901
20000,10000,316.707,113.722,0.897
20000,10000,264.861,55.589,0.899
20000,10000,241.363,112.407,0.900
20000,10000,311.782,120.174,0.902
20000,10000,290.463,99.586,0.902
20000,10000,253.089,94.477,0.898
20000,10000,292.757,101.866,0.901
20000,10000,305.794,100.049,0.902
20000,10000,235.685,55.392,0.901
20000,10000,315.592,111.180,0.901
20000,10000,274.620,65.801,0.900
20000,10000,230.774,101.210,0.902
20000,10000,313.209,120.058,0.900
20000,10000,280.746,96.681,0.902
20000,10000,249.582,91.702,0.896
20000,10000,276.452,88.424,0.902
20000,10000,292.845,98.792,0.903
20000,10000,254.469,94.560,0.903
20000,10000,286.505,56.780,0.902
20000,10000,308.380,101.332,0.902
20000,10000,221.881,64.137,0.898
20000,10000,291.119,105.063,0.902
20000,10000,294.545,97.635,0.900
20000,10000,237.498,98.212,0.901
20000,10000,318.492,117.581,0.901
20000,10000,290.843,55.763,0.899
20000,10000,255.410,94.397,0.901
20000,10000,277.843,88.083,0.902
20000,10000,291.779,98.887,0.903
20000,10000,251.202,93.220,0.904
20000,10000,289.407,100.850,0.900
20000,10000,304.365,100.290,0.901
20000,10000,237.276,55.430,0.900
20000,10000,316.047,113.379,0.902
20000,10000,264.168,64.501,0.901
20000,10000,234.989,98.707,0.898
20000,10000,314.337,118.316,0.901
20000,10000,285.355,97.395,0.903
20000,10000,258.077,97.654,0.901
20000,10000,287.149,56.367,0.898
20000,10000,283.369,98.459,0.902
20000,10000,253.713,93.828,0.901
20000,10000,293.222,100.574,0.902
20000,10000,321.019,107.542,0.901
20000,10000,238.330,54.673,0.899
20000,10000,290.442,108.883,0.903
20000,10000,288.621,95.793,0.901
20000,10000,237.252,97.259,0.901
20000,10000,316.858,114.354,0.901
20000,10000,250.374,54.463,0.899
20000,10000,262.514,129.601,0.897
20000,10000,312.232,119.348,0.901
20000,10000,297.712,99.609,0.900
20000,10000,252.880,93.858,0.901
20000,10000,286.636,57.105,0.901
20000,10000,307.124,101.349,0.901
20000,10000,220.620,64.409,0.899
20000,10000,285.887,109.792,0.901
20000,10000,294.982,98.256,0.895
20000,10000,235.660,97.166,0.901
20000,10000,314.634,120.648,0.901
20000,10000,288.334,97.749,0.902
20000,10000,255.062,94.814,0.902
20000,10000,286.662,57.056,0.899
20000,10000,304.853,100.499,0.901
20000,10000,237.621,55.358,0.899
20000,10000,293.670,106.781,0.898
20000,10000,301.615,98.148,0.900
20000,10000,238.831,55.354,0.899
20000,10000,317.507,112.802,0.901
20000,10000,245.949,54.620,0.901
20000,10000,275.391,134.922,0.900
20000,10000,314.193,113.861,0.902
20000,10000,289.419,56.623,0.900
20000,10000,260.048,98.826,0.901
20000,10000,278.446,89.835,0.900
20000,10000,290.593,99.113,0.897
20000,10000,248.710,92.622,0.903
20000,10000,291.673,102.397,0.902
20000,10000,305.077,97.400,0.901
20000,10000,241.036,58.015,0.899
20000,10000,321.226,114.041,0.900
20000,10000,254.578,55.960,0.899
20000,10000,272.886,135.653,0.900
20000,10000,315.128,119.284,0.901
20000,10000,288.609,57.097,0.900
20000,10000,257.992,95.576,0.903
20000,10000,277.529,89.015,0.903
20000,10000,289.106,99.724,0.903
20000,10000,251.940,93.358,0.903
20000,10000,292.288,105.818,0.902
20000,10000,303.205,98.395,0.902
20000,10000,237.601,54.934,0.899
20000,10000,292.778,115.322,0.902
20000,10000,291.628,95.118,0.901
20000,10000,239.017,96.555,0.902
20000,10000,312.743,111.726,0.901
20000,10000,270.247,64.647,0.899
20000,10000,239.094,100.322,0.901
20000,10000,317.146,117.043,0.901
20000,10000,287.515,97.182,0.902
20000,10000,255.869,94.978,0.902
20000,10000,290.915,56.922,0.899
20000,10000,304.576,100.522,0.903
20000,10000,237.213,54.557,0.901
20000,10000,292.010,110.448,0.903
20000,10000,293.591,96.976,0.902
20000,10000,241.797,99.873,0.901
20000,10000,315.402,115.901,0.900
20000,10000,285.019,55.897,0.901
20000,10000,257.509,98.865,0.900
20000,10000,278.303,89.759,0.902
20000,10000,289.189,98.448,0.902
20000,10000,252.190,94.827,0.901
20000,10000,298.126,103.396,0.902
20000,10000,306.136,99.235,0.901
20000,10000,237.991,98.644,0.902
20000,10000,318.356,113.392,0.900
20000,10000,252.895,55.224,0.899
20000,10000,266.036,125.720,0.903
20000,10000,317.687,116.234,0.901
20000,10000,286.870,55.978,0.899
20000,10000,234.273,100.987,0.901
20000,10000,315.947,121.416,0.901
20000,10000,285.733,96.170,0.900
20000,10000,251.803,93.529,0.901
20000,10000,291.875,55.901,0.900
20000,10000,286.960,100.912,0.900
20000,10000,253.034,95.694,0.897
20000,10000,294.446,106.509,0.901
20000,10000,303.173,98.667,0.901
20000,10000,235.733,97.360,0.901
20000,10000,314.849,110.706,0.901
20000,10000,269.489,63.967,0.901
20000,10000,233.406,98.302,0.900
20000,10000,314.875,121.638,0.903
20000,10000,287.988,97.375,0.902
20000,10000,253.201,94.147,0.897
20000,10000,293.576,56.817,0.899
20000,10000,302.254,98.942,0.902
20000,10000,219.844,63.910,0.899
20000,10000,291.845,109.175,0.902
20000,10000,296.759,99.114,0.901
20000,10000,242.038,99.486,0.902
20000,10000,320.683,115.746,0.902
20000,10000,284.331,55.477,0.900
20000,10000,232.637,100.025,0.902
20000,10000,320.264,119.055,0.901
20000,10000,285.477,96.141,0.896
20000,10000,254.505,94.346,0.903
20000,10000,277.581,89.051,0.902
20000,10000,290.367,99.077,0.901
20000,10000,250.784,92.569,0.896
20000,10000,290.114,102.581,0.898
20000,10000,304.337,99.806,0.902
20000,10000,234.475,55.991,0.900
20000,10000,315.885,111.993,0.902
20000,10000,262.230,63.984,0.900
20000,10000,243.787,103.955,0.902
20000,10000,320.328,119.270,0.900
20000,10000,290.851,97.785,0.902
20000,10000,256.019,95.177,0.901
20000,10000,288.064,58.124,0.899
20000,10000,307.677,98.585,0.902
20000,10000,236.522,54.474,0.899
20000,10000,292.647,101.879,0.902
20000,10000,302.443,97.909,0.902
20000,10000,241.068,55.924,0.899
20000,10000,317.534,114.535,0.901
20000,10000,271.266,64.997,0.900
20000,10000,235.875,98.696,0.902
20000,10000,318.920,117.624,0.902
20000,10000,287.916,55.426,0.901
20000,10000,257.966,95.146,0.896
20000,10000,281.960,87.203,0.902
20000,10000,292.453,99.023,0.902
20000,10000,255.818,95.912,0.901
20000,10000,287.617,57.601,0.900
20000,10000,303.952,98.991,0.901
20000,10000,222.247,64.471,0.897
20000,10000,291.442,107.638,0.901
20000,10000,297.240,98.187,0.901
20000,10000,241.083,99.744,0.902
20000,10000,315.643,115.984,0.896
20000,10000,287.718,55.636,0.901
20000,10000,256.581,95.605,0.897
20000,10000,277.821,91.468,0.897
20000,10000,283.568,99.663,0.902
20000,10000,250.456,93.048,0.902
20000,10000,292.467,109.322,0.902
20000,10000,301.024,97.144,0.902
20000,10000,237.422,98.243,0.902
20000,10000,317.659,112.316,0.901
20000,10000,271.198,64.713,0.899
20000,10000,228.184,99.848,0.902
20000,10000,310.510,121.085,0.903
20000,10000,287.912,94.073,0.902
20000,10000,251.588,92.841,0.903
20000,10000,284.573,55.812,0.898
20000,10000,285.623,97.442,0.903
20000,10000,257.974,96.195,0.901
20000,10000,296.422,106.076,0.901
20000,10000,305.485,98.033,0.901
20000,10000,240.219,55.034,0.901
20000,10000,287.325,107.710,0.902
20000,10000,295.693,98.402,0.900
20000,10000,239.636,99.039,0.901
20000,10000,315.464,114.941,0.898
20000,10000,289.426,56.128,0.901
20000,10000,259.159,95.745,0.900
20000,10000,281.441,89.406,0.901
20000,10000,287.803,98.832,0.902
20000,10000,251.472,93.835,0.900
20000,10000,294.009,104.440,0.900
20000,10000,304.426,99.414,0.895
20000,10000,237.535,55.798,0.898
20000,10000,316.521,108.683,0.904
20000,10000,247.512,55.115,0.896
20000,10000,273.185,134.977,0.897
20000,10000,313.829,113.643,0.900
20000,10000,288.623,56.416,0.899
20000,10000,254.491,95.455,0.897
20000,10000,284.901,55.936,0.900
20000,10000,289.807,99.445,0.901
20000,10000,254.738,94.259,0.900
20000,10000,290.465,103.557,0.902
20000,10000,307.370,98.946,0.901
20000,10000,223.965,64.635,0.901
20000,10000,293.693,106.403,0.901
20000,10000,297.997,98.641,0.897
20000,10000,237.504,55.875,0.899
20000,10000,317.498,112.603,0.903
20000,10000,267.522,64.152,0.899
20000,10000,236.247,98.422,0.900
20000,10000,320.073,120.208,0.900
20000,10000,283.630,97.801,0.903
20000,10000,253.012,93.323,0.903
20000,10000,290.226,57.205,0.900
20000,10000,309.304,100.568,0.902
20000,10000,226.216,68.102,0.896
20000,10000,287.593,107.840,0.903
20000,10000,302.066,98.481,0.902
20000,10000,242.535,100.373,0.902
20000,10000,320.488,120.104,0.903
20000,10000,290.350,99.815,0.901
20000,10000,260.459,96.203,0.902
20000,10000,292.147,58.671,0.900
20000,10000,307.666,98.879,0.901
20000,10000,239.663,54.385,0.900
20000,10000,289.540,108.671,0.902
20000,10000,301.741,95.894,0.902
20000,10000,240.811,55.753,0.900
20000,10000,318.467,109.238,0.901
20000,10000,253.929,55.316,0.899
20000,10000,272.157,130.783,0.901
20000,10000,314.297,113.926,0.900
20000,10000,285.780,55.581,0.900
20000,10000,258.412,97.411,0.902
20000,10000,278.007,88.529,0.903
20000,10000,288.302,98.781,0.901
20000,10000,251.174,93.271,0.901
20000,10000,294.037,106.768,0.900
