nParts,k,frameMs,editMs,gpuMs
20000,1,0.817,0.066,0.163
20000,1,0.839,0.102,0.164
20000,1,0.647,0.078,0.163
20000,1,0.720,0.061,0.163
20000,1,0.717,0.064,0.163
20000,1,0.611,0.061,0.163
20000,1,0.586,0.061,0.162
20000,1,0.639,0.067,0.162
20000,1,0.559,0.068,0.163
20000,1,0.558,0.061,0.162
20000,1,0.678,0.061,0.163
20000,1,0.709,0.065,0.163
20000,1,0.698,0.063,0.163
20000,1,0.690,0.062,0.163
20000,1,0.715,0.061,0.163
20000,1,0.665,0.061,0.163
20000,1,0.626,0.063,0.163
20000,1,0.601,0.061,0.163
20000,1,0.605,0.060,0.162
20000,1,1.333,0.061,0.165
20000,1,0.687,0.070,0.162
20000,1,0.657,0.068,0.163
20000,1,0.620,0.063,0.163
20000,1,0.596,0.062,0.163
20000,1,0.612,0.061,0.163
20000,1,0.641,0.059,0.163
20000,1,0.720,0.063,0.163
20000,1,0.711,0.061,0.164
20000,1,0.643,0.060,0.163
20000,1,0.589,0.060,0.162
20000,1,0.616,0.061,0.163
20000,1,0.606,0.067,0.162
20000,1,0.601,0.061,0.163
20000,1,0.702,0.059,0.163
20000,1,0.736,0.062,0.163
20000,1,0.718,0.062,0.163
20000,1,0.726,0.062,0.162
20000,1,0.757,0.064,0.163
20000,1,0.709,0.063,0.163
20000,1,0.683,0.059,0.163
20000,1,0.684,0.061,0.163
20000,1,0.622,0.060,0.164
20000,1,0.580,0.059,0.163
20000,1,0.631,0.068,0.163
20000,1,0.657,0.064,0.163
20000,1,0.594,0.064,0.163
20000,1,0.627,0.061,0.163
20000,1,0.616,0.061,0.163
20000,1,0.696,0.059,0.162
20000,1,0.637,0.062,0.164
20000,1,0.692,0.065,0.163
20000,1,0.667,0.060,0.163
20000,1,0.614,0.060,0.163
20000,1,0.691,0.059,0.162
20000,1,0.683,0.065,0.163
20000,1,0.604,0.064,0.163
20000,1,0.602,0.064,0.163
20000,1,0.590,0.064,0.163
20000,1,0.635,0.062,0.163
20000,1,0.664,0.064,0.163
20000,1,0.672,0.068,0.163
20000,1,0.687,0.066,0.163
20000,1,0.661,0.067,0.163
20000,1,0.658,0.066,0.163
20000,1,0.664,0.067,0.163
20000,1,0.768,0.068,0.163
20000,1,0.767,0.070,0.163
20000,1,0.688,0.066,0.163
20000,1,0.628,0.062,0.163
20000,1,0.694,0.061,0.163
20000,1,0.656,0.064,0.163
20000,1,0.767,0.066,0.163
20000,1,0.662,0.066,0.163
20000,1,0.633,0.065,0.163
20000,1,0.620,0.061,0.163
20000,1,0.669,0.060,0.162
20000,1,0.759,0.066,0.163
20000,1,0.743,0.065,0.163
20000,1,0.659,0.062,0.163
20000,1,0.733,0.064,0.163
20000,1,0.747,0.063,0.163
20000,1,0.729,0.063,0.163
20000,1,0.745,0.065,0.163
20000,1,0.688,0.064,0.163
20000,1,0.713,0.066,0.163
20000,1,0.695,0.060,0.163
20000,1,0.694,0.060,0.163
20000,1,0.704,0.060,0.163
20000,1,0.751,0.062,0.163
20000,1,0.753,0.067,0.163
20000,1,0.760,0.069,0.163
20000,1,0.749,0.068,0.163
20000,1,0.751,0.064,0.163
20000,1,0.719,0.063,0.163
20000,1,0.705,0.073,0.163
20000,1,0.685,0.070,0.163
20000,1,3.188,0.071,0.169
20000,1,0.775,0.087,0.163
20000,1,0.684,0.071,0.163
20000,1,0.641,0.067,0.163
20000,1,0.673,0.073,0.163
20000,1,0.630,0.068,0.163
20000,1,0.674,0.064,0.163
20000,1,0.694,0.064,0.163
20000,1,0.672,0.064,0.163
20000,1,0.681,0.063,0.163
20000,1,0.633,0.062,0.163
20000,1,0.695,0.063,0.163
20000,1,0.734,0.071,0.163
20000,1,0.704,0.070,0.163
20000,1,0.684,0.067,0.163
20000,1,0.714,0.069,0.163
20000,1,0.676,0.068,0.163
20000,1,0.673,0.069,0.163
20000,1,0.724,0.062,0.162
20000,1,0.634,0.063,0.163
20000,1,0.872,0.068,0.163
20000,1,0.598,0.070,0.163
20000,1,0.559,0.063,0.163
20000,1,0.695,0.060,0.163
20000,1,0.676,0.069,0.163
20000,1,0.636,0.066,0.163
20000,1,0.727,0.066,0.164
20000,1,0.682,0.067,0.163
20000,1,0.621,0.065,0.163
20000,1,0.618,0.062,0.164
20000,1,0.609,0.062,0.163
20000,1,0.670,0.060,0.163
20000,1,0.640,0.060,0.163
20000,1,0.668,0.059,0.163
20000,1,0.634,0.059,0.163
20000,1,0.780,0.065,0.163
20000,1,0.748,0.069,0.163
20000,1,0.699,0.072,0.163
20000,1,0.779,0.065,0.163
20000,1,0.694,0.062,0.162
20000,1,0.705,0.060,0.163
20000,1,0.655,0.063,0.162
20000,1,0.614,0.066,0.163
20000,1,29.628,28.784,0.164
20000,1,0.731,0.079,0.162
20000,1,1.290,0.078,0.163
20000,1,0.706,0.063,0.163
20000,1,0.696,0.064,0.162
20000,1,0.649,0.065,0.163
20000,1,0.560,0.065,0.162
20000,1,0.697,0.065,0.163
20000,1,0.680,0.069,0.163
20000,1,0.600,0.068,0.163
20000,1,0.567,0.065,0.163
20000,1,0.604,0.075,0.163
20000,1,0.612,0.069,0.163
20000,1,0.617,0.073,0.163
20000,1,0.615,0.072,0.163
20000,1,0.595,0.068,0.163
20000,1,0.583,0.067,0.163
20000,1,0.552,0.065,0.163
20000,1,0.538,0.063,0.163
20000,1,0.542,0.062,0.163
20000,1,0.649,0.059,0.162
20000,1,0.640,0.065,0.162
20000,1,0.604,0.063,0.163
20000,1,3.315,0.067,0.168
20000,1,0.628,0.082,0.163
20000,1,0.636,0.067,0.163
20000,1,0.601,0.063,0.163
20000,1,0.693,0.061,0.163
20000,1,0.645,0.070,0.162
20000,1,0.666,0.085,0.163
20000,1,0.570,0.068,0.163
20000,1,0.559,0.066,0.163
20000,1,1.013,0.062,0.163
20000,1,0.641,0.083,0.163
20000,1,0.605,0.071,0.163
20000,1,0.614,0.065,0.163
20000,1,0.587,0.067,0.163
20000,1,0.676,0.072,0.163
20000,1,0.552,0.066,0.163
20000,1,0.541,0.062,0.162
20000,1,0.650,0.061,0.162
20000,1,0.609,0.065,0.163
20000,1,0.681,0.066,0.163
20000,1,0.634,0.068,0.163
20000,1,0.625,0.067,0.162
20000,1,0.657,0.065,0.162
20000,1,0.619,0.063,0.163
20000,1,0.624,0.071,0.162
20000,1,0.554,0.066,0.163
20000,1,0.539,0.063,0.163
20000,1,0.535,0.061,0.163
20000,1,0.671,0.061,0.163
20000,1,0.623,0.064,0.162
20000,1,0.539,0.062,0.163
20000,1,0.609,0.060,0.163
20000,1,0.531,0.062,0.163
20000,1,0.524,0.061,0.163
20000,1,0.582,0.061,0.163
20000,1,0.578,0.064,0.163
20000,1,0.576,0.072,0.163
20000,1,0.559,0.066,0.163
20000,1,0.608,0.064,0.163
20000,1,0.554,0.063,0.163
20000,1,0.656,0.064,0.163
20000,1,0.649,0.071,0.162
20000,1,0.576,0.069,0.163
20000,1,0.572,0.064,0.163
20000,1,0.574,0.067,0.163
20000,1,0.563,0.067,0.163
20000,1,0.558,0.069,0.162
20000,1,0.538,0.064,0.163
20000,1,0.540,0.063,0.163
20000,1,0.533,0.062,0.162
20000,1,0.542,0.061,0.163
20000,1,0.581,0.061,0.162
20000,1,0.631,0.071,0.163
20000,1,0.593,0.070,0.163
20000,1,0.627,0.082,0.162
20000,1,0.651,0.064,0.163
20000,1,0.630,0.065,0.163
20000,1,0.619,0.066,0.163
20000,1,0.641,0.066,0.163
20000,1,0.686,0.069,0.163
20000,1,0.553,0.067,0.163
20000,1,0.595,0.062,0.162
20000,1,0.670,0.073,0.163
20000,1,0.630,0.073,0.162
20000,1,0.659,0.069,0.163
20000,1,0.679,0.067,0.163
20000,1,0.649,0.070,0.163
20000,1,0.607,0.069,0.163
20000,1,0.621,0.071,0.163
20000,1,0.581,0.072,0.163
20000,1,0.555,0.066,0.163
20000,1,0.583,0.066,0.163
20000,1,0.589,0.065,0.162
20000,1,0.588,0.062,0.162
20000,1,0.618,0.065,0.163
20000,1,0.690,0.069,0.163
20000,1,0.557,0.067,0.163
20000,1,0.544,0.063,0.163
20000,1,0.675,0.063,0.163
20000,1,0.707,0.072,0.163
20000,1,0.680,0.070,0.163
20000,1,0.616,0.063,0.162
20000,1,0.596,0.067,0.163
20000,1,0.589,0.063,0.162
20000,1,0.588,0.063,0.163
20000,1,0.587,0.067,0.163
20000,1,0.584,0.062,0.162
20000,1,0.588,0.061,0.163
20000,1,0.591,0.062,0.163
20000,1,0.613,0.065,0.163
20000,1,0.597,0.063,0.163
20000,1,0.613,0.066,0.162
20000,1,0.597,0.063,0.162
20000,1,0.625,0.062,0.163
20000,1,0.602,0.062,0.163
20000,1,0.634,0.065,0.163
20000,1,0.617,0.073,0.163
20000,1,0.598,0.068,0.163
20000,1,0.743,0.067,0.163
20000,1,0.631,0.074,0.163
20000,1,0.587,0.074,0.162
20000,1,0.599,0.064,0.163
20000,1,0.556,0.065,0.162
20000,1,0.564,0.068,0.163
20000,1,0.695,0.070,0.163
20000,1,0.635,0.066,0.162
20000,1,0.676,0.065,0.162
20000,1,0.577,0.068,0.162
20000,1,0.600,0.068,0.163
20000,1,0.579,0.067,0.163
20000,1,0.638,0.071,0.163
20000,1,0.628,0.070,0.163
20000,1,0.669,0.071,0.163
20000,1,0.624,0.070,0.163
20000,1,0.547,0.066,0.162
20000,1,0.636,0.062,0.162
20000,1,0.595,0.062,0.163
20000,1,0.536,0.062,0.162
20000,1,0.631,0.063,0.162
20000,1,0.622,0.067,0.163
20000,1,0.566,0.067,0.163
20000,1,0.598,0.069,0.163
20000,1,0.586,0.071,0.163
20000,1,0.670,0.065,0.162
20000,1,0.643,0.071,0.163
20000,1,0.584,0.071,0.163
20000,1,0.552,0.067,0.163
20000,1,0.642,0.062,0.162
20000,1,0.551,0.065,0.163
20000,1,0.535,0.062,0.162
20000,1,0.583,0.061,0.163
20000,1,0.607,0.064,0.163
20000,1,0.642,0.066,0.162
20000,1,0.621,0.077,0.163
20000,1,0.601,0.069,0.162
20000,1,0.552,0.065,0.163
20000,1,0.544,0.065,0.163
20000,1,0.629,0.063,0.163
20000,2,0.728,0.071,0.163
20000,2,0.642,0.070,0.163
20000,2,0.754,0.069,0.163
20000,2,0.634,0.075,0.162
20000,2,0.730,0.076,0.163
20000,2,0.708,0.072,0.163
20000,2,0.708,0.075,0.163
20000,2,0.723,0.074,0.163
20000,2,0.812,0.076,0.163
20000,2,0.720,0.079,0.162
20000,2,0.690,0.074,0.163
20000,2,0.746,0.078,0.163
20000,2,0.720,0.074,0.163
20000,2,0.775,0.087,0.163
20000,2,0.653,0.083,0.163
20000,2,0.686,0.078,0.163
20000,2,0.783,0.085,0.163
20000,2,0.755,0.086,0.163
20000,2,0.749,0.080,0.163
20000,2,0.741,0.086,0.163
20000,2,0.678,0.086,0.163
20000,2,0.643,0.078,0.162
20000,2,0.764,0.073,0.163
20000,2,0.716,0.075,0.163
20000,2,0.696,0.075,0.163
20000,2,0.713,0.074,0.163
20000,2,0.788,0.081,0.163
20000,2,0.705,0.079,0.162
20000,2,0.670,0.072,0.163
20000,2,0.636,0.069,0.163
20000,2,0.735,0.069,0.163
20000,2,0.668,0.073,0.163
20000,2,0.780,0.070,0.163
20000,2,0.787,0.074,0.163
20000,2,0.786,0.073,0.163
20000,2,0.679,0.076,0.163
20000,2,0.781,0.074,0.163
20000,2,0.722,0.074,0.163
20000,2,0.654,0.071,0.163
20000,2,0.706,0.075,0.163
20000,2,0.741,0.090,0.163
20000,2,0.939,0.086,0.163
20000,2,0.906,0.100,0.163
20000,2,0.794,0.093,0.163
20000,2,0.715,0.088,0.163
20000,2,0.660,0.078,0.163
20000,2,0.704,0.080,0.162
20000,2,0.728,0.085,0.162
20000,2,0.729,0.074,0.163
20000,2,0.719,0.074,0.163
20000,2,0.732,0.083,0.163
20000,2,0.698,0.079,0.163
20000,2,0.691,0.075,0.163
20000,2,0.751,0.076,0.163
20000,2,0.746,0.078,0.163
20000,2,0.741,0.074,0.162
20000,2,0.639,0.075,0.163
20000,2,0.717,0.071,0.163
20000,2,4.383,0.077,0.169
20000,2,0.893,0.091,0.163
20000,2,0.717,0.079,0.163
20000,2,0.786,0.071,0.164
20000,2,0.732,0.076,0.163
20000,2,4.557,0.072,0.163
20000,2,0.966,0.113,0.164
20000,2,1.551,0.093,0.168
20000,2,1.775,0.128,0.167
20000,2,1.252,0.095,0.163
20000,2,0.815,0.078,0.163
20000,2,0.743,0.075,0.163
20000,2,0.658,0.072,0.163
20000,2,0.731,0.108,0.163
20000,2,0.828,0.082,0.163
20000,2,0.774,0.094,0.163
20000,2,0.663,0.080,0.163
20000,2,0.699,0.074,0.163
20000,2,0.665,0.076,0.162
20000,2,0.690,0.076,0.163
20000,2,0.673,0.075,0.163
20000,2,0.692,0.076,0.163
20000,2,0.628,0.076,0.163
20000,2,0.686,0.073,0.163
20000,2,0.688,0.077,0.163
20000,2,0.613,0.076,0.162
20000,2,0.584,0.070,0.163
20000,2,0.683,0.070,0.163
20000,2,0.634,0.071,0.163
20000,2,0.578,0.071,0.163
20000,2,0.598,0.071,0.162
20000,2,0.639,0.077,0.163
20000,2,0.726,0.077,0.163
20000,2,0.610,0.076,0.162
20000,2,0.600,0.074,0.163
20000,2,0.640,0.070,0.163
20000,2,0.643,0.075,0.163
20000,2,0.595,0.073,0.163
20000,2,0.685,0.075,0.163
20000,2,0.730,0.073,0.163
20000,2,0.774,0.076,0.163
20000,2,0.741,0.084,0.163
20000,2,0.680,0.079,0.163
20000,2,0.661,0.079,0.163
20000,2,0.660,0.076,0.163
20000,2,0.715,0.075,0.163
20000,2,0.697,0.078,0.163
20000,2,0.704,0.083,0.163
20000,2,0.693,0.084,0.163
20000,2,0.645,0.079,0.163
20000,2,0.618,0.076,0.163
20000,2,0.612,0.076,0.163
20000,2,0.636,0.074,0.163
20000,2,0.691,0.074,0.163
20000,2,0.635,0.077,0.163
20000,2,0.711,0.078,0.163
20000,2,0.675,0.078,0.163
20000,2,0.614,0.077,0.163
20000,2,0.591,0.073,0.163
20000,2,0.670,0.071,0.163
20000,2,0.650,0.074,0.163
20000,2,0.637,0.074,0.163
20000,2,0.690,0.078,0.163
20000,2,0.730,0.079,0.163
20000,2,0.684,0.078,0.162
20000,2,0.699,0.078,0.163
20000,2,9.095,0.081,0.167
20000,2,2.517,0.115,0.168
20000,2,0.725,0.096,0.163
20000,2,0.689,0.090,0.162
20000,2,0.666,0.076,0.163
20000,2,0.702,0.089,0.163
20000,2,0.662,0.083,0.164
20000,2,3.010,0.079,0.163
20000,2,0.847,0.116,0.163
20000,2,0.755,0.085,0.163
20000,2,0.696,0.082,0.163
20000,2,0.679,0.079,0.162
20000,2,0.658,0.078,0.163
20000,2,0.609,0.074,0.163
20000,2,0.599,0.075,0.162
20000,2,0.642,0.072,0.163
20000,2,0.618,0.075,0.162
20000,2,0.784,0.077,0.163
20000,2,0.636,0.080,0.163
20000,2,0.595,0.074,0.163
20000,2,0.590,0.072,0.162
20000,2,0.584,0.071,0.162
20000,2,0.589,0.071,0.163
20000,2,0.748,0.072,0.163
20000,2,0.761,0.085,0.163
20000,2,0.715,0.087,0.163
20000,2,0.639,0.080,0.163
20000,2,0.701,0.080,0.163
20000,2,0.731,0.081,0.162
20000,2,0.691,0.092,0.163
20000,2,0.717,0.079,0.163
20000,2,0.707,0.084,0.163
20000,2,0.766,0.086,0.163
20000,2,0.731,0.082,0.163
20000,2,0.687,0.083,0.163
20000,2,0.609,0.074,0.163
20000,2,0.661,0.073,0.163
20000,2,0.639,0.071,0.163
20000,2,0.652,0.072,0.163
20000,2,0.612,0.078,0.162
20000,2,0.694,0.074,0.163
20000,2,0.603,0.076,0.163
20000,2,0.653,0.073,0.163
20000,2,0.694,0.076,0.163
20000,2,0.635,0.071,0.162
20000,2,0.646,0.072,0.163
20000,2,0.622,0.077,0.163
20000,2,0.591,0.073,0.163
20000,2,0.693,0.072,0.163
20000,2,0.672,0.077,0.162
20000,2,0.708,0.082,0.163
20000,2,0.724,0.082,0.163
20000,2,0.737,0.075,0.163
20000,2,0.776,0.079,0.163
20000,2,0.637,0.080,0.163
20000,2,0.606,0.076,0.163
20000,2,0.697,0.073,0.163
20000,2,0.693,0.074,0.162
20000,2,0.678,0.082,0.163
20000,2,0.623,0.079,0.163
20000,2,0.591,0.073,0.162
20000,2,0.583,0.072,0.163
20000,2,0.683,0.070,0.163
20000,2,0.627,0.076,0.163
20000,2,0.696,0.073,0.163
20000,2,0.614,0.072,0.163
20000,2,0.581,0.071,0.163
20000,2,0.588,0.072,0.163
20000,2,0.721,0.072,0.163
20000,2,0.656,0.075,0.162
20000,2,0.733,0.075,0.163
20000,2,0.706,0.076,0.163
20000,2,0.645,0.074,0.163
20000,2,0.589,0.072,0.163
20000,2,0.584,0.073,0.163
20000,2,0.585,0.071,0.163
20000,2,0.580,0.071,0.163
20000,2,0.682,0.071,0.163
20000,2,0.679,0.076,0.163
20000,2,0.718,0.081,0.162
20000,2,0.655,0.075,0.163
20000,2,0.587,0.074,0.162
20000,2,0.605,0.071,0.163
20000,2,0.650,0.084,0.163
20000,2,0.686,0.077,0.163
20000,2,0.703,0.085,0.163
20000,2,0.699,0.093,0.163
20000,2,0.713,0.088,0.163
20000,2,0.690,0.089,0.163
20000,2,0.698,0.085,0.163
20000,2,0.677,0.090,0.163
20000,2,0.652,0.086,0.163
20000,2,0.636,0.080,0.163
20000,2,0.678,0.080,0.162
20000,2,0.704,0.083,0.163
20000,2,0.651,0.081,0.163
20000,2,0.693,0.077,0.163
20000,2,0.651,0.079,0.163
20000,2,0.671,0.076,0.163
20000,2,0.690,0.080,0.163
20000,2,0.748,0.080,0.162
20000,2,0.733,0.081,0.163
20000,2,0.652,0.080,0.163
20000,2,0.671,0.076,0.163
20000,2,0.744,0.081,0.163
20000,2,0.873,0.093,0.163
20000,2,0.778,0.102,0.162
20000,2,0.690,0.091,0.164
20000,2,0.643,0.082,0.163
20000,2,0.631,0.074,0.163
20000,2,0.750,0.091,0.163
20000,2,0.688,0.110,0.163
20000,2,0.664,0.078,0.163
20000,2,0.658,0.076,0.163
20000,2,0.649,0.073,0.163
20000,2,0.689,0.081,0.163
20000,2,0.647,0.087,0.163
20000,2,3.032,2.241,0.163
20000,2,0.636,0.086,0.163
20000,2,0.620,0.086,0.162
20000,2,0.647,0.075,0.163
20000,2,0.639,0.074,0.163
20000,2,0.596,0.072,0.163
20000,2,0.723,0.076,0.163
20000,2,0.622,0.081,0.162
20000,2,0.675,0.074,0.163
20000,2,0.632,0.076,0.163
20000,2,0.643,0.083,0.163
20000,2,0.689,0.081,0.163
20000,2,0.778,0.086,0.164
20000,2,0.657,0.084,0.163
20000,2,0.658,0.084,0.163
20000,2,0.722,0.088,0.163
20000,2,0.678,0.085,0.163
20000,2,0.701,0.086,0.163
20000,2,0.779,0.088,0.163
20000,2,0.767,0.092,0.163
20000,2,0.699,0.087,0.163
20000,2,0.702,0.085,0.163
20000,2,1.358,0.084,0.163
20000,2,1.106,0.105,0.163
20000,2,0.671,0.093,0.163
20000,2,0.640,0.079,0.162
20000,2,0.687,0.080,0.163
20000,2,1.941,0.082,0.169
20000,2,0.671,0.092,0.163
20000,2,4.963,0.078,0.163
20000,2,0.824,0.107,0.164
20000,2,0.613,0.080,0.163
20000,2,0.605,0.076,0.163
20000,2,0.590,0.073,0.163
20000,2,0.596,0.073,0.163
20000,2,0.681,0.076,0.163
20000,2,0.743,0.082,0.163
20000,2,0.680,0.080,0.162
20000,2,0.608,0.075,0.163
20000,2,0.653,0.075,0.163
20000,2,0.725,0.079,0.163
20000,2,0.991,0.080,0.163
20000,2,0.756,0.099,0.163
20000,2,0.821,0.087,0.163
20000,2,0.695,0.084,0.163
20000,2,0.776,0.086,0.163
20000,2,0.758,0.081,0.163
20000,2,0.722,0.088,0.163
20000,2,0.656,0.086,0.163
20000,2,0.666,0.077,0.163
20000,2,0.641,0.075,0.163
20000,2,0.606,0.074,0.162
20000,2,0.585,0.073,0.163
20000,2,0.576,0.072,0.163
20000,2,0.635,0.071,0.163
20000,2,0.634,0.073,0.163
20000,2,0.631,0.073,0.163
20000,2,0.585,0.073,0.163
20000,2,0.576,0.070,0.163
20000,3,0.637,0.080,0.163
20000,3,0.655,0.075,0.163
20000,3,0.611,0.079,0.163
20000,3,0.727,0.078,0.163
20000,3,0.605,0.076,0.163
20000,3,0.604,0.075,0.162
20000,3,0.606,0.077,0.162
20000,3,0.606,0.078,0.163
20000,3,0.607,0.077,0.162
20000,3,0.613,0.082,0.162
20000,3,0.755,0.080,0.163
20000,3,0.656,0.079,0.162
20000,3,0.718,0.079,0.163
20000,3,0.712,0.087,0.163
20000,3,0.622,0.080,0.162
20000,3,0.730,0.079,0.162
20000,3,0.623,0.081,0.163
20000,3,0.643,0.080,0.163
20000,3,0.635,0.084,0.163
20000,3,0.719,0.080,0.163
20000,3,0.620,0.078,0.163
20000,3,0.617,0.077,0.163
20000,3,0.652,0.077,0.163
20000,3,0.671,0.079,0.163
20000,3,0.632,0.081,0.163
20000,3,0.613,0.080,0.163
20000,3,0.669,0.079,0.162
20000,3,0.690,0.082,0.163
20000,3,0.667,0.085,0.163
20000,3,0.730,0.080,0.163
20000,3,0.731,0.082,0.163
20000,3,0.715,0.082,0.163
20000,3,0.674,0.078,0.163
20000,3,0.695,0.079,0.162
20000,3,0.708,0.078,0.163
20000,3,0.718,0.076,0.163
20000,3,0.731,0.083,0.163
20000,3,0.622,0.080,0.163
20000,3,0.621,0.078,0.162
20000,3,0.663,0.077,0.163
20000,3,0.747,0.080,0.163
20000,3,0.719,0.081,0.163
20000,3,0.643,0.083,0.163
20000,3,0.668,0.080,0.163
20000,3,0.620,0.086,0.163
20000,3,0.605,0.078,0.163
20000,3,0.597,0.075,0.163
20000,3,0.598,0.076,0.163
20000,3,0.601,0.075,0.163
20000,3,0.688,0.077,0.163
20000,3,0.624,0.082,0.163
20000,3,0.660,0.077,0.163
20000,3,0.669,0.078,0.163
20000,3,0.657,0.078,0.163
20000,3,0.610,0.079,0.162
20000,3,0.660,0.079,0.163
20000,3,0.614,0.078,0.162
20000,3,6.890,0.077,0.166
20000,3,0.717,0.100,0.163
20000,3,0.790,0.096,0.163
20000,3,0.801,0.082,0.163
20000,3,0.633,0.083,0.163
20000,3,0.610,0.078,0.163
20000,3,0.664,0.078,0.163
20000,3,0.612,0.080,0.162
20000,3,0.629,0.077,0.163
20000,3,0.639,0.082,0.162
20000,3,0.655,0.083,0.162
20000,3,0.685,0.082,0.163
20000,3,0.674,0.081,0.163
20000,3,0.611,0.078,0.163
20000,3,0.661,0.078,0.163
20000,3,0.669,0.078,0.163
20000,3,0.696,0.081,0.163
20000,3,0.723,0.079,0.163
20000,3,0.610,0.078,0.163
20000,3,0.608,0.078,0.163
20000,3,0.622,0.076,0.163
20000,3,0.597,0.075,0.163
20000,3,0.596,0.074,0.163
20000,3,0.647,0.074,0.162
20000,3,0.648,0.077,0.163
20000,3,0.608,0.077,0.162
20000,3,0.657,0.082,0.163
20000,3,0.610,0.077,0.163
20000,3,0.679,0.077,0.163
20000,3,0.729,0.080,0.163
20000,3,0.669,0.080,0.162
20000,3,0.651,0.077,0.163
20000,3,0.686,0.079,0.163
20000,3,0.658,0.077,0.163
20000,3,0.657,0.077,0.163
20000,3,0.729,0.077,0.163
20000,3,0.655,0.079,0.163
20000,3,0.656,0.078,0.163
20000,3,0.614,0.090,0.163
20000,3,0.688,0.076,0.163
20000,3,0.602,0.077,0.163
20000,3,0.659,0.077,0.163
20000,3,0.664,0.076,0.163
20000,3,0.678,0.079,0.163
20000,3,0.694,0.091,0.163
20000,3,0.605,0.078,0.163
20000,3,0.651,0.076,0.163
20000,3,0.649,0.076,0.163
20000,3,0.712,0.077,0.163
20000,3,0.679,0.079,0.163
20000,3,0.690,0.087,0.163
20000,3,0.629,0.080,0.164
20000,3,0.658,0.080,0.163
20000,3,0.635,0.078,0.163
20000,3,0.602,0.076,0.163
20000,3,0.661,0.078,0.163
20000,3,0.616,0.077,0.163
20000,3,0.599,0.078,0.163
20000,3,0.591,0.075,0.163
20000,3,0.591,0.075,0.163
20000,3,0.646,0.076,0.163
20000,3,0.598,0.076,0.163
20000,3,0.642,0.076,0.163
20000,3,0.675,0.082,0.163
20000,3,0.624,0.080,0.163
20000,3,0.621,0.080,0.163
20000,3,0.657,0.078,0.163
20000,3,0.635,0.083,0.163
20000,3,0.634,0.084,0.163
20000,3,0.612,0.078,0.163
20000,3,0.603,0.077,0.162
20000,3,0.595,0.075,0.162
20000,3,0.606,0.077,0.163
20000,3,0.654,0.077,0.163
20000,3,0.673,0.077,0.162
20000,3,0.642,0.083,0.163
20000,3,0.728,0.077,0.163
20000,3,0.713,0.078,0.163
20000,3,0.618,0.079,0.162
20000,3,0.651,0.076,0.163
20000,3,0.602,0.076,0.163
20000,3,0.701,0.083,0.163
20000,3,0.649,0.076,0.163
20000,3,0.599,0.076,0.163
20000,3,0.604,0.077,0.163
20000,3,0.605,0.076,0.163
20000,3,0.658,0.076,0.163
20000,3,0.641,0.075,0.163
20000,3,0.691,0.076,0.163
20000,3,0.650,0.075,0.163
20000,3,0.686,0.081,0.163
20000,3,0.731,0.078,0.163
20000,3,0.655,0.079,0.163
20000,3,0.708,0.096,0.163
20000,3,0.604,0.079,0.163
20000,3,0.662,0.077,0.163
20000,3,0.621,0.077,0.163
20000,3,0.602,0.077,0.163
20000,3,0.597,0.076,0.163
20000,3,0.658,0.074,0.163
20000,3,0.648,0.077,0.162
20000,3,0.665,0.077,0.162
20000,3,0.646,0.076,0.163
20000,3,0.740,0.078,0.162
20000,3,0.750,0.080,0.163
20000,3,0.690,0.123,0.163
20000,3,0.655,0.080,0.163
20000,3,0.673,0.081,0.163
20000,3,0.612,0.077,0.163
20000,3,0.635,0.076,0.163
20000,3,5.425,0.079,0.168
20000,3,0.689,0.094,0.163
20000,3,0.697,0.083,0.163
20000,3,0.659,0.081,0.162
20000,3,0.594,0.075,0.162
20000,3,0.623,0.075,0.163
20000,3,0.716,0.083,0.164
20000,3,0.633,0.080,0.163
20000,3,0.683,0.077,0.163
20000,3,0.670,0.080,0.163
20000,3,0.728,0.079,0.163
20000,3,9.820,0.082,0.167
20000,3,0.820,0.102,0.163
20000,3,0.739,0.084,0.163
20000,3,0.625,0.080,0.163
20000,3,0.664,0.077,0.163
20000,3,0.684,0.077,0.163
20000,3,0.672,0.087,0.163
20000,3,0.638,0.080,0.162
20000,3,0.636,0.080,0.162
20000,3,0.664,0.078,0.162
20000,3,0.694,0.087,0.163
20000,3,0.644,0.082,0.163
20000,3,0.662,0.080,0.163
20000,3,0.685,0.083,0.162
20000,3,0.702,0.085,0.163
20000,3,0.662,0.080,0.163
20000,3,0.685,0.079,0.163
20000,3,0.681,0.082,0.163
20000,3,0.654,0.080,0.162
20000,3,0.675,0.077,0.163
20000,3,0.739,0.081,0.163
20000,3,0.641,0.083,0.163
20000,3,0.711,0.083,0.163
20000,3,0.755,0.086,0.162
20000,3,0.728,0.088,0.163
20000,3,0.749,0.092,0.163
20000,3,0.685,0.086,0.162
20000,3,0.679,0.080,0.162
20000,3,0.667,0.077,0.162
20000,3,0.650,0.082,0.162
20000,3,0.646,0.080,0.162
20000,3,0.713,0.088,0.163
20000,3,0.669,0.087,0.162
20000,3,0.623,0.078,0.163
20000,3,0.675,0.079,0.162
20000,3,0.753,0.087,0.163
20000,3,0.642,0.082,0.163
20000,3,0.657,0.081,0.163
20000,3,0.714,0.080,0.163
20000,3,0.689,0.087,0.162
20000,3,0.708,0.083,0.163
20000,3,0.717,0.080,0.163
20000,3,0.662,0.078,0.162
20000,3,0.608,0.077,0.162
20000,3,0.614,0.076,0.163
20000,3,0.639,0.078,0.163
20000,3,0.735,0.086,0.163
20000,3,0.699,0.084,0.162
20000,3,0.675,0.086,0.163
20000,3,0.731,0.082,0.162
20000,3,0.661,0.085,0.162
20000,3,0.733,0.087,0.162
20000,3,0.737,0.087,0.162
20000,3,0.701,0.089,0.163
20000,3,0.623,0.081,0.163
20000,3,0.686,0.079,0.163
20000,3,0.695,0.088,0.163
20000,3,0.737,0.092,0.163
20000,3,0.800,0.090,0.162
20000,3,0.717,0.097,0.163
20000,3,0.681,0.087,0.163
20000,3,0.673,0.087,0.163
20000,3,0.783,0.086,0.163
20000,3,0.669,0.085,0.163
20000,3,0.659,0.083,0.163
20000,3,0.648,0.083,0.163
20000,3,0.665,0.081,0.162
20000,3,0.693,0.084,0.162
20000,3,0.659,0.086,0.163
20000,3,0.665,0.087,0.163
20000,3,0.674,0.083,0.163
20000,3,0.704,0.083,0.163
20000,3,0.693,0.085,0.163
20000,3,0.692,0.085,0.163
20000,3,0.687,0.089,0.163
20000,3,0.685,0.086,0.162
20000,3,0.692,0.087,0.163
20000,3,0.719,0.086,0.163
20000,3,0.728,0.090,0.163
20000,3,0.676,0.086,0.163
20000,3,0.694,0.082,0.163
20000,3,0.779,0.082,0.162
20000,3,0.840,0.095,0.163
20000,3,0.736,0.092,0.163
20000,3,0.769,0.085,0.163
20000,3,0.673,0.088,0.163
20000,3,0.687,0.081,0.163
20000,3,0.635,0.081,0.163
20000,3,0.657,0.086,0.162
20000,3,0.647,0.083,0.162
20000,3,0.651,0.083,0.163
20000,3,0.793,0.085,0.163
20000,3,0.718,0.086,0.163
20000,3,0.695,0.083,0.163
20000,3,0.691,0.084,0.163
20000,3,0.651,0.084,0.162
20000,3,0.736,0.090,0.163
20000,3,0.638,0.080,0.163
20000,3,0.633,0.082,0.163
20000,3,0.634,0.082,0.163
20000,3,0.723,0.082,0.163
20000,3,1.036,0.096,0.162
20000,3,0.802,0.109,0.163
20000,3,0.740,0.094,0.163
20000,3,0.732,0.097,0.163
20000,3,0.680,0.090,0.162
20000,3,0.818,0.093,0.163
20000,3,0.753,0.095,0.162
20000,3,0.653,0.086,0.162
20000,3,0.696,0.084,0.162
20000,3,0.705,0.088,0.163
20000,3,0.682,0.087,0.162
20000,3,0.707,0.088,0.163
20000,3,0.785,0.087,0.163
20000,3,0.670,0.086,0.163
20000,3,0.663,0.080,0.163
20000,3,0.651,0.077,0.163
20000,3,0.715,0.078,0.163
20000,3,0.695,0.083,0.163
20000,3,2.305,0.081,0.167
20000,3,0.755,0.092,0.162
20000,3,12.633,0.087,0.168
20000,5,0.734,0.096,0.163
20000,5,0.750,0.104,0.163
20000,5,0.752,0.098,0.163
20000,5,0.812,0.099,0.162
20000,5,0.744,0.097,0.163
20000,5,0.692,0.096,0.163
20000,5,0.704,0.096,0.163
20000,5,0.691,0.098,0.162
20000,5,0.683,0.095,0.162
20000,5,0.677,0.092,0.163
20000,5,0.684,0.099,0.162
20000,5,0.679,0.094,0.163
20000,5,0.734,0.092,0.162
20000,5,0.728,0.095,0.162
20000,5,0.690,0.095,0.163
20000,5,0.686,0.097,0.163
20000,5,0.742,0.098,0.163
20000,5,0.754,0.096,0.163
20000,5,0.791,0.097,0.163
20000,5,0.742,0.096,0.162
20000,5,0.690,0.098,0.162
20000,5,0.730,0.095,0.163
20000,5,0.692,0.096,0.162
20000,5,0.749,0.107,0.163
20000,5,0.755,0.100,0.163
20000,5,0.835,0.104,0.163
20000,5,0.765,0.099,0.163
20000,5,0.727,0.099,0.163
20000,5,0.824,0.107,0.163
20000,5,0.952,0.123,0.163
20000,5,0.882,0.137,0.163
20000,5,0.872,0.115,0.163
20000,5,0.830,0.114,0.163
20000,5,0.814,0.115,0.163
20000,5,0.853,0.123,0.163
20000,5,0.977,0.178,0.163
20000,5,0.936,0.124,0.163
20000,5,0.898,0.143,0.162
20000,5,0.846,0.115,0.163
20000,5,0.780,0.108,0.163
20000,5,0.770,0.104,0.162
20000,5,0.793,0.103,0.163
20000,5,0.832,0.108,0.163
20000,5,0.817,0.111,0.163
20000,5,0.753,0.109,0.163
20000,5,0.756,0.104,0.163
20000,5,0.893,0.102,0.163
20000,5,0.788,0.117,0.162
20000,5,2.775,1.857,0.163
20000,5,10.463,0.118,0.169
20000,5,0.854,0.127,0.164
20000,5,0.759,0.108,0.162
20000,5,0.807,0.120,0.163
20000,5,0.728,0.104,0.163
20000,5,0.747,0.120,0.162
20000,5,0.742,0.105,0.163
20000,5,0.746,0.110,0.163
20000,5,0.734,0.097,0.163
20000,5,0.722,0.103,0.163
20000,5,0.701,0.095,0.162
20000,5,0.705,0.097,0.163
20000,5,0.744,0.094,0.162
20000,5,0.753,0.098,0.162
20000,5,0.762,0.096,0.162
20000,5,0.719,0.100,0.163
20000,5,0.709,0.098,0.163
20000,5,0.734,0.095,0.163
20000,5,0.706,0.096,0.163
20000,5,0.736,0.096,0.163
20000,5,0.691,0.096,0.163
20000,5,0.798,0.094,0.163
20000,5,0.721,0.093,0.162
20000,5,0.690,0.095,0.162
20000,5,1.682,0.096,0.162
20000,5,1.629,0.160,0.164
20000,5,0.871,0.122,0.162
20000,5,0.780,0.104,0.162
20000,5,0.777,0.101,0.162
20000,5,0.752,0.100,0.162
20000,5,0.760,0.106,0.162
20000,5,0.808,0.102,0.162
20000,5,5.111,0.126,0.167
20000,5,0.774,0.118,0.162
20000,5,0.694,0.095,0.163
20000,5,0.689,0.094,0.163
20000,5,0.690,0.092,0.163
20000,5,0.725,0.094,0.163
20000,5,0.696,0.093,0.163
20000,5,0.689,0.096,0.162
20000,5,0.700,0.093,0.163
20000,5,5.100,0.098,0.162
20000,5,1.077,0.145,0.164
20000,5,0.827,0.119,0.163
20000,5,0.790,0.113,0.162
20000,5,0.764,0.107,0.163
20000,5,0.758,0.106,0.163
20000,5,1.029,0.135,0.163
20000,5,0.942,0.135,0.163
20000,5,0.822,0.119,0.162
20000,5,0.754,0.108,0.163
20000,5,0.766,0.103,0.163
20000,5,0.714,0.099,0.163
20000,5,0.769,0.099,0.162
20000,5,0.731,0.101,0.163
20000,5,0.773,0.105,0.162
20000,5,0.760,0.106,0.162
20000,5,3.881,0.106,0.164
20000,5,0.994,0.150,0.163
20000,5,0.814,0.114,0.163
20000,5,0.829,0.118,0.164
20000,5,0.824,0.109,0.163
20000,5,0.834,0.113,0.162
20000,5,0.764,0.112,0.163
20000,5,0.710,0.102,0.163
20000,5,0.741,0.097,0.163
20000,5,0.742,0.096,0.162
20000,5,0.732,0.096,0.162
20000,5,0.704,0.099,0.162
20000,5,0.902,0.096,0.163
20000,5,0.855,0.100,0.163
20000,5,0.766,0.102,0.162
20000,5,0.707,0.098,0.163
20000,5,0.778,0.100,0.163
20000,5,0.839,0.110,0.162
20000,5,0.849,0.111,0.162
20000,5,0.815,0.108,0.163
20000,5,0.862,0.111,0.162
20000,5,0.724,0.105,0.162
20000,5,0.897,0.099,0.163
20000,5,0.787,0.105,0.162
20000,5,0.760,0.101,0.162
20000,5,0.777,0.100,0.163
20000,5,0.772,0.103,0.162
20000,5,0.767,0.100,0.163
20000,5,0.691,0.096,0.162
20000,5,0.699,0.097,0.163
20000,5,0.747,0.100,0.162
20000,5,0.702,0.096,0.162
20000,5,0.763,0.100,0.162
20000,5,8.851,0.100,0.169
20000,5,0.965,0.127,0.163
20000,5,3.256,0.104,0.163
20000,5,2.011,0.171,0.167
20000,5,0.933,0.165,0.163
20000,5,0.991,0.125,0.163
20000,5,0.965,0.122,0.163
20000,5,5.327,0.119,0.168
20000,5,0.989,0.154,0.163
20000,5,0.776,0.118,0.163
20000,5,0.770,0.116,0.162
20000,5,0.796,0.106,0.162
20000,5,0.915,0.174,0.162
20000,5,4.008,0.107,0.163
20000,5,0.969,0.143,0.163
20000,5,0.749,0.113,0.163
20000,5,0.741,0.106,0.162
20000,5,0.810,0.107,0.163
20000,5,7.372,0.109,0.163
20000,5,1.231,0.143,0.163
20000,5,0.980,0.120,0.163
20000,5,0.871,0.112,0.163
20000,5,0.835,0.107,0.163
20000,5,0.894,0.113,0.163
20000,5,0.838,0.110,0.162
20000,5,0.852,0.110,0.162
20000,5,0.849,0.109,0.163
20000,5,0.827,0.109,0.162
20000,5,4.165,0.107,0.165
20000,5,0.909,0.125,0.162
20000,5,0.826,0.109,0.163
20000,5,0.859,0.109,0.163
20000,5,0.799,0.104,0.162
20000,5,4.682,0.111,0.167
20000,5,0.970,0.134,0.162
20000,5,0.833,0.120,0.163
20000,5,2.233,0.114,0.167
20000,5,2.399,0.128,0.163
20000,5,1.198,0.141,0.163
20000,5,0.986,0.126,0.163
20000,5,3.452,0.111,0.166
20000,5,1.023,0.137,0.163
20000,5,0.864,0.111,0.163
20000,5,0.933,0.104,0.162
20000,5,0.782,0.097,0.162
20000,5,0.838,0.097,0.163
20000,5,0.803,0.093,0.163
20000,5,0.761,0.093,0.163
20000,5,0.763,0.095,0.163
20000,5,0.764,0.089,0.162
20000,5,0.759,0.091,0.162
20000,5,0.783,0.091,0.163
20000,5,0.841,0.093,0.162
20000,5,0.809,0.091,0.163
20000,5,0.794,0.093,0.162
20000,5,0.888,0.101,0.163
20000,5,0.809,0.100,0.162
20000,5,0.780,0.098,0.162
20000,5,0.853,0.096,0.162
20000,5,0.890,0.106,0.162
20000,5,0.853,0.100,0.163
20000,5,0.943,0.112,0.163
20000,5,1.016,0.126,0.162
20000,5,0.965,0.120,0.163
20000,5,0.846,0.110,0.163
20000,5,0.768,0.107,0.163
20000,5,0.792,0.098,0.162
20000,5,0.808,0.096,0.163
20000,5,2.564,0.103,0.167
20000,5,5.588,0.109,0.163
20000,5,1.026,0.145,0.163
20000,5,0.779,0.110,0.162
20000,5,0.760,0.102,0.163
20000,5,0.796,0.100,0.163
20000,5,0.873,0.111,0.163
20000,5,0.776,0.106,0.163
20000,5,0.783,0.103,0.163
20000,5,0.752,0.105,0.162
20000,5,3.749,0.098,0.168
20000,5,1.276,0.131,0.162
20000,5,0.950,0.129,0.163
20000,5,4.979,0.117,0.163
20000,5,1.034,0.140,0.163
20000,5,0.781,0.114,0.163
20000,5,0.898,0.105,0.163
20000,5,0.821,0.113,0.163
20000,5,0.714,0.099,0.163
20000,5,0.713,0.097,0.163
20000,5,4.175,0.094,0.168
20000,5,1.158,0.140,0.163
20000,5,23.337,22.276,0.163
20000,5,1.005,0.108,0.162
20000,5,1.039,0.118,0.162
20000,5,0.951,0.116,0.163
20000,5,0.916,0.104,0.162
20000,5,0.869,0.103,0.162
20000,5,0.796,0.100,0.163
20000,5,0.782,0.093,0.162
20000,5,0.788,0.090,0.163
20000,5,0.749,0.093,0.163
20000,5,0.760,0.093,0.162
20000,5,0.749,0.092,0.162
20000,5,0.766,0.094,0.162
20000,5,0.772,0.095,0.162
20000,5,0.801,0.094,0.163
20000,5,0.823,0.095,0.163
20000,5,0.829,0.099,0.163
20000,5,0.751,0.093,0.162
20000,5,0.791,0.093,0.163
20000,5,0.770,0.095,0.163
20000,5,0.831,0.101,0.162
20000,5,0.859,0.101,0.163
20000,5,0.898,0.102,0.163
20000,5,0.889,0.107,0.163
20000,5,0.822,0.101,0.162
20000,5,0.827,0.101,0.163
20000,5,0.896,0.101,0.162
20000,5,0.862,0.103,0.162
20000,5,0.886,0.100,0.163
20000,5,0.844,0.098,0.163
20000,5,0.966,0.105,0.162
20000,5,0.964,0.108,0.162
20000,5,1.004,0.112,0.162
20000,5,1.134,0.113,0.162
20000,5,1.283,0.123,0.162
20000,5,1.031,0.117,0.163
20000,5,0.987,0.109,0.163
20000,5,1.053,0.110,0.163
20000,5,1.045,0.112,0.163
20000,5,1.138,0.122,0.162
20000,5,1.168,0.112,0.163
20000,5,1.157,0.117,0.164
20000,5,1.042,0.119,0.163
20000,5,0.990,0.110,0.163
20000,5,1.020,0.106,0.163
20000,5,0.999,0.111,0.162
20000,5,1.019,0.106,0.163
20000,5,0.963,0.109,0.163
20000,5,0.977,0.102,0.163
20000,5,1.429,0.111,0.163
20000,5,1.653,0.131,0.163
20000,5,1.149,0.117,0.163
20000,5,1.102,0.117,0.162
20000,5,1.144,0.117,0.163
20000,5,1.194,0.123,0.163
20000,5,1.208,0.131,0.162
20000,5,0.957,0.117,0.162
20000,5,0.955,0.106,0.163
20000,5,0.961,0.118,0.163
20000,5,0.913,0.103,0.163
20000,5,0.953,0.107,0.162
20000,5,1.702,0.108,0.168
20000,5,1.099,0.120,0.163
20000,5,1.114,0.120,0.162
20000,5,0.912,0.112,0.162
20000,5,0.850,0.110,0.163
20000,5,1.145,0.113,0.162
20000,5,0.947,0.119,0.163
20000,5,0.881,0.119,0.162
20000,5,0.972,0.196,0.163
20000,5,0.795,0.109,0.162
20000,8,0.953,0.138,0.162
20000,8,1.015,0.135,0.163
20000,8,0.986,0.145,0.162
20000,8,0.993,0.126,0.163
20000,8,0.942,0.134,0.162
20000,8,0.920,0.140,0.162
20000,8,0.913,0.127,0.163
20000,8,0.986,0.151,0.162
20000,8,0.908,0.126,0.163
20000,8,1.008,0.142,0.163
20000,8,1.019,0.149,0.163
20000,8,1.048,0.158,0.163
20000,8,0.929,0.140,0.163
20000,8,0.908,0.139,0.163
20000,8,0.926,0.129,0.163
20000,8,0.892,0.135,0.163
20000,8,0.875,0.125,0.163
20000,8,0.913,0.140,0.163
20000,8,0.899,0.128,0.163
20000,8,0.952,0.139,0.163
20000,8,0.963,0.135,0.163
20000,8,1.061,0.149,0.162
20000,8,0.950,0.138,0.162
20000,8,1.046,0.140,0.162
20000,8,1.047,0.141,0.162
20000,8,0.968,0.139,0.163
20000,8,0.985,0.139,0.163
20000,8,1.017,0.156,0.162
20000,8,0.993,0.141,0.163
20000,8,0.967,0.145,0.163
20000,8,1.574,0.135,0.167
20000,8,1.069,0.161,0.163
20000,8,0.963,0.131,0.162
20000,8,0.967,0.130,0.163
20000,8,1.115,0.155,0.163
20000,8,1.149,0.160,0.163
20000,8,0.926,0.142,0.163
20000,8,0.955,0.139,0.163
20000,8,9.401,0.135,0.168
20000,8,0.884,0.135,0.163
20000,8,0.896,0.119,0.163
20000,8,0.827,0.116,0.163
20000,8,0.838,0.118,0.163
20000,8,0.946,0.120,0.163
20000,8,1.098,0.145,0.162
20000,8,2.819,0.136,0.166
20000,8,1.033,0.147,0.163
20000,8,0.939,0.140,0.162
20000,8,0.838,0.119,0.163
20000,8,0.844,0.117,0.163
20000,8,0.872,0.116,0.163
20000,8,0.807,0.116,0.163
20000,8,0.766,0.110,0.163
20000,8,0.817,0.114,0.163
20000,8,0.837,0.120,0.163
20000,8,0.910,0.131,0.163
20000,8,0.892,0.121,0.163
20000,8,0.840,0.117,0.163
20000,8,0.877,0.122,0.163
20000,8,1.018,0.122,0.163
20000,8,0.952,0.138,0.164
20000,8,0.919,0.131,0.164
20000,8,0.973,0.130,0.162
20000,8,0.890,0.130,0.163
20000,8,0.801,0.113,0.163
20000,8,0.776,0.108,0.163
20000,8,0.825,0.107,0.163
20000,8,1.039,0.116,0.163
20000,8,0.885,0.132,0.162
20000,8,0.820,0.115,0.163
20000,8,0.810,0.115,0.162
20000,8,0.818,0.111,0.163
20000,8,0.848,0.115,0.162
20000,8,0.918,0.116,0.163
20000,8,0.837,0.117,0.163
20000,8,0.821,0.116,0.163
20000,8,0.837,0.115,0.163
20000,8,0.877,0.120,0.162
20000,8,0.866,0.121,0.163
20000,8,0.834,0.117,0.163
20000,8,0.825,0.108,0.163
20000,8,0.874,0.110,0.163
20000,8,0.893,0.110,0.163
20000,8,0.865,0.110,0.163
20000,8,0.828,0.106,0.163
20000,8,0.885,0.111,0.163
20000,8,0.917,0.120,0.163
20000,8,0.850,0.120,0.163
20000,8,0.824,0.115,0.163
20000,8,0.841,0.108,0.163
20000,8,0.862,0.111,0.163
20000,8,0.787,0.109,0.163
20000,8,0.791,0.111,0.163
20000,8,0.762,0.107,0.163
20000,8,0.809,0.106,0.162
20000,8,1.008,0.107,0.163
20000,8,0.868,0.115,0.163
20000,8,0.875,0.109,0.163
20000,8,0.761,0.105,0.163
20000,8,0.860,0.105,0.163
20000,8,0.888,0.105,0.163
20000,8,0.813,0.107,0.162
20000,8,0.765,0.114,0.163
20000,8,9.923,0.105,0.169
20000,8,0.794,0.123,0.163
20000,8,0.739,0.102,0.163
20000,8,0.748,0.105,0.163
20000,8,0.734,0.100,0.163
20000,8,0.764,0.102,0.163
20000,8,0.803,0.103,0.163
20000,8,0.852,0.103,0.162
20000,8,0.811,0.104,0.162
20000,8,0.746,0.104,0.163
20000,8,0.748,0.098,0.163
20000,8,0.733,0.102,0.162
20000,8,0.787,0.102,0.163
20000,8,0.886,0.108,0.163
20000,8,0.943,0.119,0.163
20000,8,0.879,0.114,0.162
20000,8,0.838,0.111,0.162
20000,8,0.810,0.104,0.163
20000,8,0.742,0.104,0.163
20000,8,0.769,0.102,0.163
20000,8,0.841,0.113,0.163
20000,8,0.817,0.106,0.162
20000,8,0.787,0.104,0.163
20000,8,0.739,0.102,0.163
20000,8,0.795,0.105,0.162
20000,8,0.764,0.108,0.163
20000,8,2.323,0.102,0.167
20000,8,0.764,0.106,0.163
20000,8,0.782,0.103,0.163
20000,8,0.834,0.111,0.163
20000,8,0.769,0.107,0.163
20000,8,0.773,0.105,0.163
20000,8,0.818,0.106,0.163
20000,8,0.778,0.101,0.164
20000,8,0.846,0.113,0.163
20000,8,0.787,0.112,0.163
20000,8,0.778,0.106,0.163
20000,8,0.839,0.103,0.163
20000,8,0.807,0.111,0.162
20000,8,0.868,0.103,0.163
20000,8,0.882,0.106,0.163
20000,8,0.807,0.103,0.163
20000,8,0.943,0.106,0.163
20000,8,0.970,0.138,0.163
20000,8,7.581,0.116,0.168
20000,8,1.058,0.143,0.163
20000,8,1.039,0.127,0.163
20000,8,1.000,0.139,0.162
20000,8,0.990,0.144,0.162
20000,8,0.943,0.127,0.164
20000,8,0.866,0.119,0.163
20000,8,0.852,0.118,0.163
20000,8,0.861,0.116,0.163
20000,8,0.892,0.131,0.163
20000,8,0.874,0.121,0.163
20000,8,0.848,0.121,0.163
20000,8,0.888,0.117,0.163
20000,8,0.826,0.112,0.163
20000,8,0.970,0.116,0.163
20000,8,0.964,0.117,0.163
20000,8,0.923,0.115,0.163
20000,8,1.210,0.121,0.163
20000,8,1.000,0.128,0.163
20000,8,0.961,0.125,0.163
20000,8,0.939,0.125,0.162
20000,8,10.753,0.121,0.168
20000,8,1.028,0.138,0.162
20000,8,0.999,0.135,0.163
20000,8,0.998,0.132,0.163
20000,8,0.972,0.132,0.163
20000,8,0.920,0.126,0.163
20000,8,1.025,0.207,0.163
20000,8,0.917,0.121,0.163
20000,8,0.880,0.117,0.163
20000,8,0.843,0.119,0.162
20000,8,0.869,0.115,0.163
20000,8,0.851,0.123,0.162
20000,8,0.839,0.120,0.163
20000,8,0.884,0.116,0.163
20000,8,0.928,0.130,0.163
20000,8,0.891,0.125,0.163
20000,8,0.903,0.121,0.163
20000,8,0.861,0.122,0.163
20000,8,0.878,0.118,0.163
20000,8,0.900,0.120,0.163
20000,8,0.947,0.120,0.163
20000,8,1.142,0.120,0.163
20000,8,0.921,0.127,0.162
20000,8,1.157,0.174,0.163
20000,8,1.105,0.141,0.163
20000,8,0.947,0.132,0.163
20000,8,1.000,0.124,0.162
20000,8,1.107,0.160,0.163
20000,8,1.115,0.148,0.163
20000,8,1.038,0.138,0.163
20000,8,1.056,0.153,0.163
20000,8,1.059,0.153,0.162
20000,8,0.967,0.142,0.163
20000,8,1.041,0.135,0.163
20000,8,1.004,0.139,0.162
20000,8,1.016,0.135,0.163
20000,8,1.054,0.161,0.163
20000,8,1.040,0.148,0.163
20000,8,1.076,0.146,0.163
20000,8,1.063,0.145,0.162
20000,8,0.982,0.142,0.163
20000,8,1.011,0.131,0.163
20000,8,1.111,0.139,0.163
20000,8,1.129,0.171,0.163
20000,8,1.124,0.157,0.163
20000,8,1.128,0.200,0.163
20000,8,1.060,0.158,0.163
20000,8,1.054,0.159,0.163
20000,8,1.004,0.145,0.163
20000,8,1.005,0.149,0.163
20000,8,1.018,0.145,0.163
20000,8,1.018,0.152,0.163
20000,8,1.032,0.137,0.163
20000,8,1.200,0.183,0.163
20000,8,1.177,0.165,0.162
20000,8,1.130,0.168,0.163
20000,8,1.118,0.161,0.163
20000,8,1.214,0.157,0.163
20000,8,1.128,0.163,0.163
20000,8,1.177,0.163,0.163
20000,8,1.126,0.155,0.163
20000,8,1.121,0.150,0.163
20000,8,1.170,0.165,0.163
20000,8,1.214,0.166,0.162
20000,8,1.219,0.173,0.163
20000,8,1.157,0.161,0.163
20000,8,21.124,19.957,0.164
20000,8,1.071,0.147,0.162
20000,8,0.952,0.139,0.163
20000,8,0.918,0.138,0.163
20000,8,1.020,0.144,0.163
20000,8,0.983,0.146,0.163
20000,8,1.013,0.152,0.163
20000,8,0.969,0.133,0.163
20000,8,1.004,0.133,0.163
20000,8,1.013,0.139,0.163
20000,8,1.041,0.135,0.162
20000,8,1.026,0.138,0.163
20000,8,1.078,0.143,0.163
20000,8,1.246,0.162,0.163
20000,8,0.965,0.139,0.163
20000,8,0.994,0.141,0.163
20000,8,0.960,0.143,0.163
20000,8,0.999,0.141,0.163
20000,8,1.119,0.144,0.163
20000,8,1.048,0.150,0.162
20000,8,0.983,0.133,0.163
20000,8,0.942,0.124,0.162
20000,8,0.895,0.120,0.163
20000,8,0.934,0.123,0.163
20000,8,0.947,0.119,0.163
20000,8,0.940,0.120,0.162
20000,8,0.903,0.123,0.163
20000,8,0.870,0.122,0.163
20000,8,0.915,0.122,0.163
20000,8,1.005,0.132,0.163
20000,8,0.999,0.145,0.162
20000,8,0.938,0.137,0.163
20000,8,1.082,0.138,0.163
20000,8,1.070,0.143,0.163
20000,8,0.990,0.142,0.163
20000,8,0.912,0.140,0.162
20000,8,0.904,0.128,0.163
20000,8,0.855,0.127,0.163
20000,8,0.918,0.123,0.163
20000,8,0.853,0.125,0.163
20000,8,0.841,0.124,0.163
20000,8,0.864,0.125,0.163
20000,8,0.959,0.123,0.163
20000,8,0.960,0.126,0.163
20000,8,0.876,0.123,0.163
20000,8,1.305,0.120,0.162
20000,8,0.968,0.138,0.163
20000,8,1.000,0.138,0.163
20000,8,1.020,0.142,0.163
20000,8,0.980,0.146,0.163
20000,8,0.917,0.132,0.163
20000,8,0.895,0.129,0.163
20000,8,1.354,0.136,0.162
20000,8,0.957,0.141,0.163
20000,8,0.896,0.134,0.163
20000,8,0.881,0.124,0.163
20000,8,0.950,0.126,0.163
20000,8,0.946,0.132,0.163
20000,8,1.045,0.126,0.163
20000,8,0.909,0.122,0.163
20000,8,0.883,0.119,0.163
20000,8,1.063,0.125,0.163
20000,8,0.932,0.117,0.163
20000,8,1.418,0.119,0.163
20000,8,1.046,0.136,0.163
20000,8,15.049,14.043,0.164
20000,12,1.034,0.161,0.162
20000,12,1.009,0.159,0.163
20000,12,0.983,0.152,0.163
20000,12,0.993,0.155,0.162
20000,12,1.020,0.157,0.163
20000,12,1.043,0.155,0.163
20000,12,10.865,0.168,0.169
20000,12,1.123,0.179,0.163
20000,12,1.024,0.161,0.162
20000,12,0.985,0.157,0.163
20000,12,1.105,0.152,0.162
20000,12,0.982,0.158,0.163
20000,12,1.080,0.159,0.163
20000,12,1.069,0.167,0.163
20000,12,1.007,0.169,0.163
20000,12,1.006,0.162,0.163
20000,12,0.997,0.152,0.163
20000,12,1.034,0.157,0.163
20000,12,1.063,0.165,0.163
20000,12,1.042,0.157,0.162
20000,12,1.005,0.160,0.163
20000,12,0.995,0.159,0.163
20000,12,1.033,0.156,0.163
20000,12,1.120,0.158,0.163
20000,12,1.051,0.161,0.163
20000,12,3.132,0.160,0.167
20000,12,1.172,0.176,0.163
20000,12,1.087,0.168,0.163
20000,12,0.992,0.156,0.163
20000,12,0.963,0.159,0.163
20000,12,0.967,0.150,0.163
20000,12,1.135,0.160,0.163
20000,12,1.073,0.161,0.163
20000,12,0.994,0.159,0.163
20000,12,1.000,0.160,0.163
20000,12,1.013,0.157,0.163
20000,12,1.053,0.160,0.163
20000,12,1.002,0.160,0.162
20000,12,1.063,0.159,0.163
20000,12,1.093,0.164,0.163
20000,12,1.047,0.160,0.163
20000,12,1.098,0.161,0.162
20000,12,1.106,0.151,0.163
20000,12,1.121,0.163,0.162
20000,12,1.110,0.158,0.162
20000,12,1.446,0.164,0.163
20000,12,1.098,0.165,0.163
20000,12,1.079,0.168,0.163
20000,12,1.032,0.152,0.163
20000,12,1.085,0.159,0.163
20000,12,1.126,0.165,0.163
20000,12,1.034,0.162,0.163
20000,12,1.030,0.157,0.163
20000,12,1.142,0.172,0.162
20000,12,11.544,10.446,0.163
20000,12,1.136,0.167,0.163
20000,12,1.251,0.172,0.163
20000,12,1.232,0.188,0.163
20000,12,1.079,0.176,0.162
20000,12,0.998,0.151,0.163
20000,12,1.005,0.154,0.163
20000,12,1.010,0.158,0.163
20000,12,1.070,0.156,0.163
20000,12,1.098,0.170,0.164
20000,12,0.999,0.155,0.163
20000,12,1.000,0.154,0.163
20000,12,1.106,0.156,0.163
20000,12,1.039,0.154,0.163
20000,12,1.119,0.156,0.163
20000,12,1.152,0.167,0.163
20000,12,1.220,0.187,0.163
20000,12,1.345,0.234,0.163
20000,12,1.287,0.213,0.163
20000,12,1.303,0.188,0.163
20000,12,1.287,0.207,0.163
20000,12,1.264,0.194,0.163
20000,12,1.372,0.200,0.163
20000,12,1.455,0.232,0.164
20000,12,1.462,0.239,0.163
20000,12,1.383,0.204,0.164
20000,12,1.212,0.188,0.163
20000,12,1.185,0.184,0.163
20000,12,1.389,0.203,0.163
20000,12,1.300,0.200,0.163
20000,12,1.512,0.239,0.163
20000,12,1.381,0.215,0.163
20000,12,1.340,0.205,0.163
20000,12,1.274,0.207,0.162
20000,12,1.329,0.194,0.163
20000,12,1.237,0.195,0.163
20000,12,1.369,0.203,0.163
20000,12,1.376,0.218,0.163
20000,12,3.586,0.207,0.164
20000,12,1.318,0.206,0.163
20000,12,1.402,0.317,0.163
20000,12,1.310,0.212,0.163
20000,12,1.233,0.192,0.162
20000,12,2.558,0.203,0.163
20000,12,1.381,0.210,0.164
20000,12,1.249,0.215,0.163
20000,12,1.311,0.199,0.163
20000,12,20.951,0.187,0.164
20000,12,1.164,0.178,0.163
20000,12,1.150,0.166,0.163
20000,12,1.108,0.182,0.163
20000,12,1.118,0.168,0.163
20000,12,1.162,0.180,0.163
20000,12,1.143,0.185,0.163
20000,12,1.100,0.176,0.163
20000,12,1.141,0.182,0.163
20000,12,1.104,0.180,0.163
20000,12,1.057,0.171,0.163
20000,12,1.024,0.165,0.163
20000,12,1.018,0.175,0.163
20000,12,1.076,0.175,0.163
20000,12,1.057,0.166,0.163
20000,12,0.987,0.162,0.163
20000,12,1.079,0.157,0.163
20000,12,1.042,0.161,0.163
20000,12,1.045,0.160,0.163
20000,12,1.038,0.171,0.162
20000,12,1.105,0.168,0.163
20000,12,1.110,0.182,0.163
20000,12,1.132,0.184,0.163
20000,12,1.065,0.178,0.163
20000,12,1.055,0.173,0.163
20000,12,1.105,0.171,0.163
20000,12,1.057,0.179,0.163
20000,12,0.975,0.169,0.163
20000,12,1.009,0.170,0.163
20000,12,1.035,0.170,0.163
20000,12,1.124,0.171,0.163
20000,12,1.195,0.168,0.163
20000,12,0.998,0.171,0.163
20000,12,0.980,0.165,0.163
20000,12,1.062,0.164,0.162
20000,12,0.959,0.165,0.163
20000,12,1.055,0.181,0.163
20000,12,0.989,0.175,0.163
20000,12,1.089,0.176,0.163
20000,12,1.334,0.227,0.163
20000,12,1.101,0.191,0.163
20000,12,1.084,0.175,0.163
20000,12,1.059,0.173,0.163
20000,12,1.032,0.160,0.163
20000,12,0.993,0.155,0.163
20000,12,0.984,0.155,0.163
20000,12,0.914,0.160,0.163
20000,12,11.109,0.158,0.170
20000,12,0.996,0.164,0.163
20000,12,0.885,0.143,0.163
20000,12,0.860,0.136,0.163
20000,12,0.873,0.144,0.163
20000,12,1.778,0.133,0.166
20000,12,0.888,0.133,0.163
20000,12,0.881,0.127,0.163
20000,12,0.822,0.127,0.163
20000,12,0.812,0.128,0.163
20000,12,0.841,0.131,0.163
20000,12,0.873,0.129,0.163
20000,12,1.546,0.133,0.167
20000,12,0.848,0.139,0.163
20000,12,0.919,0.132,0.163
20000,12,0.975,0.127,0.163
20000,12,0.961,0.126,0.163
20000,12,0.856,0.124,0.163
20000,12,0.820,0.112,0.163
20000,12,0.753,0.109,0.163
20000,12,0.844,0.102,0.162
20000,12,0.793,0.104,0.163
20000,12,0.840,0.103,0.163
20000,12,0.829,0.099,0.163
20000,12,0.833,0.101,0.163
20000,12,0.819,0.102,0.163
20000,12,0.778,0.104,0.163
20000,12,0.810,0.101,0.163
20000,12,0.849,0.104,0.163
20000,12,0.857,0.104,0.163
20000,12,0.794,0.100,0.163
20000,12,0.720,0.103,0.163
20000,12,0.678,0.095,0.163
20000,12,0.722,0.095,0.163
20000,12,0.676,0.094,0.163
20000,12,0.696,0.094,0.163
20000,12,0.807,0.103,0.163
20000,12,0.705,0.097,0.163
20000,12,0.786,0.095,0.163
20000,12,0.779,0.109,0.163
20000,12,0.746,0.101,0.163
20000,12,0.754,0.099,0.163
20000,12,0.792,0.101,0.163
20000,12,0.790,0.093,0.163
20000,12,0.723,0.087,0.163
20000,12,0.791,0.085,0.163
20000,12,0.679,0.087,0.163
20000,12,0.732,0.092,0.163
20000,12,0.807,0.093,0.163
20000,12,0.764,0.086,0.163
20000,12,0.716,0.085,0.163
20000,12,0.662,0.084,0.163
20000,12,11.965,0.084,0.168
20000,12,0.737,0.102,0.163
20000,12,0.665,0.079,0.163
20000,12,0.713,0.087,0.162
20000,12,0.657,0.079,0.163
20000,12,0.806,0.079,0.163
20000,12,0.824,0.088,0.163
20000,12,0.768,0.087,0.163
20000,12,0.862,0.088,0.163
20000,12,0.852,0.087,0.163
20000,12,0.819,0.094,0.163
20000,12,0.749,0.092,0.163
20000,12,0.731,0.080,0.163
20000,12,0.770,0.088,0.163
20000,12,0.773,0.082,0.163
20000,12,0.746,0.078,0.163
20000,12,0.740,0.080,0.163
20000,12,0.737,0.079,0.163
20000,12,0.763,0.089,0.163
20000,12,0.719,0.086,0.163
20000,12,0.689,0.087,0.163
20000,12,0.739,0.077,0.163
20000,12,0.694,0.076,0.163
20000,12,0.782,0.081,0.163
20000,12,0.793,0.077,0.163
20000,12,0.757,0.078,0.163
20000,12,0.689,0.074,0.163
20000,12,0.690,0.076,0.163
20000,12,0.685,0.073,0.163
20000,12,0.684,0.074,0.163
20000,12,0.635,0.071,0.163
20000,12,0.792,0.080,0.163
20000,12,0.764,0.075,0.163
20000,12,0.811,0.080,0.163
20000,12,0.803,0.081,0.163
20000,12,0.773,0.079,0.163
20000,12,0.804,0.084,0.163
20000,12,0.719,0.080,0.163
20000,12,0.683,0.072,0.163
20000,12,0.718,0.079,0.163
20000,12,0.791,0.080,0.163
20000,12,0.784,0.077,0.163
20000,12,0.684,0.074,0.163
20000,12,0.685,0.070,0.163
20000,12,0.744,0.072,0.163
20000,12,0.777,0.070,0.163
20000,12,0.694,0.072,0.163
20000,12,0.622,0.070,0.163
20000,12,0.702,0.068,0.163
20000,12,0.684,0.069,0.163
20000,12,0.687,0.072,0.163
20000,12,0.766,0.071,0.163
20000,12,11.419,10.581,0.164
20000,12,0.671,0.076,0.163
20000,12,0.663,0.073,0.163
20000,12,0.674,0.072,0.163
20000,12,0.679,0.069,0.163
20000,12,0.670,0.075,0.163
20000,12,0.733,0.068,0.163
20000,12,0.774,0.089,0.163
20000,12,0.756,0.075,0.163
20000,12,0.672,0.072,0.163
20000,12,0.730,0.078,0.163
20000,12,0.780,0.084,0.163
20000,12,0.771,0.081,0.163
20000,12,0.734,0.079,0.163
20000,12,0.716,0.069,0.163
20000,12,0.767,0.078,0.163
20000,12,0.700,0.073,0.163
20000,12,0.755,0.072,0.163
20000,12,0.848,0.097,0.163
20000,12,0.855,0.097,0.163
20000,12,0.889,0.103,0.163
20000,12,0.854,0.102,0.163
20000,12,0.860,0.095,0.163
20000,12,0.763,0.083,0.163
20000,12,0.726,0.086,0.163
20000,12,0.753,0.088,0.163
20000,12,0.840,0.094,0.163
20000,12,0.817,0.095,0.163
20000,12,0.731,0.088,0.163
20000,12,0.703,0.079,0.163
20000,12,0.719,0.080,0.163
20000,12,0.677,0.080,0.163
20000,12,0.705,0.090,0.163
20000,12,0.679,0.090,0.163
20000,12,0.726,0.089,0.163
20000,12,0.693,0.089,0.163
20000,12,0.760,0.081,0.163
20000,12,0.792,0.095,0.164
20000,12,0.764,0.090,0.164
20000,12,0.763,0.095,0.163
20000,12,0.752,0.096,0.163
20000,12,0.726,0.099,0.163
20000,12,0.787,0.093,0.163
20000,12,0.761,0.097,0.163
20000,12,0.778,0.083,0.163
20000,12,0.726,0.084,0.163
20000,12,0.751,0.095,0.163
20000,12,0.741,0.093,0.163
20000,18,0.743,0.083,0.162
20000,18,0.964,0.091,0.163
20000,18,0.886,0.094,0.163
20000,18,0.818,0.091,0.163
20000,18,2.722,0.094,0.163
20000,18,2.893,0.100,0.164
20000,18,1.203,0.171,0.164
20000,18,0.864,0.119,0.163
20000,18,0.806,0.108,0.163
20000,18,1.056,0.090,0.163
20000,18,1.678,0.113,0.166
20000,18,0.807,0.099,0.163
20000,18,0.839,0.097,0.163
20000,18,1.015,0.096,0.163
20000,18,2.418,0.104,0.167
20000,18,1.657,0.116,0.163
20000,18,0.888,0.105,0.163
20000,18,0.818,0.093,0.163
20000,18,5.963,0.093,0.167
20000,18,0.912,0.119,0.163
20000,18,0.877,0.116,0.163
20000,18,0.832,0.106,0.163
20000,18,4.238,0.102,0.163
20000,18,4.273,0.129,0.164
20000,18,0.948,0.125,0.164
20000,18,0.782,0.103,0.163
20000,18,0.804,0.096,0.163
20000,18,0.736,0.095,0.163
20000,18,0.762,0.084,0.163
20000,18,0.740,0.090,0.163
20000,18,0.735,0.087,0.163
20000,18,0.733,0.086,0.162
20000,18,0.731,0.086,0.163
20000,18,0.739,0.088,0.163
20000,18,19.997,0.083,0.168
20000,18,1.121,0.142,0.164
20000,18,0.867,0.097,0.163
20000,18,6.189,0.087,0.164
20000,18,1.163,0.135,0.164
20000,18,0.835,0.102,0.164
20000,18,0.753,0.088,0.163
20000,18,0.790,0.084,0.163
20000,18,0.879,0.086,0.163
20000,18,0.839,0.087,0.163
20000,18,1.893,0.088,0.167
20000,18,0.685,0.091,0.163
20000,18,1.735,0.091,0.168
20000,18,0.801,0.095,0.163
20000,18,0.843,0.091,0.163
20000,18,0.835,0.089,0.163
20000,18,0.873,0.090,0.163
20000,18,0.876,0.091,0.163
20000,18,0.808,0.089,0.163
20000,18,0.841,0.091,0.163
20000,18,0.803,0.090,0.163
20000,18,0.869,0.090,0.163
20000,18,0.806,0.086,0.163
20000,18,0.840,0.092,0.163
20000,18,0.810,0.087,0.163
20000,18,0.768,0.087,0.163
20000,18,0.853,0.094,0.163
20000,18,0.831,0.093,0.163
20000,18,0.807,0.087,0.163
20000,18,0.768,0.086,0.163
20000,18,0.898,0.090,0.163
20000,18,0.861,0.094,0.163
20000,18,0.795,0.087,0.164
20000,18,0.752,0.089,0.163
20000,18,0.756,0.083,0.163
20000,18,0.847,0.101,0.163
20000,18,12.537,11.603,0.164
20000,18,0.885,0.106,0.163
20000,18,0.846,0.087,0.163
20000,18,0.851,0.085,0.163
20000,18,0.848,0.100,0.163
20000,18,0.833,0.086,0.163
20000,18,0.861,0.091,0.163
20000,18,0.841,0.088,0.163
20000,18,0.773,0.087,0.163
20000,18,0.822,0.090,0.163
20000,18,0.966,0.102,0.164
20000,18,0.908,0.098,0.163
20000,18,0.974,0.129,0.163
20000,18,0.941,0.123,0.163
20000,18,1.162,0.102,0.163
20000,18,0.884,0.108,0.163
20000,18,0.876,0.090,0.163
20000,18,0.860,0.102,0.163
20000,18,0.867,0.108,0.163
20000,18,0.867,0.098,0.163
20000,18,0.885,0.111,0.163
20000,18,0.901,0.112,0.163
20000,18,0.892,0.105,0.163
20000,18,0.867,0.109,0.163
20000,18,0.887,0.114,0.163
20000,18,0.960,0.110,0.163
20000,18,0.855,0.111,0.163
20000,18,0.916,0.107,0.163
20000,18,0.853,0.110,0.163
20000,18,0.840,0.107,0.163
20000,18,0.854,0.099,0.163
20000,18,0.843,0.109,0.163
20000,18,0.821,0.112,0.164
20000,18,0.796,0.100,0.164
20000,18,0.821,0.114,0.163
20000,18,0.804,0.106,0.163
20000,18,21.125,0.098,0.168
20000,18,0.883,0.098,0.163
20000,18,0.773,0.082,0.163
20000,18,0.769,0.079,0.163
20000,18,0.829,0.087,0.163
20000,18,0.766,0.096,0.163
20000,18,1.517,0.086,0.163
20000,18,0.928,0.098,0.163
20000,18,0.722,0.096,0.163
20000,18,0.736,0.084,0.163
20000,18,0.780,0.079,0.163
20000,18,0.825,0.077,0.163
20000,18,0.772,0.079,0.163
20000,18,0.754,0.080,0.163
20000,18,0.734,0.078,0.163
20000,18,0.692,0.079,0.163
20000,18,0.706,0.079,0.163
20000,18,0.951,0.074,0.163
20000,18,0.703,0.076,0.163
20000,18,0.753,0.076,0.163
20000,18,0.694,0.072,0.164
20000,18,0.709,0.072,0.163
20000,18,0.718,0.071,0.163
20000,18,0.766,0.077,0.163
20000,18,0.643,0.075,0.163
20000,18,0.733,0.076,0.164
20000,18,0.828,0.090,0.163
20000,18,0.776,0.080,0.163
20000,18,1.296,0.078,0.163
20000,18,0.834,0.088,0.163
20000,18,0.755,0.086,0.163
20000,18,0.828,0.078,0.163
20000,18,0.802,0.077,0.163
20000,18,0.773,0.076,0.163
20000,18,0.761,0.080,0.163
20000,18,0.749,0.088,0.163
20000,18,11.376,0.099,0.169
20000,18,0.768,0.091,0.164
20000,18,0.713,0.072,0.163
20000,18,0.819,0.074,0.163
20000,18,0.821,0.076,0.163
20000,18,0.842,0.078,0.163
20000,18,0.759,0.074,0.163
20000,18,0.735,0.073,0.163
20000,18,0.720,0.087,0.163
20000,18,0.711,0.082,0.163
20000,18,0.706,0.078,0.163
20000,18,0.784,0.073,0.163
20000,18,0.808,0.077,0.163
20000,18,0.797,0.076,0.163
20000,18,0.815,0.076,0.163
20000,18,0.815,0.075,0.163
20000,18,0.810,0.075,0.163
20000,18,0.795,0.077,0.163
20000,18,0.754,0.079,0.163
20000,18,0.755,0.077,0.163
20000,18,0.721,0.075,0.163
20000,18,0.682,0.076,0.163
20000,18,0.669,0.074,0.163
20000,18,0.678,0.073,0.163
20000,18,0.707,0.081,0.163
20000,18,0.652,0.078,0.163
20000,18,0.721,0.077,0.163
20000,18,0.740,0.076,0.163
20000,18,0.707,0.079,0.164
20000,18,0.682,0.082,0.163
20000,18,0.695,0.082,0.163
20000,18,0.678,0.076,0.163
20000,18,0.737,0.075,0.164
20000,18,0.742,0.075,0.163
20000,18,0.700,0.071,0.164
20000,18,0.681,0.072,0.163
20000,18,12.566,0.072,0.167
20000,18,0.842,0.108,0.163
20000,18,0.789,0.081,0.163
20000,18,0.815,0.078,0.164
20000,18,0.735,0.078,0.163
20000,18,0.766,0.082,0.163
20000,18,0.728,0.089,0.163
20000,18,0.782,0.074,0.164
20000,18,0.818,0.080,0.163
20000,18,0.805,0.081,0.163
20000,18,0.787,0.078,0.163
20000,18,0.855,0.079,0.163
20000,18,0.837,0.084,0.163
20000,18,0.830,0.088,0.163
20000,18,0.819,0.097,0.165
20000,18,0.850,0.088,0.163
20000,18,0.805,0.083,0.163
20000,18,0.993,0.088,0.164
20000,18,0.837,0.083,0.163
20000,18,0.814,0.081,0.164
20000,18,0.739,0.080,0.163
20000,18,0.702,0.079,0.163
20000,18,0.813,0.079,0.163
20000,18,0.802,0.080,0.163
20000,18,0.756,0.076,0.163
20000,18,0.676,0.074,0.163
20000,18,0.756,0.076,0.164
20000,18,0.816,0.086,0.164
20000,18,0.704,0.079,0.164
20000,18,0.650,0.080,0.163
20000,18,0.703,0.078,0.163
20000,18,0.672,0.081,0.163
20000,18,0.653,0.080,0.163
20000,18,0.671,0.078,0.163
20000,18,0.697,0.083,0.163
20000,18,0.703,0.080,0.163
20000,18,23.196,0.077,0.166
20000,18,1.029,0.116,0.164
20000,18,0.745,0.092,0.163
20000,18,0.759,0.089,0.163
20000,18,0.813,0.088,0.164
20000,18,0.795,0.087,0.163
20000,18,0.770,0.085,0.163
20000,18,0.745,0.084,0.163
20000,18,0.742,0.081,0.164
20000,18,0.748,0.081,0.163
20000,18,0.734,0.083,0.163
20000,18,0.727,0.083,0.164
20000,18,0.810,0.081,0.163
20000,18,0.958,0.114,0.163
20000,18,0.848,0.110,0.163
20000,18,0.798,0.101,0.163
20000,18,0.788,0.099,0.163
20000,18,0.810,0.110,0.164
20000,18,0.892,0.105,0.163
20000,18,0.975,0.114,0.164
20000,18,0.952,0.118,0.164
20000,18,0.892,0.124,0.164
20000,18,0.855,0.113,0.163
20000,18,0.797,0.107,0.164
20000,18,0.805,0.100,0.163
20000,18,0.823,0.105,0.163
20000,18,0.791,0.098,0.164
20000,18,0.880,0.105,0.163
20000,18,0.832,0.103,0.163
20000,18,0.824,0.103,0.164
20000,18,0.813,0.095,0.164
20000,18,0.808,0.096,0.164
20000,18,0.915,0.103,0.163
20000,18,0.909,0.115,0.164
20000,18,0.811,0.102,0.163
20000,18,0.837,0.102,0.163
20000,18,28.050,0.101,0.168
20000,18,0.897,0.122,0.164
20000,18,0.830,0.096,0.164
20000,18,0.881,0.096,0.164
20000,18,0.810,0.091,0.164
20000,18,0.751,0.085,0.163
20000,18,0.708,0.085,0.163
20000,18,0.711,0.086,0.163
20000,18,0.769,0.084,0.163
20000,18,0.726,0.091,0.163
20000,18,0.821,0.083,0.163
20000,18,0.803,0.085,0.163
20000,18,0.694,0.085,0.163
20000,18,2.057,0.082,0.164
20000,18,0.817,0.097,0.164
20000,18,0.814,0.094,0.164
20000,18,0.680,0.087,0.163
20000,18,0.687,0.085,0.164
20000,18,0.684,0.082,0.163
20000,18,0.667,0.081,0.163
20000,18,1.363,0.086,0.163
20000,18,2.105,0.094,0.170
20000,18,0.862,0.101,0.164
20000,18,0.815,0.092,0.164
20000,18,0.795,0.086,0.164
20000,18,0.790,0.089,0.163
20000,18,0.751,0.087,0.163
20000,18,0.762,0.085,0.164
20000,18,0.782,0.086,0.163
20000,18,0.757,0.086,0.163
20000,18,0.705,0.082,0.164
20000,18,0.676,0.084,0.163
20000,18,0.750,0.081,0.164
20000,18,0.768,0.087,0.163
20000,18,0.773,0.088,0.163
20000,18,0.729,0.085,0.163
20000,18,0.681,0.080,0.163
20000,18,13.137,12.201,0.164
20000,18,0.852,0.098,0.163
20000,18,0.882,0.104,0.163
20000,18,0.876,0.123,0.163
20000,18,0.857,0.106,0.164
20000,18,0.776,0.094,0.163
20000,18,1.337,0.099,0.164
20000,18,0.802,0.098,0.163
20000,18,0.823,0.099,0.163
20000,18,1.578,0.114,0.164
20000,18,0.851,0.110,0.163
20000,18,0.929,0.098,0.164
20000,18,0.917,0.106,0.163
20000,27,16.756,0.114,0.169
20000,27,0.915,0.133,0.164
20000,27,0.830,0.117,0.163
20000,27,0.929,0.112,0.163
20000,27,2.188,0.125,0.164
20000,27,1.122,0.141,0.164
20000,27,0.925,0.123,0.163
20000,27,0.965,0.180,0.163
20000,27,1.069,0.114,0.163
20000,27,1.072,0.160,0.163
20000,27,1.132,0.160,0.163
20000,27,1.112,0.156,0.163
20000,27,1.832,0.151,0.169
20000,27,1.135,0.168,0.163
20000,27,1.128,0.157,0.164
20000,27,1.066,0.144,0.163
20000,27,1.157,0.161,0.163
20000,27,1.071,0.148,0.163
20000,27,1.140,0.142,0.164
20000,27,1.122,0.155,0.164
20000,27,1.105,0.154,0.163
20000,27,1.051,0.146,0.164
20000,27,1.077,0.151,0.164
20000,27,1.062,0.152,0.164
20000,27,1.088,0.153,0.163
20000,27,22.463,21.436,0.165
20000,27,0.886,0.118,0.163
20000,27,0.831,0.108,0.163
20000,27,0.911,0.111,0.163
20000,27,0.974,0.111,0.163
20000,27,0.876,0.117,0.164
20000,27,0.895,0.114,0.163
20000,27,0.845,0.113,0.163
20000,27,0.829,0.105,0.164
20000,27,0.808,0.099,0.163
20000,27,0.896,0.101,0.163
20000,27,0.916,0.097,0.163
20000,27,0.817,0.098,0.163
20000,27,0.798,0.099,0.163
20000,27,0.918,0.096,0.163
20000,27,0.829,0.099,0.163
20000,27,0.902,0.099,0.163
20000,27,0.826,0.100,0.163
20000,27,0.790,0.097,0.164
20000,27,0.823,0.092,0.163
20000,27,0.965,0.097,0.164
20000,27,0.924,0.099,0.163
20000,27,0.862,0.099,0.164
20000,27,0.851,0.095,0.163
20000,27,10.779,0.100,0.168
20000,27,0.929,0.127,0.163
20000,27,0.792,0.112,0.164
20000,27,0.802,0.106,0.163
20000,27,0.916,0.097,0.164
20000,27,0.939,0.099,0.163
20000,27,0.910,0.097,0.163
20000,27,0.870,0.095,0.164
20000,27,0.936,0.098,0.163
20000,27,0.907,0.098,0.164
20000,27,0.911,0.101,0.163
20000,27,0.859,0.104,0.163
20000,27,0.833,0.106,0.164
20000,27,0.852,0.103,0.163
20000,27,0.860,0.100,0.163
20000,27,0.830,0.101,0.163
20000,27,0.779,0.100,0.163
20000,27,0.817,0.110,0.164
20000,27,0.851,0.106,0.164
20000,27,0.794,0.107,0.163
20000,27,0.814,0.103,0.163
20000,27,0.764,0.106,0.164
20000,27,0.874,0.100,0.164
20000,27,0.894,0.103,0.164
20000,27,0.867,0.102,0.163
20000,27,12.237,11.166,0.164
20000,27,0.903,0.121,0.164
20000,27,0.868,0.111,0.163
20000,27,0.965,0.109,0.163
20000,27,0.956,0.107,0.163
20000,27,0.942,0.109,0.164
20000,27,0.944,0.111,0.163
20000,27,0.951,0.104,0.164
20000,27,0.940,0.108,0.164
20000,27,0.952,0.109,0.163
20000,27,0.968,0.117,0.164
20000,27,0.943,0.113,0.164
20000,27,0.923,0.103,0.163
20000,27,0.922,0.116,0.163
20000,27,0.958,0.109,0.163
20000,27,0.940,0.104,0.164
20000,27,0.933,0.104,0.163
20000,27,0.851,0.101,0.163
20000,27,0.829,0.103,0.164
20000,27,0.928,0.104,0.164
20000,27,0.975,0.114,0.164
20000,27,0.862,0.104,0.163
20000,27,0.857,0.099,0.164
20000,27,0.823,0.095,0.163
20000,27,13.012,0.101,0.167
20000,27,0.932,0.117,0.164
20000,27,0.828,0.101,0.164
20000,27,0.868,0.099,0.164
20000,27,0.914,0.099,0.163
20000,27,1.019,0.101,0.164
20000,27,0.820,0.104,0.164
20000,27,0.864,0.102,0.163
20000,27,0.939,0.116,0.164
20000,27,1.051,0.137,0.163
20000,27,0.939,0.138,0.163
20000,27,0.965,0.128,0.164
20000,27,1.008,0.138,0.163
20000,27,1.026,0.144,0.164
20000,27,1.031,0.144,0.164
20000,27,0.969,0.152,0.163
20000,27,0.929,0.139,0.163
20000,27,1.028,0.132,0.164
20000,27,0.942,0.136,0.163
20000,27,0.955,0.141,0.163
20000,27,1.039,0.135,0.164
20000,27,1.052,0.126,0.163
20000,27,0.979,0.129,0.163
20000,27,0.972,0.124,0.163
20000,27,1.031,0.139,0.163
20000,27,21.910,20.957,0.164
20000,27,0.914,0.116,0.163
20000,27,0.920,0.108,0.163
20000,27,0.827,0.103,0.164
20000,27,0.903,0.102,0.164
20000,27,0.936,0.107,0.164
20000,27,0.939,0.106,0.163
20000,27,0.927,0.118,0.164
20000,27,0.963,0.107,0.163
20000,27,0.910,0.105,0.164
20000,27,2.652,0.104,0.170
20000,27,0.934,0.117,0.164
20000,27,0.951,0.116,0.163
20000,27,0.899,0.114,0.164
20000,27,0.957,0.109,0.164
20000,27,0.911,0.108,0.164
20000,27,0.937,0.100,0.164
20000,27,0.953,0.102,0.164
20000,27,0.969,0.104,0.163
20000,27,0.948,0.107,0.163
20000,27,0.932,0.106,0.163
20000,27,0.918,0.104,0.163
20000,27,0.884,0.116,0.164
20000,27,0.843,0.113,0.163
20000,27,17.271,0.111,0.170
20000,27,0.970,0.131,0.164
20000,27,0.972,0.107,0.164
20000,27,0.928,0.106,0.164
20000,27,0.780,0.104,0.164
20000,27,0.982,0.099,0.164
20000,27,1.050,0.107,0.164
20000,27,1.002,0.110,0.164
20000,27,0.949,0.111,0.163
20000,27,0.940,0.105,0.163
20000,27,0.860,0.103,0.163
20000,27,0.878,0.102,0.163
20000,27,0.964,0.099,0.164
20000,27,0.956,0.105,0.164
20000,27,0.866,0.108,0.163
20000,27,0.893,0.100,0.163
20000,27,0.908,0.102,0.164
20000,27,0.834,0.099,0.164
20000,27,0.842,0.101,0.164
20000,27,0.944,0.115,0.164
20000,27,0.909,0.108,0.163
20000,27,0.871,0.103,0.166
20000,27,0.871,0.102,0.163
20000,27,0.828,0.104,0.164
20000,27,0.995,0.111,0.163
20000,27,11.989,0.113,0.192
20000,27,0.866,0.118,0.163
20000,27,0.825,0.105,0.164
20000,27,0.890,0.101,0.163
20000,27,0.908,0.106,0.164
20000,27,0.873,0.106,0.164
20000,27,0.879,0.108,0.163
20000,27,0.924,0.101,0.163
20000,27,0.919,0.103,0.164
20000,27,0.917,0.115,0.164
20000,27,0.854,0.103,0.164
20000,27,0.834,0.105,0.164
20000,27,0.883,0.102,0.163
20000,27,0.940,0.119,0.163
20000,27,0.943,0.101,0.164
20000,27,0.880,0.106,0.164
20000,27,0.865,0.102,0.164
20000,27,0.888,0.103,0.164
20000,27,0.957,0.119,0.163
20000,27,0.937,0.108,0.164
20000,27,0.974,0.111,0.164
20000,27,0.859,0.116,0.163
20000,27,0.902,0.113,0.163
20000,27,0.904,0.103,0.164
20000,27,0.887,0.105,0.164
20000,27,15.229,14.256,0.168
20000,27,0.924,0.115,0.163
20000,27,0.942,0.125,0.164
20000,27,0.981,0.118,0.164
20000,27,0.935,0.114,0.163
20000,27,0.875,0.112,0.164
20000,27,0.835,0.106,0.164
20000,27,0.820,0.105,0.163
20000,27,0.960,0.102,0.164
20000,27,0.925,0.137,0.164
20000,27,1.002,0.135,0.163
20000,27,1.087,0.138,0.164
20000,27,1.014,0.134,0.164
20000,27,1.021,0.140,0.164
20000,27,0.935,0.137,0.164
20000,27,0.986,0.137,0.164
20000,27,0.922,0.137,0.164
20000,27,1.015,0.137,0.164
20000,27,1.007,0.136,0.164
20000,27,1.080,0.139,0.163
20000,27,1.033,0.136,0.163
20000,27,1.061,0.136,0.164
20000,27,1.040,0.138,0.163
20000,27,0.984,0.135,0.164
20000,27,23.147,0.135,0.184
20000,27,1.063,0.138,0.164
20000,27,1.032,0.123,0.164
20000,27,0.956,0.116,0.164
20000,27,0.851,0.112,0.164
20000,27,0.915,0.129,0.164
20000,27,0.873,0.112,0.164
20000,27,0.939,0.113,0.164
20000,27,0.967,0.115,0.164
20000,27,0.933,0.112,0.164
20000,27,0.924,0.109,0.165
20000,27,0.906,0.112,0.164
20000,27,0.973,0.106,0.164
20000,27,0.970,0.106,0.164
20000,27,0.960,0.107,0.164
20000,27,0.971,0.110,0.164
20000,27,0.917,0.109,0.164
20000,27,0.934,0.108,0.164
20000,27,0.844,0.106,0.164
20000,27,1.008,0.104,0.164
20000,27,0.895,0.115,0.164
20000,27,0.869,0.122,0.164
20000,27,1.006,0.121,0.164
20000,27,0.939,0.116,0.164
20000,27,1.196,0.121,0.164
20000,27,12.223,11.187,0.167
20000,27,0.873,0.124,0.164
20000,27,0.823,0.112,0.164
20000,27,0.786,0.105,0.164
20000,27,0.970,0.110,0.163
20000,27,0.912,0.112,0.164
20000,27,0.934,0.108,0.164
20000,27,0.960,0.107,0.164
20000,27,0.942,0.108,0.164
20000,27,0.891,0.109,0.164
20000,27,0.928,0.109,0.165
20000,27,0.926,0.114,0.164
20000,27,0.880,0.123,0.164
20000,27,0.847,0.112,0.164
20000,27,0.843,0.109,0.164
20000,27,0.826,0.109,0.164
20000,27,0.768,0.106,0.164
20000,27,0.885,0.105,0.164
20000,27,0.822,0.114,0.164
20000,27,0.800,0.110,0.164
20000,27,0.799,0.122,0.164
20000,27,0.884,0.108,0.163
20000,27,0.918,0.110,0.164
20000,27,0.936,0.104,0.164
20000,27,12.367,0.115,0.184
20000,27,0.977,0.140,0.164
20000,27,0.945,0.114,0.164
20000,27,0.937,0.110,0.164
20000,27,0.892,0.108,0.164
20000,27,0.851,0.102,0.164
20000,27,0.827,0.106,0.165
20000,27,0.838,0.102,0.164
20000,27,0.817,0.102,0.164
20000,27,0.867,0.102,0.164
20000,27,0.959,0.111,0.164
20000,27,0.896,0.105,0.164
20000,27,0.901,0.102,0.164
20000,27,0.950,0.108,0.164
20000,27,0.860,0.106,0.164
20000,27,0.967,0.108,0.164
20000,27,0.968,0.107,0.164
20000,27,0.943,0.106,0.164
20000,27,0.866,0.103,0.164
20000,27,0.950,0.108,0.164
20000,27,0.890,0.106,0.164
20000,27,0.991,0.120,0.164
20000,27,0.910,0.113,0.163
20000,27,1.008,0.112,0.164
20000,27,0.948,0.116,0.165
20000,27,12.995,12.053,0.169
20000,27,0.928,0.120,0.164
20000,27,0.900,0.120,0.164
20000,27,0.967,0.109,0.164
20000,27,0.897,0.106,0.164
20000,40,1.178,0.184,0.164
20000,40,1.312,0.196,0.164
20000,40,1.263,0.192,0.164
20000,40,1.235,0.206,0.164
20000,40,1.188,0.198,0.164
20000,40,1.242,0.191,0.164
20000,40,1.245,0.189,0.164
20000,40,11.810,0.190,0.188
20000,40,1.124,0.155,0.164
20000,40,1.079,0.147,0.164
20000,40,0.994,0.140,0.164
20000,40,1.036,0.137,0.164
20000,40,1.081,0.147,0.165
20000,40,1.104,0.154,0.164
20000,40,1.077,0.149,0.164
20000,40,1.022,0.142,0.164
20000,40,1.067,0.146,0.164
20000,40,1.004,0.138,0.164
20000,40,0.979,0.135,0.164
20000,40,1.039,0.136,0.164
20000,40,1.122,0.139,0.164
20000,40,1.022,0.144,0.164
20000,40,1.092,0.137,0.164
20000,40,1.167,0.136,0.164
20000,40,12.271,0.187,0.194
20000,40,1.160,0.162,0.164
20000,40,1.144,0.142,0.164
20000,40,1.102,0.141,0.164
20000,40,1.066,0.140,0.164
20000,40,1.079,0.141,0.164
20000,40,1.058,0.136,0.164
20000,40,1.035,0.139,0.164
20000,40,1.083,0.154,0.164
20000,40,1.164,0.145,0.164
20000,40,1.090,0.144,0.164
20000,40,1.099,0.147,0.164
20000,40,1.099,0.148,0.164
20000,40,1.129,0.149,0.164
20000,40,1.143,0.140,0.164
20000,40,1.133,0.142,0.164
20000,40,1.109,0.149,0.164
20000,40,13.181,12.124,0.170
20000,40,1.166,0.162,0.164
20000,40,1.119,0.144,0.164
20000,40,1.106,0.136,0.164
20000,40,1.103,0.135,0.164
20000,40,1.145,0.138,0.164
20000,40,1.247,0.192,0.164
20000,40,1.168,0.181,0.164
20000,40,1.283,0.211,0.164
20000,40,1.245,0.173,0.164
20000,40,1.264,0.195,0.164
20000,40,1.224,0.200,0.164
20000,40,1.253,0.193,0.164
20000,40,1.202,0.185,0.164
20000,40,1.196,0.186,0.164
20000,40,1.209,0.174,0.164
20000,40,1.222,0.181,0.164
20000,40,22.839,21.681,0.169
20000,40,1.131,0.151,0.164
20000,40,1.116,0.144,0.164
20000,40,1.125,0.143,0.164
20000,40,1.115,0.135,0.164
20000,40,1.045,0.141,0.165
20000,40,1.054,0.141,0.165
20000,40,1.107,0.154,0.164
20000,40,0.979,0.151,0.164
20000,40,1.013,0.145,0.165
20000,40,1.060,0.137,0.164
20000,40,1.001,0.136,0.164
20000,40,1.046,0.140,0.164
20000,40,1.037,0.142,0.164
20000,40,1.056,0.146,0.164
20000,40,1.550,0.141,0.164
20000,40,1.102,0.147,0.164
20000,40,16.227,15.038,0.170
20000,40,1.080,0.146,0.164
20000,40,1.142,0.147,0.165
20000,40,1.139,0.138,0.164
20000,40,1.111,0.140,0.164
20000,40,1.076,0.141,0.164
20000,40,1.054,0.139,0.164
20000,40,0.998,0.135,0.165
20000,40,1.119,0.138,0.164
20000,40,1.150,0.140,0.164
20000,40,1.119,0.140,0.164
20000,40,1.047,0.138,0.165
20000,40,1.048,0.135,0.164
20000,40,1.145,0.148,0.164
20000,40,1.131,0.149,0.165
20000,40,1.100,0.151,0.164
20000,40,1.085,0.145,0.164
20000,40,12.770,11.603,0.170
20000,40,1.078,0.149,0.164
20000,40,1.132,0.135,0.164
20000,40,1.075,0.140,0.164
20000,40,1.034,0.146,0.164
20000,40,1.032,0.140,0.165
20000,40,1.041,0.136,0.164
20000,40,1.040,0.134,0.164
20000,40,1.033,0.131,0.164
20000,40,1.098,0.138,0.164
20000,40,1.025,0.137,0.164
20000,40,1.121,0.137,0.164
20000,40,1.016,0.136,0.164
20000,40,1.039,0.137,0.164
20000,40,1.114,0.144,0.164
20000,40,1.119,0.136,0.164
20000,40,1.117,0.136,0.164
20000,40,14.232,13.085,0.170
20000,40,1.089,0.146,0.164
20000,40,1.039,0.138,0.164
20000,40,1.033,0.137,0.165
20000,40,1.098,0.137,0.164
20000,40,1.035,0.135,0.164
20000,40,1.068,0.137,0.164
20000,40,1.153,0.149,0.164
20000,40,1.135,0.142,0.164
20000,40,1.137,0.138,0.164
20000,40,1.189,0.144,0.164
20000,40,1.162,0.149,0.164
20000,40,1.131,0.142,0.164
20000,40,1.042,0.136,0.164
20000,40,1.120,0.147,0.164
20000,40,1.133,0.140,0.164
20000,40,1.115,0.138,0.164
20000,40,23.292,22.154,0.170
20000,40,1.077,0.151,0.164
20000,40,1.040,0.146,0.164
20000,40,1.177,0.145,0.164
20000,40,1.115,0.142,0.164
20000,40,1.108,0.148,0.164
20000,40,1.009,0.149,0.164
20000,40,1.064,0.147,0.164
20000,40,1.083,0.136,0.164
20000,40,1.062,0.138,0.164
20000,40,1.079,0.140,0.164
20000,40,1.056,0.140,0.164
20000,40,0.980,0.139,0.164
20000,40,1.028,0.140,0.164
20000,40,1.135,0.146,0.164
20000,40,1.035,0.141,0.164
20000,40,1.030,0.142,0.165
20000,40,11.991,10.900,0.170
20000,40,0.987,0.150,0.164
20000,40,1.020,0.136,0.165
20000,40,1.051,0.139,0.164
20000,40,1.053,0.135,0.164
20000,40,1.122,0.150,0.164
20000,40,1.083,0.138,0.165
20000,40,1.057,0.135,0.164
20000,40,1.148,0.150,0.165
20000,40,1.051,0.155,0.165
20000,40,1.005,0.146,0.164
20000,40,1.096,0.141,0.164
20000,40,1.118,0.139,0.164
20000,40,1.087,0.142,0.164
20000,40,1.055,0.138,0.164
20000,40,1.037,0.138,0.164
20000,40,1.021,0.138,0.164
20000,40,13.045,11.893,0.170
20000,40,1.166,0.146,0.165
20000,40,1.059,0.138,0.164
20000,40,1.074,0.144,0.164
20000,40,1.085,0.144,0.164
20000,40,1.128,0.145,0.164
20000,40,2.260,0.149,0.188
20000,40,1.202,0.159,0.164
20000,40,1.073,0.148,0.164
20000,40,1.175,0.146,0.164
20000,40,1.377,0.151,0.164
20000,40,1.246,0.167,0.164
20000,40,1.156,0.165,0.164
20000,40,1.058,0.156,0.164
20000,40,1.070,0.147,0.164
20000,40,1.082,0.153,0.164
20000,40,1.179,0.147,0.164
20000,40,27.480,26.294,0.170
20000,40,1.084,0.158,0.164
20000,40,1.033,0.148,0.164
20000,40,1.110,0.143,0.164
20000,40,1.028,0.141,0.164
20000,40,1.086,0.142,0.164
20000,40,1.085,0.145,0.164
20000,40,1.066,0.142,0.164
20000,40,1.008,0.143,0.164
20000,40,1.133,0.149,0.165
20000,40,1.107,0.148,0.164
20000,40,1.061,0.144,0.164
20000,40,1.066,0.145,0.165
20000,40,1.050,0.145,0.165
20000,40,1.061,0.143,0.164
20000,40,1.145,0.148,0.164
20000,40,15.805,0.149,0.166
20000,40,1.228,0.176,0.165
20000,40,1.152,0.155,0.165
20000,40,3.343,0.146,0.164
20000,40,1.189,0.153,0.165
20000,40,1.166,0.152,0.165
20000,40,1.145,0.143,0.164
20000,40,3.283,2.229,0.170
20000,40,1.158,0.156,0.164
20000,40,1.060,0.163,0.164
20000,40,3.334,2.236,0.170
20000,40,1.148,0.154,0.164
20000,40,1.142,0.152,0.165
20000,40,3.381,2.226,0.171
20000,40,1.172,0.144,0.164
20000,40,1.144,0.153,0.164
20000,40,9.975,0.152,0.199
20000,40,25.395,0.174,0.191
20000,40,1.157,0.164,0.164
20000,40,3.182,0.147,0.190
20000,40,1.124,0.155,0.164
20000,40,1.132,0.160,0.164
20000,40,3.315,0.145,0.191
20000,40,1.140,0.151,0.164
20000,40,1.071,0.145,0.164
20000,40,3.315,0.143,0.194
20000,40,1.175,0.159,0.164
20000,40,1.152,0.151,0.164
20000,40,3.292,0.149,0.199
20000,40,1.126,0.152,0.164
20000,40,1.137,0.143,0.164
20000,40,1.118,0.141,0.164
20000,40,1.098,0.140,0.165
20000,40,1.129,0.143,0.164
20000,40,12.183,0.141,0.200
20000,40,1.175,0.168,0.164
20000,40,1.163,0.151,0.165
20000,40,1.043,0.146,0.164
20000,40,1.119,0.142,0.164
20000,40,1.127,0.141,0.164
20000,40,1.146,0.144,0.164
20000,40,1.149,0.146,0.164
20000,40,1.107,0.139,0.164
20000,40,1.086,0.151,0.165
20000,40,1.116,0.150,0.164
20000,40,1.131,0.153,0.164
20000,40,1.069,0.150,0.164
20000,40,1.070,0.155,0.165
20000,40,1.130,0.148,0.164
20000,40,1.074,0.146,0.165
20000,40,1.105,0.143,0.164
20000,40,16.360,0.140,0.201
20000,40,1.102,0.163,0.165
20000,40,1.123,0.143,0.164
20000,40,1.151,0.142,0.164
20000,40,1.082,0.137,0.164
20000,40,1.094,0.136,0.164
20000,40,1.089,0.143,0.164
20000,40,1.139,0.137,0.164
20000,40,1.092,0.150,0.164
20000,40,1.137,0.146,0.165
20000,40,1.085,0.152,0.164
20000,40,1.060,0.147,0.164
20000,40,1.119,0.149,0.164
20000,40,1.041,0.136,0.164
20000,40,1.033,0.144,0.164
20000,40,1.033,0.142,0.164
20000,40,0.965,0.139,0.164
20000,40,13.561,0.137,0.187
20000,40,1.061,0.162,0.165
20000,40,1.020,0.145,0.164
20000,40,1.149,0.142,0.164
20000,40,1.048,0.139,0.164
20000,40,1.079,0.137,0.164
20000,40,1.142,0.152,0.165
20000,40,1.097,0.138,0.164
20000,40,1.062,0.139,0.164
20000,40,1.093,0.145,0.164
20000,40,1.147,0.141,0.164
20000,40,0.992,0.155,0.166
20000,40,1.038,0.147,0.164
20000,40,0.984,0.141,0.165
20000,40,1.091,0.139,0.164
20000,40,1.109,0.172,0.164
20000,40,1.067,0.145,0.164
20000,40,23.272,0.147,0.200
20000,40,1.170,0.158,0.164
20000,40,1.135,0.143,0.164
20000,40,2.877,1.772,0.171
20000,40,1.131,0.147,0.164
20000,40,1.073,0.142,0.164
20000,40,1.034,0.146,0.164
20000,40,1.085,0.157,0.164
20000,40,1.106,0.142,0.165
20000,40,1.031,0.146,0.164
20000,40,0.963,0.149,0.165
20000,40,1.067,0.149,0.164
20000,40,1.098,0.144,0.164
20000,40,1.120,0.146,0.164
20000,40,1.127,0.140,0.164
20000,40,1.104,0.145,0.164
20000,40,1.053,0.144,0.164
20000,40,12.147,11.038,0.171
20000,40,1.019,0.150,0.165
20000,40,1.003,0.141,0.165
20000,40,1.010,0.139,0.164
20000,40,0.996,0.134,0.164
20000,60,1.360,0.206,0.164
20000,60,1.432,0.213,0.165
20000,60,14.028,0.206,0.188
20000,60,1.430,0.224,0.164
20000,60,1.425,0.205,0.164
20000,60,1.401,0.206,0.164
20000,60,1.341,0.199,0.164
20000,60,1.421,0.201,0.164
20000,60,1.386,0.200,0.165
20000,60,1.426,0.202,0.164
20000,60,1.494,0.221,0.166
20000,60,1.419,0.213,0.164
20000,60,1.389,0.212,0.164
20000,60,14.288,0.205,0.194
20000,60,1.498,0.244,0.164
20000,60,7.385,0.205,0.187
20000,60,1.480,0.225,0.172
20000,60,1.384,0.214,0.164
20000,60,1.398,0.215,0.164
20000,60,1.424,0.200,0.165
20000,60,1.444,0.204,0.164
20000,60,1.423,0.216,0.165
20000,60,1.445,0.214,0.164
20000,60,1.393,0.205,0.165
20000,60,1.456,0.210,0.165
20000,60,17.581,16.192,0.171
20000,60,1.388,0.210,0.164
20000,60,1.414,0.206,0.165
20000,60,1.427,0.203,0.164
20000,60,1.334,0.208,0.164
20000,60,1.368,0.201,0.164
20000,60,1.390,0.208,0.165
20000,60,1.432,0.205,0.164
20000,60,1.501,0.226,0.164
20000,60,1.430,0.217,0.164
20000,60,1.499,0.224,0.165
20000,60,23.661,0.198,0.198
20000,60,1.486,0.227,0.165
20000,60,1.360,0.204,0.165
20000,60,1.457,0.210,0.164
20000,60,1.425,0.210,0.164
20000,60,1.432,0.209,0.165
20000,60,1.420,0.211,0.165
20000,60,1.323,0.204,0.164
20000,60,1.456,0.198,0.165
20000,60,1.421,0.208,0.165
20000,60,1.395,0.203,0.164
20000,60,14.626,0.203,0.195
20000,60,2.467,0.225,0.317
20000,60,2.623,0.228,0.189
20000,60,1.304,0.215,0.164
20000,60,1.659,0.205,0.164
20000,60,1.473,0.225,0.164
20000,60,1.350,0.217,0.164
20000,60,4.401,0.228,0.190
20000,60,1.433,0.226,0.164
20000,60,1.392,0.216,0.164
20000,60,1.447,0.214,0.164
20000,60,20.076,0.209,0.200
20000,60,1.492,0.227,0.164
20000,60,1.449,0.216,0.165
20000,60,1.469,0.214,0.165
20000,60,1.437,0.206,0.165
20000,60,1.351,0.197,0.164
20000,60,1.420,0.201,0.164
20000,60,1.369,0.201,0.165
20000,60,1.348,0.195,0.164
20000,60,1.405,0.200,0.164
20000,60,1.287,0.195,0.164
20000,60,1.437,0.206,0.164
20000,60,16.343,0.205,0.196
20000,60,1.325,0.214,0.164
20000,60,1.422,0.196,0.165
20000,60,1.431,0.198,0.164
20000,60,1.534,0.199,0.165
20000,60,1.427,0.203,0.164
20000,60,1.418,0.195,0.164
20000,60,2.032,0.194,0.201
20000,60,1.496,0.205,0.165
20000,60,1.363,0.208,0.165
20000,60,1.391,0.193,0.165
20000,60,21.565,0.194,0.166
20000,60,1.528,0.241,0.165
20000,60,3.509,0.203,0.187
20000,60,1.454,0.221,0.165
20000,60,3.744,0.225,0.193
20000,60,1.687,0.243,0.174
20000,60,1.484,0.210,0.164
20000,60,3.760,2.286,0.172
20000,60,1.446,0.218,0.164
20000,60,3.702,2.296,0.171
20000,60,1.467,0.204,0.164
20000,60,12.841,2.292,0.203
20000,60,32.700,31.003,0.207
20000,60,3.666,2.299,0.183
20000,60,1.925,0.213,0.193
20000,60,5.360,0.213,0.189
20000,60,1.426,0.221,0.164
20000,60,3.667,0.222,0.192
20000,60,1.435,0.216,0.164
20000,60,1.444,0.195,0.164
20000,60,1.374,0.200,0.165
20000,60,1.390,0.209,0.164
20000,60,1.454,0.202,0.164
20000,60,12.252,0.196,0.201
20000,60,1.374,0.218,0.164
20000,60,1.462,0.204,0.165
20000,60,1.495,0.211,0.165
20000,60,1.472,0.220,0.165
20000,60,1.427,0.218,0.164
20000,60,1.408,0.208,0.164
20000,60,1.325,0.197,0.164
20000,60,1.362,0.202,0.164
20000,60,1.372,0.195,0.164
20000,60,1.335,0.197,0.164
20000,60,1.371,0.194,0.165
20000,60,20.272,18.825,0.172
20000,60,1.467,0.206,0.165
20000,60,1.429,0.215,0.165
20000,60,1.300,0.204,0.165
20000,60,1.305,0.196,0.164
20000,60,1.432,0.207,0.164
20000,60,1.332,0.199,0.165
20000,60,1.379,0.195,0.165
20000,60,1.327,0.206,0.164
20000,60,1.320,0.202,0.165
20000,60,1.397,0.201,0.164
20000,60,14.083,0.201,0.199
20000,60,1.354,0.225,0.164
20000,60,1.442,0.208,0.164
20000,60,1.420,0.201,0.164
20000,60,1.400,0.196,0.165
20000,60,1.332,0.189,0.165
20000,60,1.424,0.198,0.165
20000,60,1.467,0.203,0.164
20000,60,1.464,0.210,0.164
20000,60,1.419,0.201,0.164
20000,60,1.413,0.198,0.165
20000,60,1.466,0.199,0.164
20000,60,26.035,24.680,0.172
20000,60,1.363,0.203,0.165
20000,60,1.366,0.203,0.165
20000,60,1.372,0.195,0.164
20000,60,1.437,0.203,0.164
20000,60,1.442,0.206,0.165
20000,60,1.452,0.210,0.164
20000,60,1.432,0.207,0.165
20000,60,1.384,0.202,0.164
20000,60,1.309,0.198,0.164
20000,60,1.366,0.194,0.164
20000,60,12.524,0.199,0.196
20000,60,1.363,0.221,0.164
20000,60,1.378,0.199,0.164
20000,60,1.392,0.212,0.164
20000,60,1.437,0.212,0.164
20000,60,1.465,0.208,0.165
20000,60,1.398,0.202,0.164
20000,60,1.291,0.196,0.165
20000,60,1.259,0.195,0.165
20000,60,1.585,0.221,0.172
20000,60,4.474,0.204,0.164
20000,60,13.040,0.257,0.201
20000,60,1.442,0.237,0.164
20000,60,1.366,0.205,0.164
20000,60,1.450,0.222,0.164
20000,60,1.338,0.195,0.164
20000,60,1.287,0.195,0.165
20000,60,1.351,0.206,0.164
20000,60,1.286,0.196,0.165
20000,60,1.295,0.203,0.165
20000,60,1.443,0.229,0.164
20000,60,1.347,0.198,0.164
20000,60,1.298,0.194,0.165
20000,60,16.252,0.205,0.190
20000,60,1.354,0.215,0.165
20000,60,1.363,0.200,0.164
20000,60,1.463,0.204,0.165
20000,60,1.407,0.204,0.165
20000,60,1.370,0.195,0.164
20000,60,1.322,0.207,0.165
20000,60,1.278,0.210,0.165
20000,60,1.276,0.203,0.165
20000,60,1.316,0.192,0.165
20000,60,1.287,0.195,0.164
20000,60,26.214,0.200,0.197
20000,60,1.653,0.238,0.190
20000,60,1.459,0.229,0.164
20000,60,1.409,0.211,0.164
20000,60,1.380,0.202,0.164
20000,60,1.394,0.203,0.165
20000,60,1.332,0.202,0.165
20000,60,1.369,0.209,0.165
20000,60,1.577,0.209,0.165
20000,60,1.436,0.224,0.164
20000,60,1.466,0.212,0.165
20000,60,1.400,0.201,0.164
20000,60,18.246,16.733,0.186
20000,60,1.478,0.231,0.165
20000,60,1.330,0.207,0.165
20000,60,1.317,0.199,0.165
20000,60,1.351,0.197,0.165
20000,60,1.331,0.201,0.164
20000,60,1.327,0.196,0.165
20000,60,1.359,0.193,0.165
20000,60,1.365,0.202,0.164
20000,60,1.327,0.203,0.164
20000,60,1.348,0.200,0.164
20000,60,16.307,0.205,0.193
20000,60,1.337,0.214,0.164
20000,60,1.274,0.194,0.165
20000,60,1.397,0.195,0.165
20000,60,1.355,0.203,0.164
20000,60,1.358,0.203,0.165
20000,60,1.277,0.196,0.165
20000,60,1.259,0.199,0.164
20000,60,1.216,0.194,0.165
20000,60,1.208,0.193,0.164
20000,60,1.343,0.201,0.164
20000,60,1.321,0.198,0.165
20000,60,16.831,15.408,0.173
20000,60,1.458,0.210,0.165
20000,60,1.438,0.209,0.164
20000,60,1.371,0.202,0.165
20000,60,1.402,0.207,0.164
20000,60,1.351,0.199,0.164
20000,60,1.336,0.197,0.165
20000,60,1.310,0.195,0.165
20000,60,3.312,0.204,0.189
20000,60,1.448,0.218,0.165
20000,60,1.401,0.208,0.165
20000,60,27.486,0.200,0.192
20000,60,1.476,0.227,0.164
20000,60,1.437,0.205,0.165
20000,60,1.379,0.198,0.164
20000,60,1.398,0.197,0.165
20000,60,1.466,0.204,0.165
20000,60,2.272,0.211,0.165
20000,60,1.514,0.213,0.165
20000,60,1.419,0.211,0.165
20000,60,1.470,0.210,0.165
20000,60,1.466,0.208,0.165
20000,60,13.038,0.197,0.164
20000,60,1.459,0.229,0.165
20000,60,1.385,0.206,0.165
20000,60,1.474,0.208,0.165
20000,60,2.018,0.198,0.165
20000,60,1.452,0.206,0.165
20000,60,1.460,0.206,0.164
20000,60,1.382,0.202,0.165
20000,60,1.428,0.213,0.164
20000,60,1.473,0.212,0.165
20000,60,1.407,0.208,0.165
20000,60,1.411,0.203,0.165
20000,60,15.851,0.200,0.189
20000,60,1.428,0.217,0.165
20000,60,1.412,0.207,0.165
20000,60,1.435,0.207,0.165
20000,60,1.432,0.202,0.164
20000,60,1.304,0.197,0.165
20000,60,1.330,0.198,0.165
20000,60,1.545,0.202,0.164
20000,60,2.897,0.206,0.192
20000,60,1.353,0.227,0.164
20000,60,1.338,0.211,0.164
20000,60,15.874,0.201,0.201
20000,60,1.469,0.227,0.164
20000,60,1.452,0.198,0.165
20000,60,1.396,0.197,0.164
20000,60,1.433,0.197,0.165
20000,60,1.407,0.193,0.165
20000,60,1.449,0.202,0.165
20000,60,1.357,0.198,0.165
20000,60,1.362,0.203,0.165
20000,60,1.366,0.199,0.165
20000,60,2.266,0.196,0.191
20000,60,1.595,0.227,0.164
20000,60,19.010,17.506,0.168
20000,60,1.361,0.209,0.164
20000,60,3.448,2.277,0.173
20000,60,1.652,0.199,0.164
20000,60,3.639,0.203,0.194
20000,60,1.498,0.223,0.165
20000,60,3.720,0.211,0.196
20000,60,1.524,0.219,0.164
20000,60,3.665,0.207,0.194
20000,60,1.503,0.217,0.164
20000,60,3.669,0.205,0.187
20000,60,30.598,0.228,0.187
20000,60,3.696,0.228,0.191
20000,60,11.573,0.222,0.191
20000,60,14.427,6.505,0.196
20000,60,4.505,2.315,0.174
20000,60,3.544,0.218,0.212
20000,60,1.284,0.211,0.165
20000,60,1.367,0.208,0.164
20000,60,1.387,0.224,0.165
20000,60,1.351,0.214,0.164
20000,60,1.368,0.200,0.164
20000,60,13.982,0.202,0.197
20000,60,1.533,0.238,0.164
20000,90,1.852,0.294,0.196
20000,90,1.794,0.282,0.209
20000,90,1.870,0.284,0.202
20000,90,1.833,0.286,0.202
20000,90,1.799,0.293,0.205
20000,90,22.835,0.294,0.196
20000,90,1.888,0.307,0.206
20000,90,2.001,0.291,0.195
20000,90,1.779,0.279,0.196
20000,90,2.462,0.275,0.201
20000,90,1.928,0.302,0.202
20000,90,1.927,0.294,0.196
20000,90,2.311,0.314,0.203
20000,90,26.370,0.329,0.193
20000,90,1.988,0.310,0.197
20000,90,2.015,0.299,0.204
20000,90,1.943,0.310,0.200
20000,90,3.132,0.302,0.200
20000,90,2.054,0.315,0.193
20000,90,1.947,0.312,0.199
20000,90,1.868,0.292,0.190
20000,90,14.847,12.089,0.209
20000,90,1.976,0.306,0.204
20000,90,1.935,0.297,0.189
20000,90,1.924,0.289,0.200
20000,90,1.894,0.294,0.196
20000,90,1.946,0.314,0.191
20000,90,2.109,0.321,0.194
20000,90,22.705,0.330,0.192
20000,90,1.892,0.325,0.197
20000,90,1.891,0.287,0.190
20000,90,1.913,0.292,0.202
20000,90,1.789,0.281,0.203
20000,90,2.792,1.109,0.216
20000,90,1.839,0.304,0.201
20000,90,1.984,0.296,0.201
20000,90,18.445,0.309,0.197
20000,90,1.974,0.312,0.203
20000,90,1.885,0.292,0.204
20000,90,1.860,0.295,0.210
20000,90,1.832,0.283,0.200
20000,90,2.001,0.293,0.189
20000,90,1.881,0.303,0.199
20000,90,2.621,0.293,0.205
20000,90,26.398,0.290,0.197
20000,90,1.969,0.308,0.205
20000,90,1.953,0.296,0.193
20000,90,2.461,0.296,0.207
20000,90,1.945,0.304,0.202
20000,90,1.842,0.298,0.203
20000,90,1.899,0.309,0.200
20000,90,1.927,0.292,0.192
20000,90,15.597,13.771,0.214
20000,90,2.006,0.301,0.192
20000,90,2.018,0.309,0.190
20000,90,1.900,0.298,0.203
20000,90,1.857,0.292,0.197
20000,90,1.878,0.289,0.209
20000,90,1.859,0.284,0.206
20000,90,15.811,0.303,0.195
20000,90,1.899,0.310,0.191
20000,90,1.884,0.302,0.198
20000,90,1.881,0.287,0.209
20000,90,2.791,1.117,0.214
20000,90,1.929,0.311,0.190
20000,90,1.861,0.303,0.201
20000,90,1.908,0.293,0.208
20000,90,20.158,0.291,0.190
20000,90,2.074,0.329,0.199
20000,90,2.068,0.327,0.199
20000,90,2.055,0.333,0.191
20000,90,2.006,0.311,0.204
20000,90,2.011,0.309,0.166
20000,90,1.896,0.303,0.210
20000,90,1.906,0.280,0.195
20000,90,17.533,15.716,0.203
20000,90,4.093,0.306,0.202
20000,90,1.894,0.300,0.199
20000,90,4.163,2.385,0.205
20000,90,4.147,0.300,0.201
20000,90,4.127,0.304,0.202
20000,90,1.986,0.308,0.198
20000,90,35.567,2.385,0.208
20000,90,4.238,0.329,0.193
20000,90,1.962,0.331,0.205
20000,90,22.166,9.714,0.209
20000,90,13.161,6.601,0.212
20000,90,1.825,0.311,0.211
20000,90,1.807,0.284,0.191
20000,90,1.883,0.290,0.196
20000,90,14.265,0.298,0.200
20000,90,1.946,0.312,0.203
20000,90,2.029,0.305,0.200
20000,90,1.943,0.307,0.195
20000,90,2.367,0.314,0.196
20000,90,1.962,0.317,0.205
20000,90,1.886,0.296,0.201
20000,90,1.800,0.289,0.198
20000,90,16.184,14.252,0.210
20000,90,1.828,0.294,0.193
20000,90,1.881,0.287,0.195
20000,90,1.880,0.289,0.208
20000,90,1.839,0.293,0.200
20000,90,1.881,0.306,0.190
20000,90,2.003,0.309,0.202
20000,90,15.797,0.305,0.197
20000,90,2.072,0.323,0.201
20000,90,2.016,0.319,0.197
20000,90,1.922,0.301,0.192
20000,90,1.867,0.286,0.191
20000,90,1.903,0.296,0.189
20000,90,1.886,0.295,0.200
20000,90,1.945,0.305,0.205
20000,90,29.947,0.301,0.202
20000,90,2.051,0.303,0.201
20000,90,1.814,0.292,0.203
20000,90,2.291,0.284,0.197
20000,90,2.549,0.892,0.206
20000,90,1.824,0.306,0.214
20000,90,1.973,0.314,0.199
20000,90,1.889,0.295,0.199
20000,90,15.059,0.287,0.200
20000,90,1.911,0.321,0.191
20000,90,1.902,0.289,0.202
20000,90,1.913,0.285,0.200
20000,90,1.883,0.289,0.191
20000,90,1.826,0.290,0.208
20000,90,1.930,0.292,0.202
20000,90,1.989,0.297,0.204
20000,90,15.160,13.322,0.216
20000,90,1.966,0.301,0.201
20000,90,2.522,0.298,0.201
20000,90,1.830,0.302,0.192
20000,90,1.919,0.293,0.204
20000,90,1.930,0.294,0.203
20000,90,1.894,0.292,0.200
20000,90,23.147,0.299,0.195
20000,90,5.726,0.324,0.196
20000,90,2.035,0.329,0.205
20000,90,1.865,0.299,0.203
20000,90,1.867,0.306,0.209
20000,90,1.929,0.309,0.197
20000,90,1.890,0.300,0.190
20000,90,1.904,0.287,0.198
20000,90,26.339,0.296,0.193
20000,90,1.983,0.323,0.196
20000,90,3.066,0.315,0.202
20000,90,1.940,0.313,0.194
20000,90,1.905,0.289,0.204
20000,90,1.909,0.295,0.208
20000,90,1.789,0.289,0.195
20000,90,1.905,0.297,0.209
20000,90,13.732,11.947,0.208
20000,90,1.848,0.303,0.194
20000,90,1.746,0.284,0.194
20000,90,3.780,0.287,0.196
20000,90,1.920,0.327,0.200
20000,90,1.877,0.306,0.191
20000,90,1.889,0.293,0.205
20000,90,14.618,0.303,0.194
20000,90,1.977,0.322,0.203
20000,90,1.914,0.301,0.206
20000,90,1.866,0.296,0.202
20000,90,1.809,0.296,0.204
20000,90,1.935,0.299,0.196
20000,90,1.934,0.300,0.190
20000,90,1.896,0.303,0.206
20000,90,22.401,0.295,0.191
20000,90,1.935,0.307,0.203
20000,90,1.854,0.283,0.207
20000,90,1.799,0.285,0.202
20000,90,1.868,0.279,0.200
20000,90,1.881,0.282,0.201
20000,90,1.887,0.279,0.202
20000,90,1.879,0.289,0.202
20000,90,25.303,23.542,0.202
20000,90,1.921,0.291,0.203
20000,90,1.754,0.286,0.210
20000,90,1.768,0.276,0.204
20000,90,1.947,0.293,0.191
20000,90,1.918,0.303,0.201
20000,90,1.903,0.303,0.196
20000,90,14.127,0.309,0.188
20000,90,1.969,0.313,0.199
20000,90,1.845,0.296,0.198
20000,90,1.834,0.278,0.206
20000,90,1.810,0.285,0.208
20000,90,1.886,0.282,0.195
20000,90,1.847,0.281,0.191
20000,90,1.932,0.279,0.200
20000,90,17.035,0.307,0.189
20000,90,1.940,0.308,0.196
20000,90,1.910,0.289,0.199
20000,90,1.882,0.287,0.196
20000,90,1.979,0.290,0.199
20000,90,1.873,0.297,0.203
20000,90,1.961,0.315,0.204
20000,90,1.961,0.301,0.203
20000,90,16.345,0.315,0.189
20000,90,1.928,0.321,0.198
20000,90,2.003,0.312,0.164
20000,90,2.141,0.325,0.166
20000,90,2.204,0.315,0.201
20000,90,2.714,0.358,0.199
20000,90,2.021,0.336,0.198
20000,90,2.273,0.343,0.165
20000,90,28.696,26.900,0.208
20000,90,4.564,0.315,0.187
20000,90,4.188,0.317,0.193
20000,90,1.960,0.345,0.206
20000,90,4.335,2.445,0.209
20000,90,4.229,0.322,0.201
20000,90,2.063,0.346,0.191
20000,90,38.168,2.431,0.207
20000,90,4.309,0.304,0.196
20000,90,4.530,0.356,0.190
20000,90,19.229,0.366,0.192
20000,90,19.439,6.642,0.211
20000,90,2.305,0.368,0.377
20000,90,2.014,0.323,0.193
20000,90,2.097,0.319,0.199
20000,90,14.413,0.334,0.190
20000,90,1.994,0.313,0.195
20000,90,2.042,0.315,0.197
20000,90,2.075,0.321,0.197
20000,90,1.946,0.311,0.202
20000,90,2.482,0.323,0.197
20000,90,1.960,0.315,0.204
20000,90,2.032,0.321,0.198
20000,90,14.625,12.901,0.210
20000,90,1.847,0.295,0.190
20000,90,1.926,0.306,0.190
20000,90,1.902,0.304,0.205
20000,90,1.917,0.296,0.194
20000,90,1.951,0.313,0.192
20000,90,1.818,0.294,0.197
20000,90,15.695,0.377,0.202
20000,90,2.240,0.321,0.194
20000,90,1.974,0.311,0.189
20000,90,2.048,0.381,0.202
20000,90,4.894,0.304,0.190
20000,90,2.941,0.396,0.203
20000,90,2.062,0.314,0.192
20000,90,3.762,1.997,0.206
20000,90,25.975,0.326,0.203
20000,90,1.821,0.316,0.191
20000,90,1.773,0.291,0.191
20000,90,1.755,0.294,0.198
20000,90,1.888,0.289,0.199
20000,90,1.942,0.303,0.207
20000,90,1.867,0.295,0.193
20000,90,1.899,0.286,0.196
20000,90,16.158,14.280,0.209
20000,90,2.057,0.331,0.189
20000,90,2.017,0.329,0.202
20000,90,2.123,0.327,0.193
20000,90,2.040,0.323,0.198
20000,90,1.921,0.320,0.194
20000,90,1.845,0.300,0.196
20000,90,14.998,0.298,0.191
20000,90,1.981,0.332,0.200
20000,90,2.309,0.333,0.197
20000,90,1.879,0.311,0.191
20000,90,1.894,0.346,0.199
20000,90,1.898,0.298,0.193
20000,90,1.906,0.305,0.205
20000,90,1.927,0.306,0.197
20000,90,16.427,0.320,0.199
20000,90,1.978,0.317,0.205
20000,90,1.953,0.312,0.197
20000,90,1.891,0.305,0.197
20000,90,1.878,0.301,0.199
20000,90,1.967,0.325,0.203
20000,90,1.878,0.301,0.202
20000,90,1.985,0.309,0.204
20000,90,26.097,24.279,0.211
20000,90,1.989,0.310,0.204
20000,90,1.945,0.313,0.197
20000,90,2.028,0.345,0.195
20000,90,2.078,0.325,0.198
20000,90,1.925,0.326,0.208
20000,90,2.110,0.305,0.190
20000,90,14.024,0.338,0.199
20000,90,1.921,0.317,0.188
20000,90,1.935,0.311,0.199
20000,90,1.917,0.303,0.202
20000,90,1.964,0.309,0.199
20000,90,2.010,0.301,0.197
20000,90,2.067,0.317,0.195
20000,90,1.965,0.304,0.203
20000,90,15.043,0.370,0.200
20000,90,2.076,0.323,0.193
20000,90,2.025,0.312,0.194
20000,90,2.042,0.323,0.201
20000,90,2.032,0.334,0.189
20000,90,1.991,0.324,0.200
20000,90,1.953,0.306,0.200
20000,90,2.006,0.308,0.195
20000,90,16.126,14.226,0.216
20000,90,2.034,0.313,0.201
20000,140,2.683,0.445,0.196
20000,140,2.654,0.444,0.206
20000,140,2.616,0.436,0.202
20000,140,16.961,0.440,0.191
20000,140,2.744,0.456,0.188
20000,140,2.862,0.455,0.189
20000,140,2.636,0.457,0.191
20000,140,2.501,0.435,0.190
20000,140,27.859,0.433,0.192
20000,140,3.088,0.665,0.197
20000,140,2.737,0.472,0.197
20000,140,2.734,0.462,0.200
20000,140,2.890,0.461,0.204
20000,140,15.190,0.469,0.191
20000,140,2.969,0.503,0.190
20000,140,3.141,0.506,0.198
20000,140,2.833,0.486,0.189
20000,140,2.675,0.472,0.206
20000,140,15.663,0.467,0.189
20000,140,2.764,0.489,0.204
20000,140,2.679,0.462,0.192
20000,140,2.596,0.441,0.197
20000,140,2.710,0.455,0.196
20000,140,17.539,0.451,0.198
20000,140,2.706,0.459,0.197
20000,140,2.614,0.440,0.195
20000,140,3.009,0.440,0.202
20000,140,2.870,0.468,0.189
20000,140,35.359,0.473,0.204
20000,140,2.659,0.470,0.195
20000,140,2.797,0.466,0.194
20000,140,2.594,0.461,0.195
20000,140,2.602,0.440,0.203
20000,140,15.692,0.449,0.188
20000,140,2.605,0.471,0.196
20000,140,2.603,0.486,0.204
20000,140,2.649,0.452,0.198
20000,140,2.567,0.449,0.190
20000,140,17.253,0.456,0.198
20000,140,2.808,0.477,0.202
20000,140,2.796,0.483,0.202
20000,140,2.990,0.472,0.189
20000,140,2.789,0.463,0.203
20000,140,17.168,0.459,0.189
20000,140,2.738,0.491,0.198
20000,140,2.827,0.481,0.191
20000,140,2.817,0.478,0.204
20000,140,2.574,0.473,0.204
20000,140,27.493,24.798,0.214
20000,140,2.861,0.485,0.206
20000,140,3.839,0.503,0.205
20000,140,2.847,0.472,0.196
20000,140,2.862,0.470,0.197
20000,140,16.289,13.696,0.222
20000,140,2.811,0.474,0.198
20000,140,2.937,0.537,0.205
20000,140,2.959,0.466,0.187
20000,140,3.078,0.512,0.205
20000,140,16.819,14.270,0.209
20000,140,2.847,0.476,0.197
20000,140,2.722,0.469,0.204
20000,140,2.850,0.458,0.195
20000,140,2.825,0.480,0.202
20000,140,17.344,14.802,0.166
20000,140,2.865,0.478,0.188
20000,140,2.836,0.475,0.190
20000,140,2.802,0.476,0.164
20000,140,2.748,0.467,0.197
20000,140,18.245,15.657,0.213
20000,140,7.319,2.562,0.207
20000,140,5.000,0.482,0.197
20000,140,5.021,0.471,0.196
20000,140,5.013,0.476,0.191
20000,140,34.353,29.552,0.217
20000,140,22.132,0.514,0.193
20000,140,13.591,8.898,0.214
20000,140,2.796,0.487,0.198
20000,140,15.578,0.476,0.205
20000,140,3.056,0.537,0.207
20000,140,2.839,0.475,0.206
20000,140,2.758,0.476,0.195
20000,140,2.878,0.509,0.188
20000,140,29.901,0.489,0.200
20000,140,7.914,0.487,0.200
20000,140,2.878,0.496,0.203
20000,140,2.806,0.479,0.203
20000,140,2.847,0.480,0.201
20000,140,16.854,0.474,0.198
20000,140,2.943,0.500,0.191
20000,140,2.679,0.471,0.207
20000,140,3.016,0.512,0.189
20000,140,2.850,0.506,0.190
20000,140,28.654,0.487,0.190
20000,140,2.706,0.481,0.192
20000,140,2.664,0.464,0.206
20000,140,2.781,0.462,0.202
20000,140,2.752,0.472,0.204
20000,140,15.302,0.475,0.197
20000,140,2.954,0.506,0.199
20000,140,2.990,0.500,0.188
20000,140,3.164,0.504,0.198
20000,140,2.741,0.486,0.200
20000,140,16.317,0.493,0.206
20000,140,2.775,0.486,0.194
20000,140,2.833,0.489,0.201
20000,140,2.810,0.497,0.191
20000,140,2.814,0.484,0.195
20000,140,17.423,0.478,0.191
20000,140,2.899,0.480,0.194
20000,140,3.051,0.492,0.204
20000,140,3.160,0.499,0.193
20000,140,2.833,0.487,0.204
20000,140,26.371,0.442,0.204
20000,140,2.696,0.444,0.200
20000,140,2.730,0.479,0.204
20000,140,2.775,0.448,0.206
20000,140,2.893,0.457,0.201
20000,140,15.512,0.461,0.198
20000,140,2.857,0.474,0.208
20000,140,2.885,0.469,0.201
20000,140,2.858,0.490,0.190
20000,140,2.797,0.478,0.204
20000,140,16.036,0.459,0.190
20000,140,3.125,0.470,0.205
20000,140,2.775,0.466,0.190
20000,140,2.774,0.465,0.188
20000,140,2.740,0.449,0.189
20000,140,18.374,0.448,0.189
20000,140,2.645,0.453,0.207
20000,140,2.579,0.429,0.199
20000,140,2.574,0.431,0.191
20000,140,2.828,0.438,0.206
20000,140,26.877,0.470,0.196
20000,140,2.778,0.455,0.204
20000,140,2.840,0.473,0.195
20000,140,2.957,0.489,0.202
20000,140,2.777,0.475,0.193
20000,140,15.320,0.458,0.193
20000,140,2.889,0.472,0.202
20000,140,2.859,0.479,0.192
20000,140,2.852,0.482,0.202
20000,140,2.677,0.458,0.203
20000,140,17.652,0.443,0.202
20000,140,2.802,0.457,0.190
20000,140,2.689,0.446,0.190
20000,140,2.727,0.445,0.189
20000,140,2.762,0.458,0.205
20000,140,17.118,0.463,0.193
20000,140,3.328,0.457,0.194
20000,140,2.599,0.463,0.207
20000,140,2.817,0.448,0.191
20000,140,2.670,0.441,0.207
20000,140,19.796,0.470,0.351
20000,140,6.118,0.485,0.196
20000,140,5.155,0.485,0.204
20000,140,5.219,0.493,0.194
20000,140,5.220,0.493,0.188
20000,140,38.113,2.638,0.221
20000,140,5.557,2.655,0.215
20000,140,26.024,2.609,0.211
20000,140,33.837,7.041,0.197
20000,140,6.552,0.513,0.203
20000,140,32.180,0.489,0.200
20000,140,3.136,0.499,0.213
20000,140,2.952,0.486,0.190
20000,140,3.163,0.486,0.201
20000,140,2.954,0.461,0.190
20000,140,16.128,0.463,0.202
20000,140,2.892,0.462,0.193
20000,140,2.912,0.472,0.195
20000,140,2.825,0.489,0.188
20000,140,2.852,0.466,0.187
20000,140,18.922,0.484,0.193
20000,140,3.083,0.495,0.188
20000,140,2.831,0.503,0.193
20000,140,2.938,0.462,0.203
20000,140,2.980,0.504,0.202
20000,140,28.542,0.488,0.202
20000,140,3.174,0.505,0.192
20000,140,2.957,0.489,0.198
20000,140,2.812,0.473,0.203
20000,140,2.687,0.447,0.203
20000,140,14.920,0.444,0.196
20000,140,2.769,0.456,0.187
20000,140,2.768,0.450,0.194
20000,140,2.987,0.475,0.204
20000,140,3.113,0.478,0.192
20000,140,16.470,0.493,0.206
20000,140,2.945,0.470,0.190
20000,140,2.914,0.520,0.197
20000,140,2.840,0.468,0.195
20000,140,2.940,0.479,0.197
20000,140,17.246,0.464,0.205
20000,140,2.967,0.477,0.197
20000,140,2.963,0.494,0.197
20000,140,2.935,0.472,0.203
20000,140,2.744,0.462,0.191
20000,140,28.812,0.454,0.190
20000,140,2.990,0.489,0.205
20000,140,2.911,0.490,0.197
20000,140,3.063,0.487,0.195
20000,140,2.915,0.500,0.189
20000,140,15.854,0.489,0.197
20000,140,2.933,0.501,0.194
20000,140,7.699,0.471,0.192
20000,140,2.794,0.474,0.191
20000,140,2.808,0.461,0.206
20000,140,15.966,0.483,0.194
20000,140,2.943,0.495,0.192
20000,140,2.899,0.480,0.193
20000,140,2.777,0.455,0.192
20000,140,2.721,0.456,0.189
20000,140,19.415,0.451,0.202
20000,140,2.816,0.466,0.198
20000,140,3.055,0.468,0.188
20000,140,2.816,0.483,0.207
20000,140,3.006,0.467,0.196
20000,140,28.578,0.471,0.198
20000,140,2.878,0.498,0.193
20000,140,2.710,0.465,0.191
20000,140,2.750,0.466,0.204
20000,140,2.847,0.475,0.192
20000,140,29.845,0.471,0.203
20000,140,7.699,0.482,0.191
20000,140,3.028,0.529,0.208
20000,140,5.427,0.481,0.190
20000,140,7.986,0.500,0.217
20000,140,24.009,0.512,0.314
20000,140,3.879,0.613,0.214
20000,140,4.971,2.043,0.220
20000,140,2.998,0.537,0.203
20000,140,2.885,0.470,0.204
20000,140,19.888,0.446,0.199
20000,140,3.063,0.478,0.195
20000,140,3.188,0.471,0.202
20000,140,2.905,0.479,0.190
20000,140,2.976,0.478,0.188
20000,140,20.818,0.472,0.206
20000,140,5.711,0.513,0.205
20000,140,6.579,0.470,0.207
20000,140,5.698,0.718,0.200
20000,140,5.109,0.468,0.194
20000,140,38.005,0.480,0.204
20000,140,5.482,2.636,0.211
20000,140,5.315,2.630,0.214
20000,140,24.297,12.149,0.201
20000,140,19.790,14.605,0.169
20000,140,27.624,0.542,0.171
20000,140,7.121,0.536,0.169
20000,140,5.343,0.486,0.165
20000,140,7.991,0.507,0.166
20000,140,6.707,0.537,0.167
20000,140,38.975,1.501,0.167
20000,140,8.242,0.530,0.169
20000,140,10.030,0.500,0.168
20000,140,11.971,0.504,0.169
20000,140,8.004,0.537,0.166
20000,140,35.961,0.517,0.169
20000,140,11.980,0.503,0.166
20000,140,7.983,0.505,0.167
20000,140,11.982,0.498,0.169
20000,140,6.902,0.506,0.169
20000,140,65.830,0.491,0.167
20000,140,3.052,0.498,0.165
20000,140,9.180,0.507,0.168
20000,140,5.480,0.505,0.168
20000,140,5.287,0.534,0.165
20000,140,23.533,0.515,0.169
20000,140,2.885,0.459,0.165
20000,140,3.058,0.469,0.165
20000,140,2.843,0.484,0.195
20000,140,2.969,0.471,0.165
20000,140,36.806,0.521,0.168
20000,140,14.525,0.512,0.171
20000,140,13.442,0.507,0.170
20000,140,6.624,0.499,0.171
20000,140,9.341,0.495,0.165
20000,140,53.867,0.497,0.361
20000,140,6.103,0.501,0.165
20000,140,7.989,0.503,0.166
20000,140,3.874,0.517,0.168
20000,140,8.089,0.515,0.165
20000,140,59.988,0.551,0.169
20000,140,7.979,0.511,0.167
20000,140,6.505,0.500,0.170
20000,140,9.472,0.485,0.169
20000,140,11.981,0.506,0.170
20000,140,31.304,0.507,0.169
20000,140,7.389,0.489,0.168
20000,140,5.255,0.501,0.165
20000,140,7.986,0.497,0.167
20000,140,7.984,0.506,0.166
20000,140,25.305,0.496,0.171
20000,140,7.416,0.493,0.168
20000,140,10.740,7.463,0.169
20000,140,4.483,0.541,0.165
20000,140,7.211,0.515,0.167
20000,140,40.758,0.578,0.169
20000,140,11.988,0.500,0.170
20000,140,3.935,0.555,0.170
20000,200,51.758,0.790,0.167
20000,200,15.583,0.784,0.169
20000,200,5.585,0.784,0.170
20000,200,5.245,0.766,0.187
20000,200,84.611,75.936,0.426
20000,200,7.733,0.785,0.203
20000,200,6.983,0.790,0.178
20000,200,31.987,0.823,0.169
20000,200,5.176,0.808,0.197
20000,200,5.042,0.812,0.185
20000,200,5.066,0.772,0.172
20000,200,23.180,0.823,0.197
20000,200,5.478,0.789,0.168
20000,200,7.426,0.795,0.184
20000,200,30.393,0.817,0.185
20000,200,4.681,0.727,0.168
20000,200,8.956,0.725,0.167
20000,200,9.382,1.020,0.166
20000,200,42.754,0.759,0.167
20000,200,5.017,0.769,0.181
20000,200,4.798,0.751,0.175
20000,200,20.201,0.767,0.176
20000,200,5.305,0.885,0.183
20000,200,4.861,0.757,0.192
20000,200,4.983,0.802,0.177
20000,200,22.630,0.768,0.167
20000,200,5.017,0.799,0.172
20000,200,5.098,0.772,0.179
20000,200,5.501,0.993,0.170
20000,200,25.310,19.450,0.169
20000,200,5.380,0.821,0.167
20000,200,4.754,0.757,0.169
20000,200,29.111,0.725,0.168
20000,200,11.401,4.223,0.170
20000,200,7.025,0.768,0.168
20000,200,11.373,2.842,0.170
20000,200,52.521,45.323,0.170
20000,200,9.397,2.872,0.168
20000,200,52.866,0.804,0.359
20000,200,40.460,8.319,7.630
20000,200,7.359,0.754,0.447
20000,200,4.713,0.777,0.173
20000,200,9.149,0.756,0.415
20000,200,28.704,24.153,0.418
20000,200,5.235,0.798,0.433
20000,200,4.710,0.764,0.181
20000,200,22.304,0.745,0.405
20000,200,5.852,0.817,0.444
20000,200,5.118,0.796,0.185
20000,200,5.156,0.796,0.189
20000,200,80.482,72.629,0.196
20000,200,4.834,0.802,0.198
20000,200,4.860,0.775,0.192
20000,200,20.619,0.807,0.202
20000,200,6.566,0.791,0.211
20000,200,5.653,0.829,0.204
20000,200,4.590,0.763,0.198
20000,200,21.014,17.063,0.210
20000,200,4.411,0.738,0.188
20000,200,4.427,0.738,0.187
20000,200,21.295,0.741,0.188
20000,200,4.766,0.777,0.195
20000,200,4.618,0.762,0.194
20000,200,4.549,0.768,0.196
20000,200,45.683,38.409,0.209
20000,200,12.105,0.808,0.200
20000,200,4.987,0.790,0.198
20000,200,24.313,0.753,0.209
20000,200,4.874,0.791,0.206
20000,200,4.715,0.794,0.203
20000,200,4.522,0.750,0.187
20000,200,21.460,17.478,0.213
20000,200,4.607,0.723,0.189
20000,200,4.809,0.761,0.189
20000,200,21.326,0.770,0.194
20000,200,4.467,0.752,0.204
20000,200,4.750,0.743,0.197
20000,200,4.593,0.764,0.203
20000,200,33.542,0.829,0.210
20000,200,4.274,0.711,0.193
20000,200,4.372,0.722,0.202
20000,200,16.032,0.716,0.193
20000,200,4.040,0.704,0.197
20000,200,4.207,0.705,0.191
20000,200,4.109,0.720,0.204
20000,200,20.912,0.714,0.197
20000,200,8.338,0.806,0.195
20000,200,4.938,0.825,0.192
20000,200,30.445,0.811,0.201
20000,200,5.443,0.768,0.210
20000,200,4.747,1.000,0.200
20000,200,4.942,0.805,0.203
20000,200,22.790,0.763,0.204
20000,200,8.822,2.865,0.207
20000,200,6.719,0.728,0.202
20000,200,8.835,2.828,0.202
20000,200,42.281,34.369,0.216
20000,200,31.953,0.829,0.190
20000,200,8.400,4.992,0.203
20000,200,16.275,0.694,0.197
20000,200,3.985,0.710,0.204
20000,200,3.884,0.691,0.199
20000,200,17.276,0.671,0.192
20000,200,3.745,0.680,0.190
20000,200,3.782,0.647,0.196
20000,200,3.800,0.662,0.196
20000,200,18.707,0.710,0.201
20000,200,3.931,0.702,0.198
20000,200,3.808,0.671,0.197
20000,200,3.739,0.685,0.200
20000,200,27.666,24.482,0.199
20000,200,4.023,0.672,0.199
20000,200,4.652,0.733,0.198
20000,200,25.457,1.107,0.201
20000,200,3.923,0.695,0.195
20000,200,4.009,0.699,0.200
20000,200,3.841,0.675,0.200
20000,200,17.997,14.671,0.204
20000,200,3.835,0.671,0.192
20000,200,4.030,0.681,0.198
20000,200,22.074,0.687,0.195
20000,200,3.938,0.690,0.188
20000,200,3.865,0.668,0.201
20000,200,3.837,0.690,0.199
20000,200,30.117,26.822,0.206
20000,200,3.985,0.693,0.190
20000,200,3.904,0.708,0.197
20000,200,24.394,0.676,0.189
20000,200,4.044,0.703,0.192
20000,200,4.054,0.706,0.199
20000,200,3.970,0.714,0.187
20000,200,18.238,14.774,0.212
20000,200,3.898,0.701,0.200
20000,200,3.656,0.639,0.192
20000,200,21.476,0.647,0.205
20000,200,3.644,0.634,0.198
20000,200,3.765,0.641,0.200
20000,200,3.663,0.645,0.198
20000,200,35.264,31.991,0.214
20000,200,3.933,0.714,0.202
20000,200,3.595,0.655,0.194
20000,200,31.567,0.625,0.198
20000,200,4.897,0.801,0.213
20000,200,3.898,0.704,0.197
20000,200,6.647,0.678,0.193
20000,200,43.913,40.770,0.210
20000,200,3.851,0.689,0.195
20000,200,3.796,0.680,0.193
20000,200,20.509,0.672,0.190
20000,200,3.966,0.819,0.197
20000,200,3.628,0.661,0.193
20000,200,3.521,0.657,0.190
20000,200,21.205,15.831,0.215
20000,200,8.131,0.645,0.199
20000,200,5.942,0.640,0.192
20000,200,36.183,2.713,0.219
20000,200,21.761,0.679,0.199
20000,200,8.409,2.771,0.216
20000,200,6.326,0.696,0.201
20000,200,15.907,12.779,0.214
20000,200,3.742,0.639,0.194
20000,200,3.845,0.658,0.187
20000,200,16.253,0.645,0.199
20000,200,3.568,0.617,0.190
20000,200,3.954,0.638,0.206
20000,200,4.031,0.669,0.198
20000,200,25.654,22.464,0.208
20000,200,3.644,0.657,0.202
20000,200,3.502,0.626,0.194
20000,200,14.879,0.605,0.196
20000,200,3.562,0.661,0.193
20000,200,3.373,0.623,0.191
20000,200,3.688,0.621,0.199
20000,200,16.702,13.464,0.214
20000,200,3.512,0.612,0.204
20000,200,3.664,0.606,0.196
20000,200,16.993,0.648,0.197
20000,200,3.962,0.822,0.189
20000,200,3.697,0.629,0.192
20000,200,3.592,0.632,0.195
20000,200,35.638,0.704,0.196
20000,200,3.703,0.649,0.194
20000,200,3.726,0.694,0.204
20000,200,15.513,0.668,0.190
20000,200,3.681,0.637,0.197
20000,200,3.597,0.662,0.203
20000,200,3.625,0.641,0.198
20000,200,17.236,0.629,0.193
20000,200,3.857,0.665,0.204
20000,200,3.904,0.671,0.196
20000,200,17.874,0.650,0.203
20000,200,3.824,0.654,0.199
20000,200,3.797,0.655,0.190
20000,200,3.857,0.672,0.195
20000,200,28.748,0.657,0.196
20000,200,3.935,0.637,0.200
20000,200,3.944,0.718,0.191
20000,200,16.632,0.643,0.197
20000,200,3.569,0.641,0.195
20000,200,3.582,0.610,0.201
20000,200,3.572,0.622,0.191
20000,200,18.422,0.613,0.206
20000,200,3.431,0.636,0.203
20000,200,3.558,0.602,0.195
20000,200,3.368,0.599,0.196
20000,200,18.481,15.357,0.200
20000,200,3.773,0.739,0.194
20000,200,3.630,0.671,0.192
20000,200,19.419,0.637,0.195
20000,200,8.902,2.893,0.204
20000,200,8.709,0.893,0.225
20000,200,8.187,2.778,0.213
20000,200,45.931,40.396,0.211
20000,200,33.558,15.357,0.209
20000,200,3.640,0.647,0.187
20000,200,21.425,0.642,0.194
20000,200,3.821,0.666,0.194
20000,200,3.834,0.645,0.195
20000,200,3.764,0.657,0.203
20000,200,17.375,13.920,0.222
20000,200,4.628,0.697,0.198
20000,200,3.980,0.674,0.205
20000,200,21.760,0.689,0.192
20000,200,3.506,0.641,0.205
20000,200,3.556,0.630,0.189
20000,200,3.637,0.657,0.202
20000,200,30.453,27.142,0.210
20000,200,4.481,0.678,0.203
20000,200,5.561,0.714,0.206
20000,200,24.037,0.773,0.192
20000,200,11.360,4.604,0.202
20000,200,7.177,0.746,0.190
20000,200,6.628,0.859,0.223
20000,200,19.071,15.559,0.207
20000,200,4.385,0.719,0.193
20000,200,4.330,0.716,0.205
20000,200,21.863,0.738,0.200
20000,200,4.079,0.704,0.205
20000,200,3.821,0.678,0.192
20000,200,3.785,0.685,0.193
20000,200,35.823,32.499,0.212
20000,200,3.916,0.686,0.195
20000,200,4.242,0.675,0.188
20000,200,16.622,0.677,0.197
20000,200,3.865,0.687,0.203
20000,200,3.628,0.655,0.191
20000,200,3.867,0.638,0.192
20000,200,17.625,14.376,0.211
20000,200,3.635,0.649,0.194
20000,200,3.739,0.641,0.200
20000,200,19.323,0.650,0.196
20000,200,3.608,0.644,0.190
20000,200,3.792,0.631,0.200
20000,200,4.113,0.724,0.201
20000,200,33.066,29.885,0.206
20000,200,3.825,0.646,0.190
20000,200,3.817,0.683,0.206
20000,200,17.287,0.659,0.197
20000,200,3.948,0.647,0.203
20000,200,3.842,0.675,0.189
20000,200,3.796,0.653,0.193
20000,200,17.919,14.768,0.204
20000,200,3.558,0.646,0.192
20000,200,3.793,0.636,0.203
20000,200,20.314,0.704,0.190
20000,200,4.186,0.758,0.197
20000,200,3.817,0.682,0.198
20000,200,3.947,0.679,0.190
20000,200,23.937,18.350,0.200
20000,200,6.085,0.695,0.201
20000,200,8.558,2.787,0.205
20000,200,38.072,0.691,0.187
20000,200,17.841,2.785,0.212
20000,200,23.243,2.835,0.214
20000,200,4.036,0.705,0.207
20000,200,17.032,13.282,0.209
20000,200,4.276,0.697,0.188
20000,200,4.092,0.690,0.198
20000,200,18.736,0.701,0.206
20000,200,4.162,0.698,0.222
20000,200,3.975,0.698,0.206
20000,200,3.833,0.684,0.196
20000,200,28.136,24.795,0.205
20000,200,3.732,0.665,0.188
20000,200,3.785,0.686,0.189
20000,200,15.507,0.712,0.194
20000,200,3.784,0.650,0.191
20000,200,3.688,0.662,0.201
20000,200,3.554,0.635,0.192
20000,200,16.835,0.630,0.198
20000,200,3.627,0.648,0.192
20000,200,3.716,0.659,0.203
20000,200,17.801,0.650,0.199
20000,200,3.976,0.678,0.192
20000,200,3.820,0.671,0.203
20000,200,3.899,0.703,0.196
20000,200,33.309,0.699,0.195
20000,200,3.888,0.685,0.190
20000,200,3.927,0.666,0.202
20000,200,16.779,0.695,0.200
20000,300,5.230,0.962,0.216
20000,300,5.830,0.975,0.174
20000,300,36.992,31.756,0.168
20000,300,6.095,1.001,0.170
20000,300,16.621,0.967,0.169
20000,300,5.678,0.980,0.168
20000,300,18.481,0.987,0.171
20000,300,6.220,0.992,0.170
20000,300,5.801,1.006,0.177
20000,300,20.297,15.679,0.170
20000,300,6.227,0.988,0.169
20000,300,22.196,1.022,0.170
20000,300,12.476,0.975,0.169
20000,300,49.904,3.080,0.170
20000,300,39.063,6.121,0.169
20000,300,11.039,3.129,0.169
20000,300,18.482,13.167,0.169
20000,300,6.529,0.963,0.170
20000,300,18.833,1.016,0.169
20000,300,5.832,0.954,0.168
20000,300,30.241,0.947,0.170
20000,300,6.053,0.989,0.170
20000,300,5.741,0.966,0.169
20000,300,18.343,13.448,0.169
20000,300,6.135,1.036,0.170
20000,300,22.168,0.996,0.173
20000,300,5.677,0.957,0.168
20000,300,30.216,0.972,0.169
20000,300,8.442,1.043,0.169
20000,300,6.170,0.996,0.170
20000,300,19.739,14.510,0.169
20000,300,6.435,1.041,0.169
20000,300,19.767,1.024,0.169
20000,300,8.408,1.032,0.170
20000,300,29.286,1.035,0.170
20000,300,5.657,0.999,0.169
20000,300,5.865,0.970,0.168
20000,300,20.093,13.407,0.168
20000,300,6.081,1.056,0.169
20000,300,17.021,0.955,0.169
20000,300,5.907,0.953,0.169
20000,300,9.538,0.996,0.170
20000,300,28.582,23.495,0.170
20000,300,7.374,1.024,0.170
20000,300,21.179,1.023,0.168
20000,300,5.966,0.993,0.168
20000,300,16.337,0.943,0.168
20000,300,5.939,0.977,0.168
20000,300,5.601,0.948,0.168
20000,300,26.041,16.273,0.170
20000,300,10.074,3.047,0.169
20000,300,47.259,3.054,0.169
20000,300,24.836,5.211,0.170
20000,300,17.982,0.927,0.170
20000,300,5.625,0.970,0.169
20000,300,5.582,0.927,0.169
20000,300,18.891,13.968,0.169
20000,300,5.715,0.952,0.169
20000,300,23.959,0.943,0.168
20000,300,10.865,0.972,0.168
20000,300,39.602,1.027,0.170
20000,300,5.564,0.978,0.168
20000,300,5.780,1.015,0.168
20000,300,18.504,13.709,0.168
20000,300,6.127,0.989,0.168
20000,300,18.235,13.348,0.168
20000,300,5.925,0.983,0.169
20000,300,17.270,0.973,0.169
20000,300,5.756,0.954,0.169
20000,300,34.700,1.002,0.174
20000,300,6.144,0.961,0.170
20000,300,5.763,1.016,0.168
20000,300,17.955,13.318,0.169
20000,300,5.695,0.974,0.169
20000,300,16.561,0.968,0.167
20000,300,6.097,1.004,0.169
20000,300,28.306,0.992,0.169
20000,300,7.663,1.049,0.168
20000,300,6.366,1.270,0.170
20000,300,18.691,13.662,0.168
20000,300,5.679,0.955,0.170
20000,300,19.944,0.933,0.169
20000,300,9.376,0.953,0.170
20000,300,6.117,0.960,0.169
20000,300,25.547,16.032,0.170
20000,300,10.581,3.077,0.168
20000,300,37.046,3.045,0.169
20000,300,37.799,16.134,0.169
20000,300,14.536,0.950,0.170
20000,300,8.170,0.927,0.169
20000,300,5.666,0.900,0.175
20000,300,17.501,12.823,0.170
20000,300,5.432,0.878,0.169
20000,300,16.435,0.972,0.170
20000,300,5.535,0.901,0.172
20000,300,29.761,0.896,0.172
20000,300,5.959,0.981,0.170
20000,300,5.742,0.945,0.170
20000,300,17.975,12.904,0.171
20000,300,5.640,0.971,0.171
20000,300,17.252,0.956,0.171
20000,300,8.125,0.950,0.170
20000,300,27.571,0.934,0.171
20000,300,8.757,0.946,0.170
20000,300,5.443,0.952,0.170
20000,300,18.080,0.901,0.170
20000,300,5.728,0.914,0.170
20000,300,15.532,0.890,0.172
20000,300,5.182,0.871,0.169
20000,300,5.341,0.857,0.169
20000,300,29.396,22.364,0.170
20000,300,5.734,0.932,0.171
20000,300,17.530,0.902,0.170
20000,300,5.918,0.907,0.171
20000,300,19.223,0.901,0.170
20000,300,5.517,0.914,0.170
20000,300,5.900,0.901,0.171
20000,300,27.505,22.580,0.170
20000,300,6.515,0.875,0.174
20000,300,20.967,0.929,0.170
20000,300,5.811,0.974,0.170
20000,300,19.512,0.917,0.171
20000,300,5.701,0.959,0.170
20000,300,5.475,0.915,0.170
20000,300,25.044,0.914,0.169
20000,300,6.717,1.010,0.171
20000,300,21.569,1.062,0.171
20000,300,10.532,3.098,0.171
20000,300,12.588,3.179,0.171
20000,300,41.508,32.158,0.170
20000,300,39.427,24.631,0.171
20000,300,17.860,0.939,0.172
20000,300,7.834,0.935,0.171
20000,300,16.357,0.949,0.170
20000,300,5.721,0.943,0.170
20000,300,5.789,0.918,0.170
20000,300,28.270,23.139,0.171
20000,300,5.841,0.930,0.170
20000,300,18.861,0.968,0.171
20000,300,7.154,0.979,0.170
20000,300,17.983,0.941,0.171
20000,300,7.481,0.961,0.170
20000,300,6.799,1.144,0.171
20000,300,26.377,21.180,0.171
20000,300,6.501,0.974,0.170
20000,300,32.699,1.008,0.171
20000,300,6.237,1.039,0.174
20000,300,6.791,1.001,0.170
20000,300,19.963,14.713,0.171
20000,300,6.307,0.990,0.170
20000,300,19.646,0.972,0.171
20000,300,6.253,1.020,0.170
20000,300,18.663,0.995,0.170
20000,300,6.114,0.996,0.171
20000,300,7.951,0.978,0.171
20000,300,33.277,28.289,0.171
20000,300,5.590,0.938,0.170
20000,300,18.660,0.972,0.170
20000,300,6.020,0.955,0.171
20000,300,17.352,0.978,0.171
20000,300,5.814,0.906,0.172
20000,300,6.006,0.954,0.171
20000,300,23.287,18.546,0.170
20000,300,5.838,0.910,0.171
20000,300,22.304,0.920,0.170
20000,300,12.442,3.008,0.171
20000,300,10.362,1.007,0.171
20000,300,39.609,32.286,0.171
20000,300,37.467,10.787,0.170
20000,300,17.415,0.924,0.170
20000,300,5.659,0.917,0.171
20000,300,16.848,0.978,0.170
20000,300,5.996,0.932,0.171
20000,300,9.741,1.010,0.171
20000,300,41.138,35.999,0.172
20000,300,5.834,0.965,0.171
20000,300,18.134,0.968,0.171
20000,300,6.270,0.935,0.170
20000,300,20.318,1.009,0.175
20000,300,8.309,0.957,0.171
20000,300,6.317,0.968,0.171
20000,300,29.051,23.946,0.171
20000,300,5.882,0.991,0.174
20000,300,18.900,0.952,0.172
20000,300,7.583,1.026,0.171
20000,300,29.880,1.087,0.171
20000,300,17.858,1.061,0.171
20000,300,21.086,1.090,0.172
20000,300,25.765,17.816,0.171
20000,300,7.352,1.096,0.171
20000,300,66.939,1.042,0.170
20000,300,6.706,1.084,0.171
20000,300,6.367,1.060,0.170
20000,300,26.576,16.829,0.171
20000,300,6.130,1.017,0.169
20000,300,21.242,1.038,0.171
20000,300,6.570,1.047,0.171
20000,300,24.178,1.010,0.171
20000,300,6.278,1.026,0.170
20000,300,6.545,1.124,0.171
20000,300,33.902,28.855,0.171
20000,300,6.270,1.007,0.170
20000,300,20.284,1.048,0.176
20000,300,7.505,0.967,0.171
20000,300,23.953,1.081,0.171
20000,300,5.723,0.975,0.169
20000,300,6.053,0.944,0.171
20000,300,25.513,0.966,0.170
20000,300,6.876,0.980,0.171
20000,300,22.627,1.001,0.170
20000,300,10.836,3.147,0.171
20000,300,13.139,3.130,0.171
20000,300,54.093,32.700,0.170
20000,300,28.106,18.184,0.170
20000,300,19.274,1.026,0.169
20000,300,6.766,1.106,0.170
20000,300,18.508,1.133,0.171
20000,300,6.696,0.985,0.171
20000,300,7.395,0.997,0.170
20000,300,41.065,29.144,0.171
20000,300,7.984,1.069,0.170
20000,300,19.311,1.011,0.171
20000,300,6.163,1.027,0.170
20000,300,18.634,1.006,0.170
20000,300,6.671,0.995,0.170
20000,300,8.756,1.031,0.171
20000,300,22.225,16.694,0.170
20000,300,6.280,1.022,0.173
20000,300,33.074,1.057,0.174
20000,300,6.513,1.059,0.171
20000,300,6.666,1.093,0.171
20000,300,20.496,15.296,0.172
20000,300,6.381,1.036,0.170
20000,300,21.052,1.031,0.171
20000,300,6.456,1.017,0.170
20000,300,19.944,1.040,0.171
20000,300,6.286,1.040,0.170
20000,300,6.675,1.047,0.171
20000,300,34.256,28.864,0.171
20000,300,6.698,1.060,0.171
20000,300,20.676,1.065,0.171
20000,300,6.759,1.085,0.171
20000,300,21.822,1.064,0.171
20000,300,6.545,1.124,0.170
20000,300,6.575,1.028,0.171
20000,300,24.383,16.754,0.171
20000,300,13.937,3.080,0.171
20000,300,42.706,1.011,0.170
20000,300,40.072,13.160,0.171
20000,300,19.420,1.023,0.171
20000,300,6.365,1.028,0.171
20000,300,6.156,0.987,0.170
20000,300,21.164,1.092,0.170
20000,300,7.064,1.156,0.171
20000,300,18.930,1.078,0.171
20000,300,6.016,0.995,0.170
20000,300,7.927,1.010,0.171
20000,300,41.601,33.339,0.171
20000,300,9.958,1.004,0.170
20000,300,25.892,1.119,0.172
20000,300,8.521,1.089,0.172
20000,300,21.645,0.991,0.170
20000,300,8.556,0.998,0.171
20000,300,5.772,0.976,0.171
20000,300,28.111,22.961,0.171
20000,300,9.309,0.950,0.170
20000,300,18.513,0.965,0.171
20000,300,5.879,0.962,0.171
20000,300,17.165,0.952,0.170
20000,300,5.408,0.917,0.170
20000,300,5.800,0.957,0.171
20000,300,29.155,24.239,0.171
20000,300,5.496,0.888,0.170
20000,300,19.164,0.921,0.170
20000,300,5.499,0.940,0.171
20000,300,23.570,0.915,0.171
20000,300,5.887,0.952,0.170
20000,300,5.862,0.983,0.171
20000,300,20.081,15.041,0.171
20000,300,5.447,0.928,0.171
20000,300,29.796,0.896,0.170
20000,300,6.022,0.936,0.171
20000,300,5.737,0.961,0.170
20000,300,18.297,13.709,0.171
20000,300,5.509,0.928,0.172
20000,300,21.454,0.898,0.170
20000,300,5.499,0.945,0.171
20000,300,17.037,0.904,0.170
20000,300,5.487,0.916,0.169
20000,300,5.173,0.929,0.169
20000,300,34.170,25.113,0.171
20000,300,10.104,1.101,0.170
20000,300,39.814,3.014,0.171
20000,300,39.885,15.747,0.170
20000,300,14.980,0.966,0.170
20000,300,8.811,0.965,0.170
20000,300,5.628,0.962,0.171
20000,300,19.439,14.550,0.170
20000,300,5.775,0.943,0.174
20000,300,25.256,0.909,0.171
20000,500,17.604,3.700,0.174
20000,500,45.889,15.522,0.171
20000,500,20.674,3.689,0.173
20000,500,11.960,1.515,0.171
20000,500,29.309,21.969,0.171
20000,500,18.040,1.507,0.171
20000,500,19.582,1.548,0.172
20000,500,8.824,1.535,0.170
20000,500,24.076,1.515,0.170
20000,500,35.555,1.515,0.170
20000,500,8.795,1.533,0.169
20000,500,22.136,11.584,0.171
20000,500,18.854,1.518,0.170
20000,500,8.807,1.522,0.170
20000,500,32.737,22.815,0.171
20000,500,18.621,1.516,0.171
20000,500,20.037,1.527,0.171
20000,500,9.098,1.509,0.170
20000,500,25.203,1.550,0.171
20000,500,39.941,1.564,0.172
20000,500,20.343,3.749,0.171
20000,500,46.296,15.678,0.170
20000,500,33.221,6.069,0.171
20000,500,10.114,1.769,0.171
20000,500,37.210,28.592,0.170
20000,500,21.245,1.619,0.171
20000,500,21.836,1.750,0.171
20000,500,9.531,1.667,0.170
20000,500,22.418,1.622,0.171
20000,500,37.682,1.599,0.170
20000,500,9.291,1.635,0.171
20000,500,20.694,13.155,0.171
20000,500,20.987,1.627,0.171
20000,500,9.471,1.554,0.170
20000,500,31.557,23.955,0.171
20000,500,20.106,1.646,0.170
20000,500,21.141,1.573,0.171
20000,500,11.405,1.601,0.171
20000,500,22.142,1.546,0.170
20000,500,23.736,1.625,0.170
20000,500,21.436,5.840,0.170
20000,500,67.979,34.753,0.170
20000,500,23.081,5.773,0.170
20000,500,8.775,1.513,0.171
20000,500,27.041,19.969,0.171
20000,500,21.117,1.491,0.170
20000,500,21.207,1.577,0.171
20000,500,9.989,1.674,0.171
20000,500,22.696,1.621,0.171
20000,500,36.196,1.641,0.172
20000,500,9.417,1.563,0.171
20000,500,19.659,12.424,0.171
20000,500,22.633,1.512,0.170
20000,500,8.917,1.609,0.171
20000,500,30.332,23.256,0.171
20000,500,19.025,1.542,0.171
20000,500,39.645,1.549,0.172
20000,500,20.121,1.712,0.171
20000,500,46.862,38.992,0.172
20000,500,18.375,1.556,0.171
20000,500,8.897,1.538,0.172
20000,500,28.941,14.956,0.170
20000,500,39.521,3.724,0.171
20000,500,51.370,18.818,0.172
20000,500,10.806,1.557,0.170
20000,500,18.715,1.546,0.171
20000,500,19.683,1.496,0.169
20000,500,9.180,1.554,0.172
20000,500,29.406,22.201,0.172
20000,500,18.476,1.540,0.171
20000,500,8.881,1.553,0.170
20000,500,26.153,18.989,0.172
20000,500,18.930,1.620,0.171
20000,500,21.116,1.556,0.171
20000,500,8.715,1.528,0.171
20000,500,26.748,13.743,0.171
20000,500,70.559,5.703,0.171
20000,500,13.680,3.795,0.171
20000,500,19.819,12.611,0.172
20000,500,24.776,1.583,0.171
20000,500,34.161,1.565,0.171
20000,500,8.851,1.609,0.170
20000,500,18.721,1.583,0.173
20000,500,19.179,1.549,0.171
20000,500,8.530,1.531,0.171
20000,500,29.890,22.652,0.171
20000,500,20.682,1.574,0.171
20000,500,20.882,1.599,0.171
20000,500,8.854,1.582,0.171
20000,500,21.643,1.633,0.171
20000,500,32.497,1.524,0.171
20000,500,8.783,1.469,0.171
20000,500,19.278,12.204,0.172
20000,500,18.637,1.502,0.171
20000,500,8.658,1.560,0.172
20000,500,30.381,22.888,0.172
20000,500,19.050,1.703,0.171
20000,500,20.628,1.533,0.170
20000,500,10.452,1.475,0.171
20000,500,21.254,1.580,0.172
20000,500,33.479,1.475,0.171
20000,500,17.509,3.575,0.171
20000,500,49.349,14.571,0.171
20000,500,24.864,3.623,0.171
20000,500,8.848,1.512,0.172
20000,500,31.343,23.733,0.171
20000,500,18.822,1.540,0.171
20000,500,20.320,1.519,0.171
20000,500,9.108,1.526,0.174
20000,500,24.862,1.474,0.171
20000,500,32.565,1.505,0.171
20000,500,9.274,1.512,0.174
20000,500,18.927,11.687,0.171
20000,500,19.354,1.496,0.171
20000,500,9.154,1.552,0.171
20000,500,30.301,22.840,0.171
20000,500,20.910,1.535,0.170
20000,500,9.278,1.523,0.172
20000,500,20.913,13.461,0.172
20000,500,21.724,1.512,0.170
20000,500,22.314,1.545,0.171
20000,500,17.776,3.623,0.171
20000,500,55.129,32.947,0.172
20000,500,34.605,16.337,0.171
20000,500,8.748,1.504,0.171
20000,500,28.827,19.999,0.171
20000,500,20.156,1.486,0.171
20000,500,9.619,1.499,0.170
20000,500,37.435,25.364,0.171
20000,500,20.933,1.509,0.171
20000,500,32.482,1.516,0.171
20000,500,8.893,1.482,0.170
20000,500,19.126,11.889,0.171
20000,500,18.614,1.491,0.171
20000,500,9.059,1.489,0.171
20000,500,31.158,23.597,0.172
20000,500,18.612,1.547,0.171
20000,500,8.683,1.519,0.171
20000,500,20.602,13.075,0.171
20000,500,22.473,1.538,0.170
20000,500,37.252,1.552,0.171
20000,500,10.447,1.513,0.171
20000,500,19.990,12.648,0.171
20000,500,20.474,1.531,0.173
20000,500,9.221,1.593,0.171
20000,500,29.455,15.234,0.171
20000,500,60.459,3.706,0.172
20000,500,38.121,18.530,0.171
20000,500,8.831,1.539,0.172
20000,500,19.365,1.523,0.174
20000,500,29.698,1.526,0.171
20000,500,9.801,1.664,0.171
20000,500,28.771,19.168,0.171
20000,500,20.718,1.901,0.171
20000,500,9.791,1.616,0.171
20000,500,36.993,26.117,0.171
20000,500,21.145,1.681,0.170
20000,500,25.330,1.822,0.170
20000,500,11.283,1.591,0.171
20000,500,21.601,1.602,0.170
20000,500,33.426,1.520,0.171
20000,500,8.644,1.499,0.171
20000,500,19.116,11.744,0.172
20000,500,19.804,1.521,0.171
20000,500,14.761,1.542,0.171
20000,500,32.796,20.523,0.170
20000,500,50.771,3.647,0.171
20000,500,37.393,14.169,0.171
20000,500,9.110,1.555,0.171
20000,500,20.244,12.615,0.171
20000,500,22.179,1.528,0.170
20000,500,9.228,1.612,0.171
20000,500,35.188,25.694,0.171
20000,500,20.266,1.495,0.171
20000,500,11.601,1.608,0.171
20000,500,23.252,14.957,0.173
20000,500,33.513,1.875,0.171
20000,500,54.384,1.649,0.171
20000,500,10.622,2.005,0.171
20000,500,26.450,14.589,0.170
20000,500,23.470,1.878,0.170
20000,500,10.485,1.698,0.170
20000,500,34.562,27.233,0.171
20000,500,18.886,1.618,0.171
20000,500,20.535,1.579,0.175
20000,500,11.968,1.557,0.171
20000,500,21.392,1.558,0.173
20000,500,22.352,1.603,0.170
20000,500,17.874,5.766,0.171
20000,500,69.752,33.493,0.170
20000,500,20.377,3.633,0.171
20000,500,8.992,1.547,0.171
20000,500,27.301,19.517,0.174
20000,500,19.418,1.565,0.170
20000,500,20.352,1.552,0.170
20000,500,12.045,1.549,0.170
20000,500,32.177,24.265,0.170
20000,500,19.438,1.763,0.171
20000,500,11.424,1.943,0.171
20000,500,28.642,21.156,0.170
20000,500,18.834,1.594,0.169
20000,500,20.354,1.522,0.171
20000,500,8.891,1.598,0.170
20000,500,20.748,1.588,0.170
20000,500,34.517,1.547,0.170
20000,500,10.098,1.521,0.171
20000,500,21.827,12.845,0.170
20000,500,19.974,1.553,0.171
20000,500,13.024,1.649,0.170
20000,500,31.728,17.438,0.171
20000,500,57.730,3.755,0.171
20000,500,26.017,3.789,0.170
20000,500,9.498,1.686,0.171
20000,500,22.058,12.999,0.170
20000,500,19.876,1.634,0.171
20000,500,9.013,1.555,0.172
20000,500,33.297,25.718,0.171
20000,500,18.793,1.598,0.171
20000,500,20.226,1.565,0.171
20000,500,8.845,1.586,0.171
20000,500,30.261,22.943,0.171
20000,500,17.685,1.560,0.171
20000,500,8.925,1.565,0.171
20000,500,27.645,20.076,0.171
20000,500,19.712,1.592,0.170
20000,500,33.466,1.558,0.172
20000,500,9.827,1.626,0.174
20000,500,20.428,1.491,0.171
20000,500,34.632,1.509,0.172
20000,500,9.090,1.563,0.170
20000,500,20.288,12.624,0.171
20000,500,20.332,1.592,0.171
20000,500,10.168,1.577,0.171
20000,500,28.700,14.815,0.171
20000,500,65.246,3.654,0.171
20000,500,25.911,3.774,0.171
20000,500,9.338,1.595,0.171
20000,500,20.022,1.633,0.170
20000,500,19.799,1.527,0.171
20000,500,11.089,1.551,0.171
20000,500,35.464,27.583,0.171
20000,500,18.886,1.601,0.174
20000,500,11.129,1.569,0.171
20000,500,22.032,14.189,0.173
20000,500,22.507,1.714,0.171
20000,500,35.101,1.664,0.170
20000,500,9.301,1.628,0.175
20000,500,20.074,12.369,0.170
20000,500,19.477,1.576,0.171
20000,500,8.904,1.606,0.170
20000,500,30.428,23.074,0.172
20000,500,19.457,1.594,0.171
20000,500,26.789,1.593,0.172
20000,500,8.682,1.591,0.171
20000,500,20.958,1.526,0.171
20000,500,33.072,1.595,0.170
20000,500,18.010,5.791,0.171
20000,500,50.323,15.063,0.170
20000,500,18.714,1.536,0.171
20000,500,10.292,1.527,0.171
20000,500,30.626,22.830,0.171
20000,500,19.438,1.617,0.171
20000,500,19.625,1.554,0.170
20000,500,10.315,1.512,0.171
20000,500,29.303,22.086,0.171
20000,500,17.423,1.548,0.171
20000,500,8.766,1.564,0.172
20000,500,26.556,19.118,0.171
20000,500,18.530,1.583,0.170
20000,500,20.693,1.643,0.170
20000,500,9.312,1.605,0.170
20000,500,29.074,1.568,0.171
20000,500,49.934,1.596,0.170
20000,500,10.294,1.569,0.170
20000,500,19.424,11.725,0.171
20000,500,20.523,1.529,0.171
20000,500,8.646,1.524,0.171
20000,500,31.701,16.150,0.172
20000,500,53.722,3.647,0.170
20000,500,25.893,3.616,0.171
20000,500,8.891,1.570,0.170
20000,500,19.535,12.268,0.171
20000,500,19.643,1.541,0.170
20000,500,11.817,1.529,0.170
20000,500,32.677,25.534,0.171
20000,500,18.160,1.556,0.171
20000,500,20.035,1.569,0.172
20000,500,8.245,1.459,0.171
20000,500,21.003,1.479,0.171
20000,500,41.639,1.465,0.170
20000,500,9.125,1.559,0.171
20000,500,20.160,12.472,0.171
20000,500,19.296,1.513,0.171
20000,500,8.999,1.520,0.171
20000,500,29.708,22.480,0.170
20000,500,18.819,1.479,0.170
20000,500,19.974,1.494,0.170
20000,500,12.066,1.497,0.172
20000,500,22.583,1.586,0.171
20000,500,37.364,1.564,0.171
20000,800,25.252,2.411,0.170
20000,800,36.739,2.441,0.170
20000,800,24.763,2.490,0.171
20000,800,29.864,2.346,0.171
20000,800,36.236,16.040,0.170
20000,800,82.686,38.382,0.170
20000,800,23.462,12.422,0.172
20000,800,52.384,14.404,0.171
20000,800,38.772,2.259,0.171
20000,800,25.489,2.372,0.172
20000,800,36.630,2.455,0.171
20000,800,26.523,2.486,0.170
20000,800,26.927,2.527,0.171
20000,800,46.394,2.481,0.171
20000,800,26.185,2.429,0.171
20000,800,29.588,16.017,0.171
20000,800,37.502,25.712,0.171
20000,800,26.157,14.282,0.171
20000,800,38.851,14.567,0.171
20000,800,29.422,2.297,0.171
20000,800,58.982,6.726,0.172
20000,800,52.867,29.417,0.170
20000,800,26.386,2.426,0.170
20000,800,38.303,2.416,0.171
20000,800,24.999,2.396,0.170
20000,800,26.268,2.420,0.172
20000,800,39.952,26.806,0.172
20000,800,24.180,13.442,0.171
20000,800,24.612,13.618,0.171
20000,800,51.581,31.282,0.170
20000,800,23.744,2.304,0.171
20000,800,36.625,2.317,0.171
20000,800,21.968,2.353,0.170
20000,800,26.552,2.332,0.171
20000,800,31.018,2.343,0.175
20000,800,92.417,6.703,0.171
20000,800,23.213,2.325,0.171
20000,800,24.376,13.077,0.171
20000,800,53.876,41.796,0.171
20000,800,27.112,14.314,0.170
20000,800,40.957,15.351,0.170
20000,800,45.198,2.590,0.171
20000,800,30.177,2.588,0.171
20000,800,34.539,12.359,0.171
20000,800,39.244,2.326,0.170
20000,800,24.717,2.453,0.170
20000,800,25.774,2.337,0.171
20000,800,36.313,2.445,0.170
20000,800,23.808,12.631,0.170
20000,800,28.559,15.670,0.171
20000,800,37.990,18.126,0.171
20000,800,88.257,34.604,0.171
20000,800,26.374,2.542,0.170
20000,800,36.309,2.678,0.171
20000,800,28.496,2.628,0.171
20000,800,28.772,2.623,0.170
20000,800,40.977,2.749,0.171
20000,800,25.739,2.617,0.170
20000,800,28.744,15.399,0.170
20000,800,41.565,28.978,0.171
20000,800,27.293,14.632,0.171
20000,800,41.154,15.523,0.171
20000,800,49.991,2.551,0.171
20000,800,24.845,2.622,0.170
20000,800,31.061,2.618,0.170
20000,800,33.314,2.651,0.171
20000,800,86.995,6.833,0.172
20000,800,28.272,2.644,0.171
20000,800,26.145,14.410,0.174
20000,800,38.051,25.745,0.171
20000,800,27.833,13.749,0.171
20000,800,40.392,14.715,0.171
20000,800,41.106,2.927,0.171
20000,800,23.923,2.638,0.170
20000,800,25.354,2.670,0.172
20000,800,37.589,2.507,0.171
20000,800,25.551,2.531,0.171
20000,800,33.832,2.549,0.171
20000,800,54.831,35.852,0.172
20000,800,36.703,21.978,0.171
20000,800,26.928,15.121,0.171
20000,800,73.059,19.296,0.170
20000,800,63.054,6.760,0.171
20000,800,32.038,2.682,0.171
20000,800,25.524,2.567,0.171
20000,800,25.336,2.425,0.170
20000,800,35.891,2.467,0.171
20000,800,25.325,2.445,0.171
20000,800,25.934,14.598,0.170
20000,800,37.230,25.111,0.171
20000,800,24.717,13.003,0.171
20000,800,39.962,14.380,0.171
20000,800,41.364,2.648,0.171
20000,800,26.361,2.835,0.171
20000,800,28.579,2.582,0.174
20000,800,62.408,7.157,0.170
20000,800,69.736,36.121,0.171
20000,800,26.470,2.515,0.171
20000,800,41.756,27.089,0.170
20000,800,31.632,17.172,0.171
20000,800,28.387,15.733,0.171
20000,800,51.284,27.388,0.170
20000,800,27.274,2.662,0.172
20000,800,37.765,2.737,0.171
20000,800,24.567,2.630,0.170
20000,800,28.227,2.545,0.171
20000,800,38.821,2.533,0.171
20000,800,25.071,2.500,0.171
20000,800,26.743,15.052,0.170
20000,800,37.299,16.498,0.171
20000,800,99.208,37.749,0.171
20000,800,37.914,13.630,0.170
20000,800,28.064,2.729,0.170
20000,800,40.550,2.692,0.170
20000,800,25.934,2.605,0.170
20000,800,25.756,2.600,0.170
20000,800,37.706,2.567,0.171
20000,800,24.190,2.512,0.171
20000,800,26.364,14.771,0.170
20000,800,47.831,27.067,0.171
20000,800,27.904,16.501,0.171
20000,800,39.291,14.534,0.171
20000,800,29.963,2.659,0.171
20000,800,61.415,8.848,0.171
20000,800,59.260,28.038,0.171
20000,800,39.067,2.752,0.171
20000,800,42.119,2.597,0.171
20000,800,27.010,2.812,0.171
20000,800,30.902,15.273,0.170
20000,800,41.768,27.570,0.171
20000,800,38.455,13.769,0.170
20000,800,27.687,2.551,0.175
20000,800,41.298,2.605,0.171
20000,800,23.253,2.604,0.170
20000,800,27.498,2.497,0.171
20000,800,36.553,2.606,0.170
20000,800,30.439,2.609,0.171
20000,800,28.932,16.465,0.170
20000,800,38.931,17.548,0.171
20000,800,80.517,39.783,0.171
20000,800,75.662,27.952,0.171
20000,800,34.407,2.887,0.170
20000,800,40.152,2.861,0.171
20000,800,24.508,2.645,0.171
20000,800,25.997,2.626,0.170
20000,800,38.431,2.632,0.172
20000,800,25.499,2.860,0.171
20000,800,27.009,14.683,0.171
20000,800,40.850,28.293,0.171
20000,800,39.938,14.419,0.171
20000,800,32.068,2.760,0.171
20000,800,30.810,2.878,0.171
20000,800,95.544,6.914,0.171
20000,800,29.495,6.869,0.171
20000,800,26.390,2.728,0.171
20000,800,41.958,28.866,0.171
20000,800,38.194,13.101,0.171
20000,800,41.861,29.229,0.175
20000,800,63.757,38.795,0.171
20000,800,31.804,2.810,0.171
20000,800,39.787,2.687,0.171
20000,800,25.200,2.575,0.171
20000,800,25.672,2.555,0.171
20000,800,37.193,2.543,0.171
20000,800,25.660,2.492,0.171
20000,800,27.290,15.591,0.172
20000,800,39.653,16.236,0.171
20000,800,82.197,34.133,0.170
20000,800,39.655,13.565,0.171
20000,800,25.377,2.532,0.171
20000,800,42.036,2.479,0.170
20000,800,23.248,2.519,0.171
20000,800,28.179,2.569,0.171
20000,800,40.129,2.671,0.171
20000,800,26.116,2.662,0.171
20000,800,26.518,14.801,0.171
20000,800,38.053,26.104,0.171
20000,800,28.279,14.050,0.171
20000,800,40.325,15.018,0.171
20000,800,34.470,2.609,0.171
20000,800,79.437,6.913,0.171
20000,800,70.162,8.939,0.170
20000,800,30.335,2.885,0.170
20000,800,44.811,3.383,0.170
20000,800,26.436,2.686,0.171
20000,800,33.490,2.710,0.171
20000,800,62.171,43.403,0.171
20000,800,27.294,14.765,0.172
20000,800,41.782,15.381,0.171
20000,800,42.836,2.725,0.170
20000,800,31.412,2.889,0.171
20000,800,37.798,2.969,0.171
20000,800,27.040,2.685,0.170
20000,800,29.435,2.628,0.171
20000,800,36.447,2.902,0.171
20000,800,73.337,38.967,0.171
20000,800,35.832,18.376,0.172
20000,800,27.567,14.972,0.172
20000,800,53.259,28.561,0.170
20000,800,29.059,2.971,0.171
20000,800,44.429,2.912,0.171
20000,800,28.939,3.065,0.171
20000,800,31.007,2.734,0.171
20000,800,41.252,2.675,0.170
20000,800,29.237,2.895,0.171
20000,800,29.671,15.223,0.171
20000,800,40.760,28.083,0.171
20000,800,26.077,14.196,0.170
20000,800,39.787,14.871,0.171
20000,800,36.363,2.502,0.171
20000,800,56.718,6.890,0.171
20000,800,65.675,32.849,0.170
20000,800,27.368,2.812,0.171
20000,800,42.469,2.779,0.170
20000,800,27.163,3.183,0.171
20000,800,32.556,15.271,0.171
20000,800,44.663,30.212,0.171
20000,800,64.356,26.933,0.170
20000,800,26.423,2.545,0.171
20000,800,51.874,2.606,0.171
20000,800,27.382,2.882,0.171
20000,800,32.893,2.723,0.170
20000,800,45.526,2.716,0.170
20000,800,26.836,2.739,0.170
20000,800,28.042,15.722,0.170
20000,800,38.112,19.399,0.173
20000,800,99.433,47.160,0.174
20000,800,87.693,52.657,0.170
20000,800,40.235,2.985,0.171
20000,800,31.055,2.825,0.171
20000,800,27.862,2.797,0.170
20000,800,39.774,2.713,0.171
20000,800,27.006,2.818,0.170
20000,800,28.216,15.628,0.170
20000,800,40.026,28.030,0.172
20000,800,41.950,13.525,0.170
20000,800,26.448,2.670,0.170
20000,800,39.322,2.769,0.170
20000,800,24.423,2.572,0.171
20000,800,34.750,2.722,0.171
20000,800,46.875,2.692,0.171
20000,800,74.750,6.916,0.171
20000,800,48.382,24.539,0.171
20000,800,26.551,14.599,0.170
20000,800,48.018,25.223,0.173
20000,800,26.600,2.565,0.172
20000,800,39.496,2.647,0.171
20000,800,24.541,2.679,0.171
20000,800,26.185,2.580,0.173
20000,800,49.038,2.663,0.172
20000,800,28.925,3.209,0.172
20000,800,30.507,15.862,0.170
20000,800,40.107,28.380,0.170
20000,800,26.559,14.335,0.171
20000,800,41.441,15.004,0.173
20000,800,31.870,2.827,0.170
20000,800,71.837,6.995,0.171
20000,800,87.923,36.692,0.171
20000,800,27.551,2.703,0.171
20000,800,39.880,2.692,0.171
20000,800,28.983,14.783,0.170
20000,800,28.876,15.975,0.171
20000,800,43.038,29.920,0.170
20000,800,51.834,14.950,0.171
20000,800,29.280,2.838,0.171
20000,800,42.172,2.790,0.172
20000,800,28.536,2.885,0.171
20000,800,26.627,2.646,0.171
20000,800,37.777,2.615,0.170
20000,800,25.930,13.571,0.171
20000,800,25.465,14.187,0.171
20000,800,37.749,18.033,0.172
20000,800,90.634,33.590,0.170
20000,800,25.169,2.724,0.170
20000,800,36.637,2.696,0.170
20000,800,24.545,2.607,0.171
20000,800,25.434,2.653,0.171
20000,800,36.322,2.565,0.171
20000,800,27.946,13.936,0.170
20000,800,24.872,13.697,0.171
20000,800,87.057,39.332,0.171
20000,800,30.029,5.189,0.171
20000,800,37.534,2.612,0.171
20000,800,23.791,2.605,0.171
20000,800,25.972,2.609,0.171
20000,800,34.509,2.598,0.170
20000,800,67.750,6.872,0.171
20000,800,35.395,17.412,0.172
20000,800,26.380,14.720,0.171
20000,800,46.304,25.057,0.170
20000,800,24.242,2.445,0.170
20000,800,38.306,2.505,0.170
20000,800,24.027,2.608,0.171
20000,800,24.837,2.556,0.171
20000,800,35.546,2.514,0.171
20000,800,23.253,2.448,0.171
20000,800,24.519,13.353,0.171
20000,800,36.252,24.840,0.171
20000,800,38.757,13.946,0.172
20000,800,28.041,2.738,0.171
20000,1200,91.042,27.704,0.171
20000,1200,62.454,30.553,0.171
20000,1200,45.433,3.946,0.170
20000,1200,59.935,18.224,0.171
20000,1200,51.543,16.883,0.171
20000,1200,50.607,6.131,0.171
20000,1200,46.075,16.315,0.170
20000,1200,62.260,33.112,0.170
20000,1200,41.429,3.733,0.171
20000,1200,102.722,37.776,0.170
20000,1200,49.241,3.815,0.171
20000,1200,37.359,3.673,0.171
20000,1200,45.563,14.507,0.171
20000,1200,45.490,3.761,0.171
20000,1200,50.131,15.747,0.170
20000,1200,44.696,15.655,0.171
20000,1200,44.805,3.786,0.171
20000,1200,51.344,15.709,0.171
20000,1200,77.467,6.287,0.171
20000,1200,68.535,39.587,0.171
20000,1200,50.414,21.596,0.171
20000,1200,46.661,11.264,0.171
20000,1200,53.430,15.215,0.172
20000,1200,43.411,15.264,0.170
20000,1200,45.589,4.215,0.171
20000,1200,43.411,16.225,0.171
20000,1200,57.451,28.675,0.171
20000,1200,58.293,4.265,0.171
20000,1200,100.766,51.030,0.170
20000,1200,51.813,22.903,0.171
20000,1200,52.381,7.193,0.171
20000,1200,60.434,29.187,0.172
20000,1200,58.595,3.925,0.172
20000,1200,39.668,3.599,0.171
20000,1200,41.146,14.232,0.171
20000,1200,41.553,3.540,0.171
20000,1200,44.623,14.280,0.171
20000,1200,93.996,32.699,0.171
20000,1200,36.318,3.715,0.171
20000,1200,38.322,13.666,0.171
20000,1200,54.129,3.575,0.172
20000,1200,37.876,3.651,0.171
20000,1200,39.956,13.894,0.171
20000,1200,41.405,3.524,0.171
20000,1200,50.538,14.688,0.170
20000,1200,43.225,14.265,0.171
20000,1200,47.402,3.622,0.172
20000,1200,117.446,54.636,0.171
20000,1200,46.209,20.454,0.171
20000,1200,35.345,3.514,0.171
20000,1200,42.049,13.996,0.172
20000,1200,51.608,25.551,0.170
20000,1200,36.016,3.597,0.170
20000,1200,40.018,13.447,0.171
20000,1200,52.108,3.691,0.171
20000,1200,37.453,3.635,0.171
20000,1200,98.828,33.299,0.171
20000,1200,40.006,3.745,0.171
20000,1200,51.133,14.451,0.171
20000,1200,66.717,23.308,0.171
20000,1200,50.932,3.787,0.171
20000,1200,41.579,14.844,0.172
20000,1200,55.434,27.323,0.171
20000,1200,37.399,3.635,0.170
20000,1200,41.812,14.728,0.171
20000,1200,75.497,3.611,0.170
20000,1200,65.490,25.122,0.171
20000,1200,43.642,19.719,0.171
20000,1200,45.107,3.616,0.171
20000,1200,33.976,3.501,0.170
20000,1200,37.727,12.934,0.171
20000,1200,53.369,3.463,0.171
20000,1200,35.675,3.596,0.171
20000,1200,44.425,14.623,0.172
20000,1200,43.239,3.608,0.171
20000,1200,106.830,49.382,0.171
20000,1200,49.758,20.656,0.172
20000,1200,40.141,3.763,0.171
20000,1200,54.011,15.838,0.173
20000,1200,55.907,19.812,0.171
20000,1200,49.989,4.198,0.171
20000,1200,53.655,16.206,0.171
20000,1200,41.872,15.138,0.171
20000,1200,44.371,3.631,0.171
20000,1200,95.698,70.499,0.171
20000,1200,46.478,20.397,0.172
20000,1200,39.027,3.627,0.171
20000,1200,39.189,14.380,0.171
20000,1200,63.244,25.607,0.172
20000,1200,40.908,5.004,0.171
20000,1200,40.161,13.836,0.172
20000,1200,55.649,3.637,0.171
20000,1200,39.483,3.567,0.171
20000,1200,102.723,34.992,0.171
20000,1200,45.349,3.779,0.171
20000,1200,45.551,14.117,0.171
20000,1200,40.671,13.801,0.171
20000,1200,45.858,3.708,0.172
20000,1200,40.302,14.425,0.170
20000,1200,54.084,27.579,0.170
20000,1200,36.068,3.660,0.174
20000,1200,39.532,14.293,0.170
20000,1200,70.709,3.519,0.171
20000,1200,79.178,39.121,0.171
20000,1200,46.651,20.169,0.171
20000,1200,54.454,3.809,0.171
20000,1200,38.799,3.905,0.171
20000,1200,41.953,14.608,0.171
20000,1200,47.022,3.902,0.170
20000,1200,50.899,15.196,0.171
20000,1200,41.794,14.565,0.170
20000,1200,42.416,3.707,0.171
20000,1200,100.983,40.608,0.171
20000,1200,46.168,20.264,0.171
20000,1200,36.144,3.643,0.171
20000,1200,38.637,13.602,0.171
20000,1200,53.868,26.264,0.171
20000,1200,35.239,3.602,0.170
20000,1200,37.718,13.458,0.170
20000,1200,60.716,3.549,0.171
20000,1200,37.152,3.614,0.174
20000,1200,89.746,35.294,0.170
20000,1200,45.547,3.627,0.170
20000,1200,34.792,3.571,0.171
20000,1200,38.856,13.030,0.171
20000,1200,59.819,3.673,0.172
20000,1200,42.363,4.723,0.171
20000,1200,57.855,27.008,0.171
20000,1200,47.234,3.658,0.172
20000,1200,52.676,15.914,0.171
20000,1200,105.477,33.825,0.170
20000,1200,35.324,3.638,0.171
20000,1200,45.910,14.092,0.171
20000,1200,39.147,13.652,0.171
20000,1200,41.134,3.762,0.171
20000,1200,43.136,13.606,0.171
20000,1200,39.408,13.396,0.170
20000,1200,39.987,3.595,0.171
20000,1200,49.303,14.962,0.171
20000,1200,96.755,34.735,0.171
20000,1200,39.259,4.208,0.171
20000,1200,44.992,16.036,0.170
20000,1200,60.383,29.824,0.171
20000,1200,39.719,4.047,0.172
20000,1200,51.250,15.753,0.171
20000,1200,61.579,28.250,0.171
20000,1200,48.547,8.055,0.171
20000,1200,44.150,15.050,0.171
20000,1200,75.313,3.834,0.171
20000,1200,60.337,10.126,0.171
20000,1200,49.288,21.797,0.170
20000,1200,39.537,3.733,0.171
20000,1200,53.431,16.077,0.171
20000,1200,46.568,16.448,0.171
20000,1200,49.689,4.097,0.170
20000,1200,48.614,16.062,0.171
20000,1200,62.976,32.500,0.172
20000,1200,48.499,3.995,0.170
20000,1200,121.745,35.801,0.171
20000,1200,51.478,22.790,0.171
20000,1200,39.799,3.967,0.170
20000,1200,41.323,14.952,0.174
20000,1200,59.507,3.919,0.171
20000,1200,38.985,3.948,0.171
20000,1200,42.577,14.928,0.171
20000,1200,56.989,3.893,0.170
20000,1200,47.819,3.758,0.171
20000,1200,119.958,38.435,0.171
20000,1200,41.468,4.180,0.171
20000,1200,57.626,16.125,0.170
20000,1200,49.444,16.807,0.171
20000,1200,60.100,4.250,0.170
20000,1200,45.550,15.546,0.170
20000,1200,58.558,29.633,0.170
20000,1200,37.486,3.806,0.174
20000,1200,42.201,15.182,0.171
20000,1200,76.466,18.111,0.171
20000,1200,89.169,10.410,0.171
20000,1200,65.364,31.270,0.172
20000,1200,49.526,21.652,0.171
20000,1200,38.124,3.909,0.170
20000,1200,43.014,14.661,0.171
20000,1200,53.813,3.740,0.171
20000,1200,36.211,3.776,0.170
20000,1200,41.525,14.234,0.172
20000,1200,75.331,3.908,0.171
20000,1200,76.992,13.845,0.172
20000,1200,47.610,20.926,0.171
20000,1200,57.809,3.888,0.171
20000,1200,36.539,3.886,0.171
20000,1200,41.135,14.262,0.171
20000,1200,55.319,3.856,0.170
20000,1200,36.990,3.803,0.171
20000,1200,40.702,13.970,0.170
20000,1200,40.998,3.584,0.172
20000,1200,104.454,38.637,0.172
20000,1200,62.159,24.816,0.171
20000,1200,37.870,3.926,0.171
20000,1200,54.059,15.572,0.171
20000,1200,74.255,3.621,0.171
20000,1200,41.901,3.660,0.170
20000,1200,44.668,15.819,0.170
20000,1200,44.656,4.011,0.171
20000,1200,53.606,19.726,0.171
20000,1200,106.187,35.538,0.172
20000,1200,40.008,3.890,0.171
20000,1200,41.633,15.107,0.171
20000,1200,58.380,3.897,0.171
20000,1200,36.392,3.611,0.170
20000,1200,43.663,14.314,0.172
20000,1200,47.417,3.611,0.171
20000,1200,53.841,15.955,0.171
20000,1200,49.141,16.231,0.171
20000,1200,49.551,3.842,0.169
20000,1200,133.031,61.640,0.171
20000,1200,64.349,22.899,0.172
20000,1200,44.041,4.098,0.171
20000,1200,43.980,14.204,0.171
20000,1200,54.535,3.751,0.171
20000,1200,39.878,3.629,0.171
20000,1200,70.425,15.596,0.171
20000,1200,79.657,3.844,0.171
20000,1200,43.623,15.659,0.171
20000,1200,100.231,20.629,0.171
20000,1200,66.061,39.028,0.171
20000,1200,47.030,22.797,0.171
20000,1200,52.876,3.637,0.171
20000,1200,40.098,4.200,0.171
20000,1200,40.934,14.038,0.171
20000,1200,45.632,4.007,0.171
20000,1200,53.244,15.309,0.171
20000,1200,47.441,16.614,0.171
20000,1200,44.468,4.245,0.170
20000,1200,122.803,41.976,0.171
20000,1200,53.873,23.127,0.171
20000,1200,40.135,3.979,0.171
20000,1200,44.582,15.421,0.171
20000,1200,47.744,3.991,0.170
20000,1200,58.914,17.514,0.171
20000,1200,50.379,16.740,0.171
20000,1200,51.299,4.196,0.171
20000,1200,51.993,19.099,0.172
20000,1200,101.033,21.213,0.170
20000,1200,85.192,22.058,0.171
20000,1200,64.891,16.978,0.170
20000,1200,46.327,16.398,0.171
20000,1200,48.748,4.133,0.171
20000,1200,42.642,15.189,0.171
20000,1200,65.282,3.678,0.171
20000,1200,52.055,3.954,0.171
20000,1200,42.021,14.598,0.171
20000,1200,51.544,4.226,0.171
20000,1200,107.052,43.893,0.170
20000,1200,48.855,21.506,0.170
20000,1200,50.462,3.623,0.171
20000,1200,44.918,17.534,0.171
20000,1200,65.683,35.857,0.171
20000,1200,38.773,3.793,0.170
20000,1200,42.349,15.224,0.171
20000,1200,59.650,4.090,0.171
20000,1200,38.088,3.678,0.171
20000,1200,99.286,35.241,0.171
20000,1200,76.460,10.295,0.171
20000,1200,68.749,22.490,0.170
20000,1200,45.808,15.235,0.172
20000,1200,44.110,3.966,0.171
20000,1200,41.655,14.921,0.171
20000,1200,61.346,33.488,0.171
20000,1200,38.886,3.778,0.170
20000,1200,44.043,15.546,0.171
20000,1200,57.672,4.068,0.170
20000,1200,38.635,3.731,0.170
20000,1200,104.553,35.079,0.170
20000,1200,47.959,3.855,0.171
20000,1200,36.712,3.616,0.169
20000,1200,44.183,14.334,0.171
20000,1200,40.140,3.595,0.171
20000,1200,45.344,13.943,0.171
20000,1200,62.537,29.418,0.171
20000,1200,42.506,3.583,0.171
20000,1200,39.172,13.829,0.171
20000,1200,83.430,19.985,0.171
20000,1200,71.363,40.876,0.171
20000,1200,45.320,21.796,0.170
20000,1200,45.139,19.569,0.171
20000,1200,34.813,3.611,0.170
20000,1200,36.825,13.472,0.171
20000,1200,53.363,3.496,0.170
20000,1200,35.017,3.547,0.170
20000,1200,38.599,13.554,0.171
20000,1200,71.164,3.477,0.170
20000,1200,67.090,19.819,0.170
20000,1200,48.079,20.740,0.171
20000,1200,60.006,3.928,0.170
20000,1200,41.116,4.057,0.171
20000,1200,60.229,15.042,0.171
20000,1200,44.742,4.094,0.172
20000,1200,49.093,15.549,0.170
20000,1200,40.630,14.472,0.171
20000,1200,42.825,3.719,0.171
20000,2000,122.194,71.000,0.171
20000,2000,67.983,16.840,0.171
20000,2000,52.529,16.127,0.170
20000,2000,67.832,16.535,0.173
20000,2000,65.561,15.988,0.171
20000,2000,101.406,39.878,0.174
20000,2000,68.025,21.156,0.172
20000,2000,68.512,17.259,0.171
20000,2000,67.787,17.212,0.171
20000,2000,55.369,15.759,0.170
20000,2000,112.724,62.479,0.170
20000,2000,68.901,16.392,0.170
20000,2000,51.131,15.536,0.171
20000,2000,68.182,16.520,0.171
20000,2000,62.093,16.538,0.171
20000,2000,117.345,39.121,0.171
20000,2000,52.340,14.921,0.171
20000,2000,68.148,16.757,0.171
20000,2000,66.251,16.313,0.171
20000,2000,47.477,16.069,0.171
20000,2000,112.844,27.915,0.171
20000,2000,74.633,20.919,0.170
20000,2000,70.999,16.761,0.175
20000,2000,54.130,15.173,0.171
20000,2000,65.550,16.660,0.171
20000,2000,115.660,48.007,0.171
20000,2000,47.355,15.992,0.171
20000,2000,76.816,24.756,0.171
20000,2000,70.430,16.025,0.171
20000,2000,49.544,16.031,0.171
20000,2000,115.434,27.626,0.171
20000,2000,67.641,19.714,0.170
20000,2000,52.455,15.592,0.170
20000,2000,66.557,16.360,0.170
20000,2000,64.408,16.402,0.172
20000,2000,104.170,39.897,0.174
20000,2000,69.243,20.885,0.172
20000,2000,71.738,15.710,0.172
20000,2000,52.391,16.298,0.170
20000,2000,65.957,16.474,0.170
20000,2000,61.852,16.213,0.170
20000,2000,101.108,39.308,0.171
20000,2000,70.344,20.903,0.171
20000,2000,69.550,17.057,0.171
20000,2000,50.715,5.454,0.171
20000,2000,64.138,16.404,0.170
20000,2000,118.760,39.542,0.171
20000,2000,53.803,5.426,0.172
20000,2000,67.641,16.058,0.170
20000,2000,67.103,15.972,0.171
20000,2000,53.494,5.679,0.171
20000,2000,112.494,64.575,0.171
20000,2000,67.881,15.800,0.171
20000,2000,50.836,5.420,0.170
20000,2000,69.064,16.078,0.170
20000,2000,61.122,16.483,0.171
20000,2000,97.724,38.852,0.171
20000,2000,71.877,20.511,0.171
20000,2000,69.612,16.065,0.171
20000,2000,51.950,16.007,0.171
20000,2000,65.400,16.534,0.350
20000,2000,118.333,39.203,0.168
20000,2000,54.858,16.051,0.172
20000,2000,69.705,16.500,0.171
20000,2000,65.434,16.288,0.169
20000,2000,54.899,15.357,0.171
20000,2000,112.490,62.192,0.170
20000,2000,70.513,16.598,0.171
20000,2000,52.459,15.624,0.170
20000,2000,65.929,16.416,0.171
20000,2000,64.064,16.557,0.171
20000,2000,104.259,39.436,0.170
20000,2000,68.153,21.148,0.171
20000,2000,66.660,15.986,0.170
20000,2000,46.389,15.935,0.170
20000,2000,73.922,25.239,0.169
20000,2000,117.357,62.633,0.171
20000,2000,48.076,16.782,0.171
20000,2000,69.046,24.247,0.170
20000,2000,70.501,16.619,0.170
20000,2000,64.988,17.629,0.170
20000,2000,100.704,16.540,0.171
20000,2000,69.424,20.948,0.170
20000,2000,65.297,15.849,0.169
20000,2000,59.439,15.386,0.171
20000,2000,66.434,16.418,0.169
20000,2000,119.032,38.899,0.169
20000,2000,47.076,16.021,0.171
20000,2000,73.809,24.370,0.171
20000,2000,65.803,16.731,0.170
20000,2000,61.349,16.442,0.171
20000,2000,106.836,39.757,0.171
20000,2000,70.899,20.767,0.171
20000,2000,68.403,16.832,0.170
20000,2000,55.339,16.395,0.171
20000,2000,67.897,16.813,0.171
20000,2000,61.559,16.413,0.170
20000,2000,103.552,41.205,0.170
20000,2000,71.928,22.249,0.171
20000,2000,65.511,15.419,0.171
20000,2000,46.896,16.144,0.171
20000,2000,75.038,25.180,0.170
20000,2000,116.924,37.451,0.171
20000,2000,45.928,15.302,0.171
20000,2000,73.069,24.913,0.171
20000,2000,66.879,16.866,0.171
20000,2000,61.129,16.084,0.170
20000,2000,99.521,16.229,0.171
20000,2000,69.117,19.964,0.171
20000,2000,69.715,16.149,0.171
20000,2000,50.243,15.003,0.171
20000,2000,66.767,16.438,0.171
20000,2000,123.600,42.244,0.170
20000,2000,47.479,15.604,0.171
20000,2000,77.223,27.042,0.171
20000,2000,66.549,16.945,0.171
20000,2000,50.016,15.976,0.172
20000,2000,116.053,28.117,0.171
20000,2000,72.109,21.391,0.172
20000,2000,68.903,15.614,0.171
20000,2000,51.167,15.066,0.171
20000,2000,65.842,15.983,0.171
20000,2000,117.435,37.895,0.171
20000,2000,46.307,15.493,0.171
20000,2000,70.897,24.968,0.170
20000,2000,66.012,16.337,0.171
20000,2000,47.932,16.269,0.171
20000,2000,112.198,27.106,0.170
20000,2000,73.025,20.321,0.171
20000,2000,45.859,15.489,0.171
20000,2000,70.520,24.160,0.171
20000,2000,63.835,17.780,0.171
20000,2000,122.594,40.273,0.172
20000,2000,52.121,5.612,0.171
20000,2000,68.492,17.079,0.171
20000,2000,68.436,16.547,0.171
20000,2000,55.294,5.484,0.170
20000,2000,113.031,64.424,0.171
20000,2000,69.460,15.882,0.170
20000,2000,51.314,15.070,0.171
20000,2000,66.953,16.660,0.171
20000,2000,60.076,16.037,0.171
20000,2000,102.117,38.971,0.171
20000,2000,69.885,20.320,0.170
20000,2000,69.532,16.043,0.171
20000,2000,50.507,16.077,0.171
20000,2000,79.985,26.074,0.171
20000,2000,113.226,64.145,0.171
20000,2000,47.517,16.441,0.169
20000,2000,70.842,25.288,0.171
20000,2000,68.333,16.449,0.171
20000,2000,64.819,16.256,0.171
20000,2000,99.644,16.906,0.171
20000,2000,69.211,20.890,0.170
20000,2000,64.982,15.807,0.170
20000,2000,46.999,16.001,0.171
20000,2000,74.326,25.333,0.171
20000,2000,113.133,64.148,0.170
20000,2000,46.822,15.637,0.171
20000,2000,70.979,24.274,0.170
20000,2000,69.138,17.552,0.171
20000,2000,46.422,15.477,0.171
20000,2000,113.263,27.095,0.171
20000,2000,67.970,20.328,0.172
20000,2000,46.612,15.242,0.171
20000,2000,71.325,25.020,0.170
20000,2000,62.100,15.797,0.170
20000,2000,100.275,38.690,0.171
20000,2000,71.783,24.292,0.170
20000,2000,70.650,16.399,0.171
20000,2000,49.432,15.576,0.171
20000,2000,73.399,25.089,0.171
20000,2000,125.322,37.724,0.171
20000,2000,56.630,18.229,0.171
20000,2000,79.310,28.172,0.170
20000,2000,69.368,17.096,0.171
20000,2000,49.045,16.722,0.171
20000,2000,115.698,28.433,0.171
20000,2000,71.051,20.300,0.170
20000,2000,45.756,15.218,0.170
20000,2000,74.208,25.101,0.171
20000,2000,65.447,16.544,0.171
20000,2000,98.593,38.638,0.171
20000,2000,68.802,21.453,0.170
20000,2000,66.963,15.683,0.171
20000,2000,49.363,16.305,0.171
20000,2000,74.304,25.009,0.171
20000,2000,116.579,59.694,0.171
20000,2000,46.517,15.478,0.170
20000,2000,73.392,24.982,0.171
20000,2000,67.511,17.146,0.171
20000,2000,62.130,16.311,0.171
20000,2000,99.355,13.997,0.171
20000,2000,72.062,22.257,0.171
20000,2000,71.077,16.422,0.171
20000,2000,55.031,5.634,0.171
20000,2000,63.501,16.704,0.171
20000,2000,120.409,39.119,0.170
20000,2000,51.445,5.402,0.172
20000,2000,66.668,16.173,0.171
20000,2000,70.647,17.073,0.170
20000,2000,60.249,16.582,0.171
20000,2000,115.162,62.364,0.171
20000,2000,67.315,17.187,0.170
20000,2000,52.251,15.700,0.171
20000,2000,69.717,17.124,0.171
20000,2000,64.783,16.916,0.171
20000,2000,101.742,39.004,0.171
20000,2000,70.587,22.049,0.171
20000,2000,69.420,16.341,0.171
20000,2000,48.834,16.171,0.171
20000,2000,80.007,26.843,0.172
20000,2000,110.928,59.621,0.171
20000,2000,68.871,16.703,0.171
20000,2000,52.853,5.662,0.171
20000,2000,67.565,17.445,0.172
20000,2000,64.116,16.303,0.171
20000,2000,115.472,39.919,0.170
20000,2000,69.531,20.424,0.171
20000,2000,69.252,16.211,0.171
20000,2000,46.383,15.861,0.171
20000,2000,74.753,25.325,0.171
20000,2000,114.848,65.295,0.171
20000,2000,66.797,16.019,0.170
20000,2000,51.263,5.614,0.171
20000,2000,66.877,16.158,0.170
20000,2000,64.333,16.834,0.170
20000,2000,100.503,40.085,0.170
20000,2000,70.990,22.321,0.170
20000,2000,67.482,16.124,0.171
20000,2000,52.329,15.750,0.170
20000,2000,65.847,16.075,0.170
20000,2000,65.478,16.825,0.171
20000,2000,99.984,38.886,0.170
20000,2000,69.170,21.040,0.170
20000,2000,66.480,15.859,0.171
20000,2000,48.148,15.909,0.171
20000,2000,85.058,27.063,0.171
20000,2000,124.282,48.593,0.170
20000,2000,80.446,16.939,0.172
20000,2000,52.287,5.632,0.171
20000,2000,69.556,16.977,0.170
20000,2000,63.684,17.258,0.170
20000,2000,101.903,39.537,0.171
20000,2000,71.999,21.142,0.170
20000,2000,71.712,17.237,0.170
20000,2000,54.285,16.666,0.170
20000,2000,66.152,17.580,0.170
20000,2000,123.519,40.618,0.171
20000,2000,49.011,16.670,0.172
20000,2000,74.366,25.626,0.165
20000,2000,69.319,17.070,0.166
20000,2000,47.518,16.311,0.165
20000,2000,118.430,29.235,0.165
20000,2000,72.074,22.054,0.165
20000,2000,49.403,17.624,0.165
20000,2000,72.004,25.627,0.165
20000,2000,63.344,17.003,0.164
20000,2000,105.427,40.833,0.165
20000,2000,69.832,22.933,0.164
20000,2000,66.896,17.079,0.165
20000,2000,49.187,16.645,0.165
20000,2000,76.492,26.324,0.164
20000,2000,118.618,63.426,0.164
20000,2000,48.315,16.577,0.164
20000,2000,73.509,26.667,0.164
20000,2000,68.743,17.269,0.164
20000,2000,65.245,17.711,0.164
20000,2000,101.402,16.514,0.164
20000,2000,89.150,36.872,0.165
20000,2000,71.454,18.039,0.164
20000,2000,52.201,16.077,0.164
20000,2000,66.112,17.567,0.164
20000,2000,133.419,39.865,0.164
20000,2000,52.032,16.032,0.164
20000,2000,68.278,17.537,0.164
20000,2000,67.610,16.479,0.164
20000,2000,48.868,16.913,0.164
20000,2000,137.505,28.480,0.164
20000,2000,70.537,21.708,0.165
20000,2000,48.107,16.672,0.169
20000,2000,76.589,27.203,0.169
20000,2000,69.310,18.612,0.167
20000,2000,125.357,42.015,0.168
20000,2000,53.808,16.339,0.169
20000,2000,66.031,16.947,0.171
20000,2000,67.582,16.808,0.170
20000,2000,48.565,17.018,0.169
20000,2000,118.642,28.396,0.170
20000,2000,73.037,22.032,0.169
20000,2000,48.249,16.436,0.171
20000,2000,77.098,26.197,0.170
20000,2000,63.685,17.304,0.170
20000,2000,101.966,44.258,0.168
20000,2000,73.724,21.936,0.168
20000,2000,72.558,18.189,0.171
20000,2000,49.112,17.204,0.172
20000,2000,76.040,27.274,0.168
20000,2000,120.864,39.217,0.165
20000,2000,52.247,16.523,0.169
20000,3000,95.188,20.457,0.171
20000,3000,132.264,21.404,0.170
20000,3000,95.568,24.094,0.171
20000,3000,96.506,20.270,0.171
20000,3000,93.767,20.705,0.170
20000,3000,120.443,21.365,0.171
20000,3000,100.069,32.279,0.171
20000,3000,85.395,18.900,0.171
20000,3000,88.133,19.281,0.171
20000,3000,132.108,57.438,0.172
20000,3000,83.987,19.089,0.171
20000,3000,132.258,34.577,0.171
20000,3000,70.311,18.773,0.170
20000,3000,152.206,35.078,0.171
20000,3000,72.239,19.357,0.171
20000,3000,89.314,34.618,0.171
20000,3000,87.541,35.162,0.170
20000,3000,134.881,49.140,0.170
20000,3000,86.935,33.103,0.170
20000,3000,106.092,35.509,0.170
20000,3000,140.146,34.388,0.170
20000,3000,92.043,31.140,0.174
20000,3000,99.867,31.638,0.173
20000,3000,107.911,35.028,0.171
20000,3000,164.308,26.247,0.171
20000,3000,94.867,22.822,0.174
20000,3000,91.607,19.853,0.170
20000,3000,92.633,20.610,0.171
20000,3000,137.856,20.226,0.171
20000,3000,93.117,20.543,0.171
20000,3000,93.234,19.921,0.171
20000,3000,92.031,19.251,0.170
20000,3000,132.334,19.495,0.173
20000,3000,87.266,18.677,0.170
20000,3000,84.269,18.761,0.171
20000,3000,82.219,19.263,0.171
20000,3000,136.467,67.093,0.171
20000,3000,79.965,18.395,0.170
20000,3000,133.003,61.492,0.171
20000,3000,84.419,18.887,0.171
20000,3000,136.727,19.372,0.170
20000,3000,70.910,19.042,0.171
20000,3000,92.961,35.155,0.171
20000,3000,92.695,30.895,0.171
20000,3000,139.746,31.708,0.171
20000,3000,91.528,31.132,0.171
20000,3000,92.856,19.632,0.171
20000,3000,95.229,19.930,0.174
20000,3000,127.018,19.938,0.171
20000,3000,92.845,26.180,0.171
20000,3000,86.389,19.712,0.171
20000,3000,84.107,19.205,0.171
20000,3000,134.834,43.352,0.171
20000,3000,74.509,20.541,0.174
20000,3000,134.716,46.894,0.171
20000,3000,90.330,31.108,0.171
20000,3000,94.811,31.738,0.171
20000,3000,139.886,32.152,0.171
20000,3000,100.119,31.677,0.171
20000,3000,95.578,32.815,0.170
20000,3000,98.165,20.996,0.171
20000,3000,129.994,20.627,0.173
20000,3000,102.371,27.017,0.171
20000,3000,96.607,20.192,0.171
20000,3000,90.196,20.535,0.171
20000,3000,139.642,44.151,0.172
20000,3000,85.631,19.269,0.168
20000,3000,143.474,18.898,0.165
20000,3000,91.683,25.408,0.165
20000,3000,70.938,19.618,0.166
20000,3000,90.959,35.373,0.165
20000,3000,138.161,33.133,0.165
20000,3000,91.904,34.117,0.165
20000,3000,92.994,33.010,0.164
20000,3000,94.059,32.475,0.165
20000,3000,136.940,33.263,0.165
20000,3000,93.429,32.218,0.165
20000,3000,94.966,33.170,0.165
20000,3000,95.349,33.823,0.166
20000,3000,143.868,34.227,0.165
20000,3000,94.646,32.638,0.164
20000,3000,94.246,32.396,0.164
20000,3000,95.755,21.655,0.164
20000,3000,146.826,22.033,0.165
20000,3000,95.140,20.868,0.166
20000,3000,94.833,21.402,0.166
20000,3000,94.353,20.471,0.165
20000,3000,125.887,20.785,0.171
20000,3000,97.116,28.845,0.170
20000,3000,88.191,19.938,0.171
20000,3000,83.391,19.523,0.169
20000,3000,136.590,44.558,0.172
20000,3000,88.222,19.901,0.171
20000,3000,143.764,20.828,0.169
20000,3000,88.194,19.738,0.169
20000,3000,73.572,19.829,0.168
20000,3000,92.277,37.031,0.168
20000,3000,140.982,34.303,0.171
20000,3000,89.811,32.098,0.170
20000,3000,92.178,33.181,0.169
20000,3000,94.510,34.318,0.171
20000,3000,144.271,35.294,0.165
20000,3000,91.549,31.678,0.165
20000,3000,92.259,33.003,0.171
20000,3000,94.044,32.240,0.166
20000,3000,141.099,33.234,0.167
20000,3000,93.942,32.789,0.172
20000,3000,93.555,34.403,0.169
20000,3000,91.449,31.615,0.171
20000,3000,122.093,33.615,0.197
20000,3000,99.653,39.348,0.212
20000,3000,90.750,31.395,0.210
20000,3000,91.687,20.219,0.213
20000,3000,136.766,20.009,0.209
20000,3000,89.775,19.875,0.217
20000,3000,89.872,19.162,0.211
20000,3000,91.106,19.869,0.207
20000,3000,128.122,19.504,0.211
20000,3000,83.464,18.535,0.212
20000,3000,85.901,18.856,0.209
20000,3000,84.393,19.615,0.213
20000,3000,134.738,63.650,0.223
20000,3000,80.600,18.660,0.213
20000,3000,130.801,43.580,0.177
20000,3000,84.298,18.783,0.200
20000,3000,136.377,19.060,0.191
20000,3000,84.295,19.130,0.216
20000,3000,69.189,18.905,0.216
20000,3000,84.649,33.173,0.214
20000,3000,133.916,31.388,0.169
20000,3000,90.031,29.183,0.206
20000,3000,93.332,33.897,0.169
20000,3000,90.844,19.482,0.169
20000,3000,127.936,19.607,0.169
20000,3000,91.253,21.023,0.170
20000,3000,90.533,18.792,0.169
20000,3000,86.486,19.817,0.168
20000,3000,135.673,63.325,0.167
20000,3000,84.806,18.338,0.168
20000,3000,138.345,19.181,0.170
20000,3000,72.657,19.431,0.170
20000,3000,89.892,35.196,0.170
20000,3000,92.610,32.934,0.170
20000,3000,137.515,31.104,0.171
20000,3000,95.271,30.884,0.170
20000,3000,91.753,31.301,0.171
20000,3000,91.672,20.353,0.170
20000,3000,136.549,19.966,0.171
20000,3000,90.208,19.928,0.171
20000,3000,89.769,19.405,0.170
20000,3000,93.131,19.883,0.171
20000,3000,126.732,19.541,0.171
20000,3000,89.327,21.145,0.171
20000,3000,86.305,18.734,0.171
20000,3000,70.630,19.185,0.171
20000,3000,135.702,49.132,0.171
20000,3000,87.122,31.260,0.171
20000,3000,91.126,31.843,0.175
20000,3000,139.737,32.237,0.171
20000,3000,92.275,31.728,0.172
20000,3000,93.268,33.044,0.170
20000,3000,94.694,33.153,0.171
20000,3000,142.139,34.885,0.171
20000,3000,91.174,20.842,0.170
20000,3000,91.812,20.295,0.170
20000,3000,94.535,20.011,0.171
20000,3000,120.329,21.076,0.170
20000,3000,103.112,30.676,0.171
20000,3000,92.478,20.016,0.170
20000,3000,96.144,20.377,0.171
20000,3000,139.666,21.697,0.171
20000,3000,90.935,19.065,0.170
20000,3000,93.139,19.820,0.170
20000,3000,92.285,20.570,0.170
20000,3000,141.046,66.671,0.171
20000,3000,91.323,20.118,0.172
20000,3000,146.879,20.550,0.172
20000,3000,85.217,18.748,0.171
20000,3000,87.562,19.300,0.171
20000,3000,71.456,19.235,0.171
20000,3000,132.950,48.160,0.171
20000,3000,86.679,30.636,0.170
20000,3000,90.096,31.498,0.171
20000,3000,135.997,31.851,0.170
20000,3000,90.370,31.213,0.170
20000,3000,92.410,32.474,0.170
20000,3000,92.670,32.683,0.170
20000,3000,139.263,32.791,0.171
20000,3000,95.879,33.407,0.170
20000,3000,92.853,32.617,0.172
20000,3000,93.189,32.266,0.172
20000,3000,134.356,32.637,0.171
20000,3000,91.616,30.972,0.172
20000,3000,91.096,30.920,0.171
20000,3000,94.277,20.263,0.170
20000,3000,122.883,21.431,0.170
20000,3000,102.519,28.980,0.171
20000,3000,92.369,19.697,0.172
20000,3000,92.798,20.946,0.171
20000,3000,135.013,20.396,0.172
20000,3000,89.893,23.626,0.172
20000,3000,90.005,19.468,0.172
20000,3000,91.628,19.758,0.171
20000,3000,121.550,20.257,0.171
20000,3000,95.860,28.066,0.171
20000,3000,89.386,19.160,0.171
20000,3000,82.958,19.398,0.171
20000,3000,137.016,63.231,0.171
20000,3000,86.153,19.829,0.181
20000,3000,120.031,19.394,0.170
20000,3000,98.660,32.282,0.171
20000,3000,86.603,19.951,0.170
20000,3000,84.751,19.451,0.170
20000,3000,134.336,63.547,0.174
20000,3000,86.123,19.283,0.171
20000,3000,129.005,19.017,0.172
20000,3000,85.061,18.274,0.174
20000,3000,71.651,18.738,0.171
20000,3000,89.696,34.505,0.170
20000,3000,138.468,32.824,0.174
20000,3000,89.576,30.466,0.171
20000,3000,91.711,31.683,0.171
20000,3000,92.236,19.800,0.170
20000,3000,122.831,19.763,0.172
20000,3000,92.767,26.092,0.171
20000,3000,85.169,18.643,0.170
20000,3000,85.660,19.104,0.171
20000,3000,128.115,55.478,0.171
20000,3000,69.261,18.474,0.171
20000,3000,128.280,46.013,0.170
20000,3000,90.275,30.277,0.171
20000,3000,90.588,31.475,0.172
20000,3000,136.547,31.753,0.170
20000,3000,90.619,30.239,0.171
20000,3000,91.281,31.335,0.171
20000,3000,94.811,19.935,0.171
20000,3000,140.145,20.352,0.170
20000,3000,91.516,19.611,0.172
20000,3000,90.185,19.676,0.171
20000,3000,93.142,19.056,0.171
20000,3000,125.044,19.621,0.171
20000,3000,88.015,21.220,0.170
20000,3000,86.891,18.243,0.170
20000,3000,71.142,19.158,0.173
20000,3000,134.446,47.995,0.171
20000,3000,86.380,30.572,0.170
20000,3000,88.992,31.434,0.171
20000,3000,133.008,31.134,0.171
20000,3000,91.757,31.228,0.170
20000,3000,91.349,30.820,0.170
20000,3000,93.732,32.533,0.171
20000,3000,134.112,32.598,0.170
20000,3000,92.243,32.227,0.170
20000,3000,90.899,20.161,0.171
20000,3000,93.231,20.031,0.171
20000,3000,143.451,20.756,0.171
20000,3000,90.748,19.867,0.171
20000,3000,93.139,19.881,0.171
20000,3000,95.909,20.253,0.171
20000,3000,123.008,20.586,0.170
20000,3000,97.203,27.671,0.170
20000,3000,86.220,19.917,0.171
20000,3000,82.934,19.631,0.171
20000,3000,134.399,64.873,0.171
20000,3000,85.438,18.886,0.171
20000,3000,136.418,18.875,0.171
20000,3000,69.792,18.866,0.171
20000,3000,88.350,35.500,0.170
20000,3000,92.038,32.779,0.170
20000,3000,137.538,32.900,0.171
20000,3000,89.936,30.283,0.171
20000,3000,90.812,31.329,0.171
20000,3000,93.118,32.928,0.171
20000,3000,139.663,33.073,0.172
20000,3000,93.094,31.188,0.170
20000,3000,91.812,31.931,0.170
20000,3000,95.267,32.062,0.172
20000,3000,142.226,33.310,0.172
20000,3000,91.185,31.721,0.171
20000,3000,91.148,30.615,0.170
20000,3000,92.423,20.610,0.170
20000,3000,139.052,20.636,0.171
20000,3000,91.027,19.506,0.170
20000,3000,90.815,19.494,0.171
20000,3000,91.191,19.761,0.172
20000,3000,113.323,20.062,0.170
20000,3000,112.195,46.066,0.171
20000,3000,84.874,19.025,0.171
20000,3000,82.821,18.477,0.171
20000,3000,132.675,57.542,0.171
20000,3000,82.608,18.531,0.171
20000,3000,129.591,34.067,0.170
20000,3000,69.488,18.835,0.171
20000,3000,130.837,48.360,0.171
20000,3000,86.769,31.558,0.170
20000,3000,89.538,33.084,0.172
20000,3000,136.861,32.861,0.171
20000,3000,92.227,30.990,0.171
20000,3000,91.592,31.852,0.171
20000,3000,93.095,32.171,0.170
20000,5000,146.975,55.620,0.171
20000,5000,152.825,40.718,0.170
20000,5000,199.971,42.698,0.171
20000,5000,131.478,48.536,0.172
20000,5000,203.553,42.912,0.170
20000,5000,136.519,50.064,0.170
20000,5000,138.173,48.231,0.344
20000,5000,205.627,71.457,0.183
20000,5000,132.271,47.384,0.170
20000,5000,185.278,48.361,0.170
20000,5000,158.837,63.002,0.171
20000,5000,135.290,49.017,0.170
20000,5000,196.319,66.087,0.167
20000,5000,131.756,47.604,0.170
20000,5000,184.930,47.702,0.169
20000,5000,154.315,63.107,0.172
20000,5000,180.538,48.592,0.170
20000,5000,145.103,58.712,0.170
20000,5000,207.555,66.584,0.171
20000,5000,148.195,56.670,0.171
20000,5000,130.493,47.869,0.171
20000,5000,193.622,41.834,0.171
20000,5000,132.126,47.496,0.171
20000,5000,181.069,47.281,0.171
20000,5000,153.422,64.327,0.171
20000,5000,175.898,47.883,0.171
20000,5000,128.607,46.417,0.170
20000,5000,154.307,64.222,0.170
20000,5000,190.124,43.193,0.170
20000,5000,135.549,50.565,0.170
20000,5000,211.018,66.786,0.169
20000,5000,137.775,49.824,0.171
20000,5000,133.198,49.060,0.171
20000,5000,204.016,57.734,0.170
20000,5000,132.688,48.944,0.171
20000,5000,213.082,43.485,0.171
20000,5000,137.123,50.893,0.171
20000,5000,132.669,48.541,0.171
20000,5000,210.051,59.716,0.171
20000,5000,139.433,51.590,0.171
20000,5000,213.416,42.633,0.172
20000,5000,134.206,49.149,0.171
20000,5000,132.838,49.154,0.170
20000,5000,195.098,65.700,0.171
20000,5000,133.586,49.662,0.172
20000,5000,188.516,50.403,0.171
20000,5000,160.012,67.329,0.171
20000,5000,185.465,49.318,0.171
20000,5000,155.858,66.106,0.170
20000,5000,182.987,49.800,0.171
20000,5000,135.508,47.804,0.171
20000,5000,199.427,64.657,0.171
20000,5000,129.209,46.841,0.170
20000,5000,200.321,64.115,0.171
20000,5000,133.916,49.696,0.170
20000,5000,128.588,45.983,0.170
20000,5000,192.981,63.924,0.171
20000,5000,127.289,46.225,0.170
20000,5000,188.187,54.809,0.171
20000,5000,160.216,65.722,0.171
20000,5000,181.763,48.599,0.170
20000,5000,147.875,46.489,0.170
20000,5000,182.864,50.276,0.171
20000,5000,134.473,49.628,0.171
20000,5000,155.025,67.078,0.171
20000,5000,186.702,50.543,0.170
20000,5000,151.219,61.563,0.171
20000,5000,179.779,48.072,0.170
20000,5000,133.149,46.861,0.171
20000,5000,194.388,41.445,0.171
20000,5000,141.760,51.675,0.170
20000,5000,135.457,47.791,0.170
20000,5000,180.453,41.938,0.172
20000,5000,147.507,61.567,0.171
20000,5000,177.638,47.481,0.171
20000,5000,131.098,45.692,0.172
20000,5000,202.472,61.835,0.171
20000,5000,143.960,51.928,0.171
20000,5000,201.333,64.640,0.173
20000,5000,130.858,46.426,0.171
20000,5000,129.556,46.134,0.170
20000,5000,193.947,66.319,0.170
20000,5000,136.514,47.305,0.171
20000,5000,132.874,48.064,0.170
20000,5000,196.697,67.025,0.170
20000,5000,133.854,46.475,0.170
20000,5000,187.883,49.864,0.171
20000,5000,158.927,68.574,0.171
20000,5000,184.932,51.300,0.171
20000,5000,155.283,65.553,0.171
20000,5000,169.341,48.121,0.172
20000,5000,139.977,52.074,0.171
20000,5000,201.339,65.007,0.171
20000,5000,140.533,48.714,0.171
20000,5000,211.086,45.435,0.171
20000,5000,130.478,48.124,0.172
20000,5000,130.405,48.274,0.171
20000,5000,195.579,65.073,0.171
20000,5000,135.310,48.306,0.170
20000,5000,188.242,53.430,0.170
20000,5000,156.380,65.948,0.170
20000,5000,185.278,52.340,0.171
20000,5000,153.738,63.755,0.171
20000,5000,191.386,52.794,0.171
20000,5000,128.157,45.986,0.171
20000,5000,206.125,64.279,0.171
20000,5000,135.622,48.733,0.172
20000,5000,203.598,44.365,0.171
20000,5000,151.792,63.261,0.171
20000,5000,130.586,47.462,0.170
20000,5000,196.743,64.593,0.171
20000,5000,140.281,50.868,0.170
20000,5000,192.191,50.985,0.171
20000,5000,183.232,83.566,0.171
20000,5000,202.713,52.144,0.171
20000,5000,150.710,48.495,0.172
20000,5000,206.095,64.127,0.171
20000,5000,172.261,87.484,0.171
20000,5000,229.355,71.690,0.171
20000,5000,175.617,55.078,0.171
20000,5000,165.973,63.425,0.171
20000,5000,228.986,68.551,0.171
20000,5000,139.995,54.339,0.171
20000,5000,181.979,47.203,0.170
20000,5000,158.043,66.305,0.170
20000,5000,181.655,49.032,0.172
20000,5000,131.268,47.062,0.171
20000,5000,215.597,70.100,0.170
20000,5000,137.200,50.428,0.173
20000,5000,134.090,47.794,0.171
20000,5000,195.808,66.298,0.171
20000,5000,129.930,47.071,0.172
20000,5000,175.013,47.983,0.170
20000,5000,149.141,62.125,0.171
20000,5000,178.397,48.455,0.172
20000,5000,131.956,46.509,0.171
20000,5000,200.136,63.815,0.170
20000,5000,130.572,47.460,0.171
20000,5000,132.852,48.128,0.171
20000,5000,209.836,62.006,0.171
20000,5000,130.886,49.337,0.172
20000,5000,198.765,63.649,0.171
20000,5000,130.526,47.038,0.171
20000,5000,128.636,47.021,0.171
20000,5000,204.477,58.399,0.170
20000,5000,134.964,49.233,0.170
20000,5000,202.324,62.852,0.170
20000,5000,135.210,49.608,0.171
20000,5000,132.679,48.959,0.171
20000,5000,194.586,67.007,0.171
20000,5000,132.943,48.162,0.171
20000,5000,131.846,48.343,0.171
20000,5000,208.843,60.435,0.171
20000,5000,133.759,50.067,0.171
20000,5000,205.920,63.904,0.171
20000,5000,129.645,48.011,0.171
20000,5000,136.540,49.630,0.171
20000,5000,207.163,65.291,0.171
20000,5000,132.535,50.454,0.171
20000,5000,199.492,64.652,0.170
20000,5000,129.221,47.765,0.171
20000,5000,205.265,65.210,0.170
20000,5000,130.155,48.027,0.170
20000,5000,129.839,47.927,0.171
20000,5000,212.829,64.537,0.171
20000,5000,133.014,50.300,0.171
20000,5000,206.467,68.105,0.171
20000,5000,137.025,49.759,0.172
20000,5000,132.677,48.696,0.171
20000,5000,207.763,60.237,0.171
20000,5000,134.760,51.030,0.171
20000,5000,203.030,65.274,0.171
20000,5000,132.387,47.015,0.170
20000,5000,132.765,48.091,0.171
20000,5000,197.729,66.038,0.170
20000,5000,133.888,48.361,0.170
20000,5000,183.550,48.498,0.171
20000,5000,152.004,39.680,0.170
20000,5000,183.231,48.822,0.171
20000,5000,132.567,48.175,0.171
20000,5000,204.922,41.317,0.171
20000,5000,139.396,48.490,0.172
20000,5000,135.809,50.455,0.172
20000,5000,196.667,69.140,0.170
20000,5000,131.932,48.096,0.170
20000,5000,178.607,47.544,0.170
20000,5000,159.442,67.120,0.171
20000,5000,180.522,50.304,0.171
20000,5000,131.528,47.047,0.170
20000,5000,205.181,65.792,0.170
20000,5000,130.577,47.297,0.171
20000,5000,131.062,46.915,0.171
20000,5000,204.946,59.534,0.171
20000,5000,134.734,49.493,0.171
20000,5000,200.324,64.701,0.171
20000,5000,128.843,47.126,0.170
20000,5000,149.508,53.668,0.171
20000,5000,189.088,43.119,0.171
20000,5000,132.459,50.542,0.172
20000,5000,207.493,67.070,0.171
20000,5000,133.873,47.867,0.171
20000,5000,131.925,48.467,0.171
20000,5000,195.035,66.236,0.171
20000,5000,131.237,48.922,0.171
20000,5000,198.859,52.275,0.171
20000,5000,134.250,49.168,0.171
20000,5000,179.724,48.644,0.171
20000,5000,153.971,62.273,0.171
20000,5000,182.836,48.293,0.171
20000,5000,144.649,45.958,0.172
20000,5000,168.932,49.644,0.171
20000,5000,135.399,52.204,0.171
20000,5000,194.572,62.260,0.171
20000,5000,129.338,46.611,0.171
20000,5000,199.679,64.037,0.171
20000,5000,128.469,47.014,0.171
20000,5000,148.161,55.197,0.169
20000,5000,189.276,46.355,0.171
20000,5000,130.720,45.972,0.170
20000,5000,200.359,64.728,0.170
20000,5000,129.795,48.339,0.171
20000,5000,200.529,63.893,0.170
20000,5000,131.475,47.139,0.171
20000,5000,133.258,49.257,0.171
20000,5000,207.735,60.240,0.172
20000,5000,129.732,49.340,0.170
20000,5000,178.224,47.583,0.171
20000,5000,148.714,61.174,0.171
20000,5000,174.375,49.254,0.171
20000,5000,132.985,45.203,0.171
20000,5000,201.846,68.039,0.171
20000,5000,135.724,47.841,0.171
20000,5000,130.131,47.549,0.171
20000,5000,185.650,42.155,0.171
20000,5000,152.254,65.015,0.171
20000,5000,183.293,48.916,0.171
20000,5000,154.248,40.632,0.171
20000,5000,180.926,48.874,0.171
20000,5000,139.035,52.300,0.171
20000,5000,205.132,67.157,0.171
20000,5000,130.465,47.533,0.171
20000,5000,133.835,48.612,0.171
20000,5000,208.000,60.087,0.171
20000,5000,136.424,50.962,0.170
20000,5000,195.531,47.164,0.170
20000,5000,146.364,61.304,0.171
20000,5000,129.471,47.541,0.171
20000,5000,194.740,65.058,0.171
20000,5000,132.354,47.967,0.171
20000,5000,199.257,50.457,0.171
20000,5000,137.816,48.274,0.171
20000,5000,181.309,49.198,0.171
20000,5000,138.841,40.120,0.171
20000,5000,199.827,63.114,0.171
20000,5000,130.504,48.183,0.170
20000,5000,209.614,63.352,0.170
20000,5000,127.670,46.135,0.171
20000,5000,132.140,47.680,0.170
20000,5000,204.396,58.341,0.171
20000,5000,135.525,50.113,0.171
20000,5000,201.161,64.231,0.172
20000,5000,128.928,47.362,0.171
20000,5000,132.285,48.007,0.171
20000,5000,207.239,56.190,0.171
20000,5000,131.638,48.861,0.171
20000,5000,180.018,47.584,0.172
20000,5000,158.731,63.797,0.170
20000,5000,180.367,52.175,0.171
20000,5000,143.073,47.825,0.170
20000,5000,183.086,48.519,0.170
20000,5000,133.426,48.485,0.170
20000,5000,204.576,65.831,0.171
20000,5000,139.896,49.838,0.172
20000,5000,146.800,47.480,0.172
20000,5000,190.017,46.590,0.171
20000,5000,134.604,50.804,0.171
20000,5000,203.882,65.244,0.172
20000,5000,130.833,48.112,0.171
20000,5000,132.866,47.436,0.172
20000,5000,196.164,65.352,0.172
20000,5000,134.507,47.744,0.171
20000,5000,181.264,48.020,0.170
20000,5000,152.084,61.858,0.172
20000,5000,186.511,48.241,0.171
20000,5000,130.600,47.431,0.171
20000,5000,204.873,43.145,0.170
20000,5000,142.758,49.656,0.170
20000,5000,139.373,53.080,0.170
20000,5000,204.133,68.996,0.171
20000,5000,139.356,49.857,0.172
20000,5000,184.927,50.086,0.171
20000,5000,155.366,65.044,0.171
20000,5000,177.880,47.642,0.171
20000,5000,130.579,46.934,0.171
20000,5000,203.596,67.085,0.170
20000,5000,128.219,46.362,0.170
20000,5000,129.514,46.752,0.170
20000,5000,207.423,59.145,0.171
20000,5000,130.061,48.831,0.171
20000,5000,200.885,64.907,0.170
20000,7000,177.635,63.809,0.171
20000,7000,229.302,69.314,0.171
20000,7000,185.328,64.083,0.171
20000,7000,219.637,65.881,0.171
20000,7000,183.873,62.471,0.170
20000,7000,212.540,64.273,0.171
20000,7000,191.636,80.392,0.171
20000,7000,229.465,64.678,0.171
20000,7000,187.311,63.994,0.171
20000,7000,218.901,65.051,0.171
20000,7000,184.164,69.394,0.171
20000,7000,234.808,67.561,0.170
20000,7000,173.376,64.582,0.171
20000,7000,242.519,83.132,0.171
20000,7000,182.305,69.340,0.170
20000,7000,235.179,65.875,0.171
20000,7000,172.475,64.248,0.171
20000,7000,241.494,83.888,0.171
20000,7000,188.995,61.883,0.663
20000,7000,222.601,65.729,0.171
20000,7000,187.225,63.314,0.172
20000,7000,227.233,66.973,0.168
20000,7000,192.599,65.534,0.475
20000,7000,222.173,64.995,0.178
20000,7000,185.649,62.986,0.168
20000,7000,219.542,64.605,0.175
20000,7000,195.934,81.610,0.170
20000,7000,229.736,65.131,0.168
20000,7000,174.907,64.403,0.168
20000,7000,229.987,64.175,0.170
20000,7000,173.657,62.254,0.171
20000,7000,227.180,70.306,0.171
20000,7000,182.542,62.782,0.173
20000,7000,221.057,64.330,0.171
20000,7000,182.141,68.152,0.170
20000,7000,232.311,64.424,0.170
20000,7000,174.385,63.127,0.171
20000,7000,228.081,64.392,0.170
20000,7000,190.404,64.001,0.171
20000,7000,220.038,66.072,0.171
20000,7000,197.436,62.562,0.171
20000,7000,225.008,70.423,0.170
20000,7000,180.434,68.166,0.169
20000,7000,234.511,65.508,0.169
20000,7000,174.887,64.111,0.170
20000,7000,233.496,73.749,0.171
20000,7000,171.720,63.125,0.172
20000,7000,234.904,82.028,0.171
20000,7000,187.713,62.383,0.171
20000,7000,220.015,66.143,0.171
20000,7000,183.828,63.147,0.171
20000,7000,233.372,64.758,0.171
20000,7000,179.824,64.343,0.170
20000,7000,227.475,64.034,0.171
20000,7000,195.962,66.800,0.169
20000,7000,223.875,66.483,0.172
20000,7000,192.894,64.382,0.171
20000,7000,228.293,68.225,0.171
20000,7000,186.617,65.568,0.170
20000,7000,221.672,65.946,0.166
20000,7000,185.601,64.921,0.164
20000,7000,224.523,66.628,0.165
20000,7000,189.156,70.611,0.165
20000,7000,237.177,67.803,0.166
20000,7000,183.482,67.154,0.164
20000,7000,238.008,67.616,0.164
20000,7000,179.094,66.145,0.164
20000,7000,233.424,67.371,0.165
20000,7000,192.539,66.666,0.165
20000,7000,222.547,68.174,0.168
20000,7000,192.913,63.998,0.203
20000,7000,249.857,76.691,0.217
20000,7000,232.305,101.475,0.165
20000,7000,241.291,72.241,0.168
20000,7000,176.507,64.926,0.164
20000,7000,231.824,72.468,0.165
20000,7000,190.764,66.481,0.165
20000,7000,223.901,68.942,0.165
20000,7000,187.107,65.088,0.164
20000,7000,227.398,65.952,0.165
20000,7000,185.117,71.110,0.166
20000,7000,235.966,70.293,0.172
20000,7000,171.950,64.419,0.170
20000,7000,235.042,80.718,0.170
20000,7000,181.556,62.441,0.171
20000,7000,218.601,63.960,0.170
20000,7000,180.399,63.777,0.170
20000,7000,214.273,65.248,0.170
20000,7000,190.282,78.643,0.170
20000,7000,226.966,64.007,0.171
20000,7000,169.593,61.988,0.169
20000,7000,228.157,70.968,0.169
20000,7000,182.920,63.324,0.171
20000,7000,218.020,64.205,0.171
20000,7000,180.574,61.502,0.171
20000,7000,219.919,64.216,0.171
20000,7000,181.156,62.014,0.171
20000,7000,219.721,65.194,0.169
20000,7000,180.259,62.368,0.169
20000,7000,215.592,63.921,0.168
20000,7000,189.752,78.609,0.171
20000,7000,228.958,64.668,0.169
20000,7000,175.645,63.911,0.170
20000,7000,228.213,64.432,0.172
20000,7000,168.683,62.127,0.169
20000,7000,219.967,66.821,0.170
20000,7000,183.478,63.817,0.168
20000,7000,219.955,66.059,0.169
20000,7000,179.319,68.707,0.172
20000,7000,229.792,65.099,0.170
20000,7000,166.736,62.442,0.171
20000,7000,239.266,82.728,0.170
20000,7000,182.519,62.305,0.172
20000,7000,217.216,64.899,0.169
20000,7000,181.603,63.025,0.170
20000,7000,217.541,65.374,0.171
20000,7000,190.322,78.901,0.170
20000,7000,228.778,66.101,0.169
20000,7000,170.949,62.317,0.171
20000,7000,225.474,69.767,0.171
20000,7000,182.955,63.688,0.169
20000,7000,227.796,75.455,0.171
20000,7000,189.771,79.126,0.169
20000,7000,231.922,63.871,0.169
20000,7000,171.372,63.828,0.171
20000,7000,237.481,82.383,0.171
20000,7000,183.501,61.399,0.171
20000,7000,217.852,64.568,0.169
20000,7000,181.539,69.027,0.166
20000,7000,236.335,66.102,0.172
20000,7000,181.673,65.974,0.172
20000,7000,230.835,65.844,0.169
20000,7000,173.940,62.673,0.169
20000,7000,233.149,63.961,0.171
20000,7000,174.812,65.805,0.171
20000,7000,228.615,64.589,0.172
20000,7000,175.358,62.812,0.169
20000,7000,228.204,64.054,0.171
20000,7000,165.180,62.537,0.170
20000,7000,230.821,80.762,0.169
20000,7000,183.301,63.238,0.168
20000,7000,216.920,64.005,0.169
20000,7000,179.370,61.767,0.171
20000,7000,215.758,64.752,0.172
20000,7000,189.037,79.325,0.170
20000,7000,229.377,64.811,0.170
20000,7000,172.657,64.000,0.171
20000,7000,224.640,69.761,0.169
20000,7000,182.000,62.609,0.171
20000,7000,215.383,64.727,0.168
20000,7000,179.236,68.028,0.170
20000,7000,230.109,66.100,0.172
20000,7000,172.941,62.998,0.172
20000,7000,229.897,64.795,0.170
20000,7000,167.750,62.073,0.169
20000,7000,224.704,68.169,0.205
20000,7000,185.221,63.427,0.199
20000,7000,230.161,65.621,0.211
20000,7000,192.597,66.597,0.189
20000,7000,226.728,65.988,0.192
20000,7000,190.616,65.517,0.210
20000,7000,222.836,67.325,0.182
20000,7000,204.984,84.494,0.170
20000,7000,247.113,72.708,0.169
20000,7000,175.174,64.619,0.170
20000,7000,231.054,71.524,0.170
20000,7000,186.944,65.946,0.170
20000,7000,222.326,67.084,0.171
20000,7000,183.203,68.456,0.172
20000,7000,227.618,65.122,0.171
20000,7000,193.816,80.554,0.171
20000,7000,217.190,64.237,0.170
20000,7000,194.924,80.121,0.172
20000,7000,238.409,66.186,0.171
20000,7000,181.875,67.296,0.170
20000,7000,253.898,70.584,0.171
20000,7000,179.848,65.098,0.172
20000,7000,231.658,65.913,0.172
20000,7000,180.416,64.020,0.171
20000,7000,245.345,84.193,0.171
20000,7000,187.357,63.109,0.172
20000,7000,229.496,65.780,0.172
20000,7000,186.933,65.085,0.173
20000,7000,240.279,66.700,0.171
20000,7000,182.901,67.433,0.171
20000,7000,237.089,78.046,0.171
20000,7000,186.535,63.286,0.170
20000,7000,223.150,66.356,0.171
20000,7000,184.917,63.076,0.171
20000,7000,226.105,67.309,0.171
20000,7000,182.092,68.539,0.171
20000,7000,235.683,65.947,0.171
20000,7000,179.966,64.233,0.171
20000,7000,242.522,76.237,0.170
20000,7000,201.298,69.748,0.170
20000,7000,224.999,69.173,0.171
20000,7000,183.983,70.495,0.172
20000,7000,233.205,67.160,0.170
20000,7000,178.250,64.495,0.170
20000,7000,245.359,72.531,0.171
20000,7000,190.323,63.266,0.170
20000,7000,248.441,68.346,0.170
20000,7000,205.328,76.559,0.172
20000,7000,217.990,67.381,0.171
20000,7000,194.447,81.042,0.171
20000,7000,233.837,66.271,0.171
20000,7000,187.051,66.796,0.174
20000,7000,235.048,65.771,0.171
20000,7000,186.476,66.106,0.170
20000,7000,236.111,65.628,0.171
20000,7000,177.645,66.759,0.170
20000,7000,231.529,64.910,0.174
20000,7000,174.323,64.102,0.171
20000,7000,238.028,82.728,0.170
20000,7000,184.786,62.656,0.171
20000,7000,223.074,65.728,0.171
20000,7000,187.402,63.933,0.170
20000,7000,223.512,65.528,0.172
20000,7000,183.632,69.511,0.170
20000,7000,231.578,66.100,0.171
20000,7000,176.892,63.957,0.171
20000,7000,231.014,66.332,0.171
20000,7000,191.599,64.412,0.171
20000,7000,224.383,68.901,0.171
20000,7000,184.670,62.504,0.171
20000,7000,239.600,69.994,0.171
20000,7000,199.360,84.894,0.170
20000,7000,232.137,65.871,0.170
20000,7000,172.086,62.050,0.171
20000,7000,228.294,71.254,0.172
20000,7000,189.518,64.897,0.170
20000,7000,223.066,65.481,0.171
20000,7000,190.862,75.232,0.171
20000,7000,236.084,69.150,0.171
20000,7000,174.549,62.791,0.171
20000,7000,230.870,72.586,0.171
20000,7000,194.528,65.221,0.170
20000,7000,225.647,69.012,0.170
20000,7000,184.671,63.946,0.172
20000,7000,243.307,66.629,0.171
20000,7000,186.533,69.389,0.170
20000,7000,240.677,70.723,0.171
20000,7000,170.626,64.296,0.171
20000,7000,243.918,85.113,0.171
20000,7000,186.686,62.350,0.172
20000,7000,221.358,68.049,0.171
20000,7000,196.499,64.797,0.171
20000,7000,226.402,69.915,0.172
20000,7000,193.522,65.389,0.172
20000,7000,221.430,65.091,0.171
20000,7000,189.011,63.960,0.170
20000,7000,219.626,68.637,0.171
20000,7000,196.340,83.606,0.172
20000,7000,244.697,70.709,0.171
20000,7000,179.043,65.419,0.171
20000,7000,241.680,68.602,0.171
20000,7000,178.325,66.786,0.170
20000,7000,241.966,88.161,0.172
20000,7000,188.394,64.529,0.171
20000,7000,225.307,67.427,0.172
20000,7000,201.547,85.586,0.171
20000,7000,246.359,68.390,0.171
20000,7000,181.304,66.366,0.171
20000,7000,232.228,72.262,0.171
20000,7000,174.557,67.610,0.171
20000,7000,248.310,87.430,0.171
20000,7000,196.386,65.503,0.171
20000,7000,224.606,66.607,0.171
20000,7000,197.613,80.537,0.171
20000,7000,252.260,67.542,0.171
20000,7000,182.400,66.276,0.173
20000,7000,230.926,66.258,0.171
20000,7000,185.527,65.236,0.171
20000,7000,244.389,88.113,0.171
20000,7000,187.514,64.585,0.171
20000,7000,228.090,65.056,0.171
20000,7000,184.757,70.350,0.172
20000,7000,235.061,66.518,0.170
20000,7000,180.051,66.426,0.171
20000,7000,229.815,71.644,0.171
20000,7000,190.171,64.696,0.171
20000,7000,222.945,67.201,0.172
20000,7000,185.547,63.527,0.171
20000,7000,236.359,67.612,0.171
20000,7000,187.281,63.772,0.171
20000,7000,232.376,66.407,0.171
20000,7000,182.805,62.628,0.171
20000,7000,222.403,64.649,0.171
20000,7000,199.306,84.008,0.171
20000,7000,234.566,65.747,0.174
20000,7000,179.841,65.302,0.172
20000,7000,230.760,64.916,0.170
20000,7000,177.015,63.562,0.171
20000,7000,228.837,70.982,0.172
20000,7000,200.038,67.713,0.172
20000,7000,230.202,68.483,0.170
20000,7000,190.029,73.516,0.171
20000,7000,232.529,66.834,0.171
20000,7000,177.231,62.968,0.171
20000,7000,229.838,69.094,0.171
20000,10000,268.272,87.735,0.168
20000,10000,283.520,95.969,0.170
20000,10000,251.041,99.266,0.172
20000,10000,282.299,95.122,0.171
20000,10000,294.337,101.240,0.170
20000,10000,251.172,98.217,0.170
20000,10000,299.570,145.078,0.172
20000,10000,272.476,80.654,0.171
20000,10000,246.859,98.712,0.173
20000,10000,304.601,108.620,0.170
20000,10000,249.078,90.787,0.172
20000,10000,291.707,138.274,0.172
20000,10000,288.833,73.487,0.171
20000,10000,275.574,82.362,0.170
20000,10000,258.226,107.017,0.171
20000,10000,294.707,102.387,0.171
20000,10000,282.777,85.869,0.171
20000,10000,239.679,86.411,0.171
20000,10000,284.617,72.196,0.171
20000,10000,273.212,79.840,0.171
20000,10000,256.930,100.318,0.171
20000,10000,288.642,106.019,0.170
20000,10000,293.936,98.437,0.172
20000,10000,243.043,96.678,0.171
20000,10000,314.519,107.333,0.171
20000,10000,290.536,81.717,0.172
20000,10000,224.033,78.488,0.170
20000,10000,292.620,101.109,0.171
20000,10000,227.659,80.415,0.171
20000,10000,288.649,104.566,0.171
20000,10000,296.153,96.605,0.173
20000,10000,242.600,78.903,0.171
20000,10000,278.070,87.973,0.171
20000,10000,291.903,98.403,0.171
20000,10000,260.681,102.990,0.171
20000,10000,301.413,110.174,0.171
20000,10000,305.609,80.230,0.171
20000,10000,327.623,126.854,0.467
20000,10000,262.187,103.457,0.169
20000,10000,326.756,113.469,0.168
20000,10000,296.360,96.313,0.171
20000,10000,228.004,78.540,0.171
20000,10000,292.723,108.701,0.172
20000,10000,294.181,100.407,0.169
20000,10000,245.251,96.692,0.170
20000,10000,299.242,143.604,0.170
20000,10000,289.495,88.384,0.171
20000,10000,242.417,72.338,0.171
20000,10000,274.501,89.657,0.171
20000,10000,292.855,98.282,0.169
20000,10000,242.991,96.631,0.170
20000,10000,298.113,99.011,0.170
20000,10000,267.300,76.831,0.171
20000,10000,247.588,96.332,0.171
20000,10000,297.640,116.824,0.172
20000,10000,294.764,83.012,0.171
20000,10000,254.666,101.856,0.171
20000,10000,296.113,132.056,0.171
20000,10000,282.856,69.550,0.171
20000,10000,226.168,80.439,0.172
20000,10000,291.115,103.579,0.170
20000,10000,292.779,95.623,0.172
20000,10000,243.199,90.345,0.170
20000,10000,287.211,72.710,0.170
20000,10000,268.871,78.947,0.171
20000,10000,246.628,97.972,0.171
20000,10000,291.483,102.166,0.172
20000,10000,285.926,71.800,0.170
20000,10000,223.216,79.260,0.171
20000,10000,289.503,104.957,0.170
20000,10000,282.087,94.361,0.171
20000,10000,248.587,98.875,0.171
20000,10000,292.277,106.217,0.172
20000,10000,290.834,71.111,0.171
20000,10000,226.362,80.420,0.170
20000,10000,294.500,105.528,0.171
20000,10000,288.130,95.412,0.171
20000,10000,257.142,98.229,0.171
20000,10000,274.339,85.932,0.171
20000,10000,290.388,95.463,0.171
20000,10000,255.365,84.563,0.170
20000,10000,280.107,86.837,0.170
20000,10000,300.425,105.455,0.169
20000,10000,251.722,98.530,0.171
20000,10000,268.215,73.212,0.172
20000,10000,289.517,95.584,0.171
20000,10000,250.446,97.218,0.171
20000,10000,289.828,105.063,0.172
20000,10000,224.999,78.789,0.170
20000,10000,293.577,149.614,0.170
20000,10000,291.134,101.752,0.171
20000,10000,302.935,101.022,0.436
20000,10000,248.829,75.120,0.181
20000,10000,268.124,89.713,0.168
20000,10000,284.343,94.597,0.169
20000,10000,246.237,98.339,0.169
20000,10000,291.695,101.939,0.169
20000,10000,240.147,84.250,0.169
20000,10000,287.749,137.296,0.170
20000,10000,278.081,71.140,0.170
20000,10000,271.673,78.591,0.171
20000,10000,244.621,96.524,0.171
20000,10000,287.392,102.766,0.169
20000,10000,289.450,94.273,0.171
20000,10000,225.475,70.112,0.170
20000,10000,292.985,101.366,0.170
20000,10000,300.041,97.233,0.169
20000,10000,223.792,70.709,0.171
20000,10000,300.268,113.713,0.172
20000,10000,289.684,95.351,0.172
20000,10000,246.464,80.309,0.172
20000,10000,267.836,86.940,0.171
20000,10000,278.332,94.168,0.171
20000,10000,248.397,96.367,0.170
20000,10000,281.518,90.084,0.171
20000,10000,283.964,72.619,0.171
20000,10000,225.217,80.194,0.171
20000,10000,289.494,103.105,0.168
20000,10000,292.076,96.606,0.171
20000,10000,243.693,73.143,0.171
20000,10000,264.491,88.383,0.170
20000,10000,287.848,97.055,0.170
20000,10000,252.082,96.251,0.170
20000,10000,298.340,127.480,0.171
20000,10000,269.896,79.453,0.171
20000,10000,247.032,100.650,0.171
20000,10000,292.146,102.793,0.169
20000,10000,282.827,85.814,0.171
20000,10000,246.058,73.397,0.171
20000,10000,272.192,87.698,0.171
20000,10000,290.325,95.574,0.171
20000,10000,253.459,82.356,0.171
20000,10000,268.353,87.038,0.170
20000,10000,291.558,97.122,0.171
20000,10000,244.625,81.482,0.170
20000,10000,271.194,87.775,0.171
20000,10000,288.716,95.474,0.171
20000,10000,251.077,98.276,0.171
20000,10000,280.083,88.419,0.171
20000,10000,265.822,78.694,0.171
20000,10000,242.227,97.805,0.170
20000,10000,288.757,102.844,0.171
20000,10000,242.711,85.083,0.171
20000,10000,297.133,127.635,0.171
20000,10000,265.762,88.519,0.170
20000,10000,287.604,97.753,0.171
20000,10000,246.691,96.256,0.171
20000,10000,299.950,145.987,0.171
20000,10000,284.033,91.449,0.171
20000,10000,236.956,69.564,0.171
20000,10000,270.434,89.502,0.171
20000,10000,289.052,95.857,0.170
20000,10000,247.367,97.621,0.171
20000,10000,293.906,108.594,0.171
20000,10000,281.219,69.944,0.171
20000,10000,223.065,71.620,0.172
20000,10000,285.316,102.901,0.171
20000,10000,288.602,93.925,0.172
20000,10000,221.818,77.804,0.170
20000,10000,289.931,99.605,0.170
20000,10000,237.351,75.842,0.170
20000,10000,273.780,131.820,0.171
20000,10000,285.508,98.932,0.170
20000,10000,291.524,97.071,0.170
20000,10000,240.000,70.010,0.170
20000,10000,273.005,89.084,0.171
20000,10000,287.008,95.057,0.171
20000,10000,243.033,94.503,0.171
20000,10000,290.421,104.748,0.171
20000,10000,266.733,69.150,0.171
20000,10000,243.398,97.045,0.171
20000,10000,285.978,99.815,0.171
20000,10000,238.557,82.125,0.170
20000,10000,287.816,137.125,0.171
20000,10000,264.065,87.887,0.170
20000,10000,286.729,96.311,0.170
20000,10000,245.864,95.812,0.171
20000,10000,280.644,98.906,0.170
20000,10000,286.613,77.569,0.184
20000,10000,225.160,81.415,0.170
20000,10000,286.745,101.847,0.171
20000,10000,288.338,96.149,0.171
20000,10000,253.610,96.597,0.171
20000,10000,266.185,87.309,0.171
20000,10000,283.858,95.290,0.170
20000,10000,257.084,96.788,0.170
20000,10000,265.026,86.014,0.170
20000,10000,287.390,95.479,0.346
20000,10000,251.840,98.080,0.169
20000,10000,284.320,72.738,0.172
20000,10000,270.462,77.120,0.168
20000,10000,279.999,109.655,0.168
20000,10000,300.052,131.036,0.170
20000,10000,299.957,76.663,0.168
20000,10000,245.873,72.164,0.169
20000,10000,294.576,94.871,0.170
20000,10000,293.754,96.268,0.171
20000,10000,241.445,85.713,0.169
20000,10000,304.266,96.239,0.171
20000,10000,278.790,82.436,0.171
20000,10000,246.089,97.522,0.169
20000,10000,295.204,104.032,0.170
20000,10000,286.358,80.585,0.170
20000,10000,228.986,80.688,0.171
20000,10000,315.820,106.803,0.171
20000,10000,322.153,120.948,0.171
20000,10000,247.947,90.024,0.172
20000,10000,291.524,92.708,0.171
20000,10000,279.895,80.306,0.170
20000,10000,268.690,106.031,0.171
20000,10000,298.494,98.235,0.172
20000,10000,279.965,82.200,0.171
20000,10000,254.267,100.628,0.171
20000,10000,289.689,75.326,0.168
20000,10000,271.510,78.910,0.170
20000,10000,252.705,105.771,0.171
20000,10000,296.317,99.162,0.172
20000,10000,295.398,73.989,0.171
20000,10000,231.982,80.425,0.171
20000,10000,299.172,110.247,0.171
20000,10000,291.560,99.492,0.170
20000,10000,260.807,99.780,0.171
20000,10000,299.522,133.376,0.172
20000,10000,292.934,72.290,0.171
20000,10000,235.770,84.052,0.171
20000,10000,296.766,106.837,0.171
20000,10000,243.845,95.094,0.171
20000,10000,291.093,130.183,0.170
20000,10000,309.917,92.627,0.170
20000,10000,226.612,82.058,0.170
20000,10000,304.800,157.004,0.171
20000,10000,287.957,98.095,0.171
20000,10000,247.286,84.422,0.171
20000,10000,289.040,140.607,0.170
20000,10000,265.375,86.965,0.171
20000,10000,290.654,98.748,0.170
20000,10000,253.621,98.451,0.171
20000,10000,281.125,91.847,0.170
20000,10000,299.988,103.133,0.171
20000,10000,252.021,98.141,0.170
20000,10000,283.542,70.954,0.172
20000,10000,279.576,80.853,0.171
20000,10000,270.114,104.460,0.170
20000,10000,295.296,107.088,0.171
20000,10000,269.771,78.681,0.171
20000,10000,243.348,97.312,0.171
20000,10000,298.577,106.263,0.171
20000,10000,290.168,96.267,0.170
20000,10000,243.561,80.853,0.172
20000,10000,268.646,89.313,0.170
20000,10000,305.290,100.288,0.170
20000,10000,251.621,98.011,0.172
20000,10000,310.499,116.965,0.171
20000,10000,283.205,71.130,0.170
20000,10000,229.978,79.515,0.173
20000,10000,296.588,101.123,0.171
20000,10000,250.724,88.172,0.172
20000,10000,277.312,93.320,0.171
20000,10000,292.500,96.238,0.171
20000,10000,251.122,102.303,0.171
20000,10000,311.424,107.894,0.171
20000,10000,256.217,85.261,0.171
20000,10000,279.969,90.027,0.171
20000,10000,303.741,99.971,0.170
20000,10000,234.065,82.554,0.170
20000,10000,294.787,105.479,0.171
20000,10000,256.459,96.112,0.171
20000,10000,301.585,98.281,0.171
20000,10000,279.628,85.856,0.171
20000,10000,249.447,99.090,0.171
20000,10000,309.057,102.619,0.170
20000,10000,300.035,71.763,0.170
20000,10000,233.579,82.790,0.172
20000,10000,294.097,106.469,0.171
20000,10000,312.363,98.169,0.170
20000,10000,261.522,105.865,0.171
20000,10000,321.269,77.939,0.172
20000,10000,277.098,82.219,0.171
20000,10000,248.644,98.974,0.171
20000,10000,292.244,105.142,0.171
20000,10000,291.982,94.823,0.171
20000,10000,251.210,99.356,0.171
20000,10000,287.022,90.762,0.170
20000,10000,288.825,88.043,0.170
20000,10000,225.049,79.688,0.172
20000,10000,290.089,106.387,0.171
20000,10000,292.105,98.432,0.171
20000,10000,252.670,96.760,0.170
20000,10000,280.518,91.292,0.171
20000,10000,287.098,97.087,0.170
20000,10000,254.969,98.500,0.171
20000,10000,277.396,91.338,0.170
20000,10000,293.243,97.278,0.171
20000,10000,254.659,99.367,0.170
20000,10000,286.123,92.577,0.174
20000,10000,270.400,79.356,0.171
20000,10000,245.923,99.139,0.170
20000,10000,291.101,103.870,0.171
20000,10000,238.650,84.449,0.170
20000,10000,300.330,141.257,0.171
